Location,Latitude,Longitude,Timestamp,Datetime,Year,Month,Day,Hour,T2M,RH2M,WS10M,WS50M,CLOUD_AMT,ALLSKY_SFC_SW_DWN,SZA
Karnali_Center,29.267,82.183,2025010100,2025-01-01 00:00:00,2025,1,1,0,-0.03,38.34,2.06,2.24,38.43,0.0,90.0
Karnali_Center,29.267,82.183,2025010101,2025-01-01 01:00:00,2025,1,1,1,-0.05,37.63,2.09,2.26,7.45,0.0,90.0
Karnali_Center,29.267,82.183,2025010102,2025-01-01 02:00:00,2025,1,1,2,-0.18,36.87,2.18,2.34,27.89,0.0,90.0
Karnali_Center,29.267,82.183,2025010103,2025-01-01 03:00:00,2025,1,1,3,-0.21,35.98,2.19,2.34,34.65,0.0,90.0
Karnali_Center,29.267,82.183,2025010104,2025-01-01 04:00:00,2025,1,1,4,-0.21,35.02,2.18,2.33,34.69,0.0,90.0
Karnali_Center,29.267,82.183,2025010105,2025-01-01 05:00:00,2025,1,1,5,-0.29,34.48,2.24,2.37,35.27,0.0,90.0
Karnali_Center,29.267,82.183,2025010106,2025-01-01 06:00:00,2025,1,1,6,-0.1,34.34,2.26,2.39,39.21,13.93,88.46
Karnali_Center,29.267,82.183,2025010107,2025-01-01 07:00:00,2025,1,1,7,2.67,49.02,1.86,2.24,39.57,160.23,78.66
Karnali_Center,29.267,82.183,2025010108,2025-01-01 08:00:00,2025,1,1,8,7.02,25.73,1.69,1.58,47.74,308.08,68.66
Karnali_Center,29.267,82.183,2025010109,2025-01-01 09:00:00,2025,1,1,9,10.24,19.21,1.21,1.0,49.37,454.42,60.43
Karnali_Center,29.267,82.183,2025010110,2025-01-01 10:00:00,2025,1,1,10,11.79,17.91,2.11,1.67,51.99,557.78,54.81
Karnali_Center,29.267,82.183,2025010111,2025-01-01 11:00:00,2025,1,1,11,12.62,17.89,3.03,2.52,54.41,594.03,52.64
Karnali_Center,29.267,82.183,2025010112,2025-01-01 12:00:00,2025,1,1,12,12.8,18.91,3.84,3.27,55.34,559.85,54.35
Karnali_Center,29.267,82.183,2025010113,2025-01-01 13:00:00,2025,1,1,13,12.32,20.96,4.2,3.63,45.47,476.02,59.59
Karnali_Center,29.267,82.183,2025010114,2025-01-01 14:00:00,2025,1,1,14,11.12,24.43,3.97,3.49,43.8,325.08,67.55
Karnali_Center,29.267,82.183,2025010115,2025-01-01 15:00:00,2025,1,1,15,8.84,33.44,2.82,2.88,31.06,186.05,77.38
Karnali_Center,29.267,82.183,2025010116,2025-01-01 16:00:00,2025,1,1,16,4.54,53.57,1.68,2.12,27.14,22.88,87.67
Karnali_Center,29.267,82.183,2025010117,2025-01-01 17:00:00,2025,1,1,17,3.27,52.07,1.06,1.35,22.69,0.0,90.0
Karnali_Center,29.267,82.183,2025010118,2025-01-01 18:00:00,2025,1,1,18,2.23,55.15,1.08,1.25,25.58,0.0,90.0
Karnali_Center,29.267,82.183,2025010119,2025-01-01 19:00:00,2025,1,1,19,1.29,55.93,1.73,1.9,31.01,0.0,90.0
Karnali_Center,29.267,82.183,2025010120,2025-01-01 20:00:00,2025,1,1,20,0.67,53.82,2.1,2.26,37.13,0.0,90.0
Karnali_Center,29.267,82.183,2025010121,2025-01-01 21:00:00,2025,1,1,21,0.41,50.06,2.24,2.39,35.83,0.0,90.0
Karnali_Center,29.267,82.183,2025010122,2025-01-01 22:00:00,2025,1,1,22,0.2,46.52,2.37,2.49,37.66,0.0,90.0
Karnali_Center,29.267,82.183,2025010123,2025-01-01 23:00:00,2025,1,1,23,0.01,43.56,2.51,2.61,37.08,0.0,90.0
Karnali_Center,29.267,82.183,2025010200,2025-01-02 00:00:00,2025,1,2,0,-0.19,41.76,2.65,2.72,32.61,0.0,90.0
Karnali_Center,29.267,82.183,2025010201,2025-01-02 01:00:00,2025,1,2,1,-0.27,39.7,2.7,2.76,4.3,0.0,90.0
Karnali_Center,29.267,82.183,2025010202,2025-01-02 02:00:00,2025,1,2,2,-0.2,38.88,2.68,2.7,28.23,0.0,90.0
Karnali_Center,29.267,82.183,2025010203,2025-01-02 03:00:00,2025,1,2,3,-0.16,37.99,2.64,2.64,47.64,0.0,90.0
Karnali_Center,29.267,82.183,2025010204,2025-01-02 04:00:00,2025,1,2,4,-0.44,38.11,2.73,2.72,38.92,0.0,90.0
Karnali_Center,29.267,82.183,2025010205,2025-01-02 05:00:00,2025,1,2,5,-0.65,38.0,2.79,2.75,45.23,0.0,90.0
Karnali_Center,29.267,82.183,2025010206,2025-01-02 06:00:00,2025,1,2,6,-0.62,38.74,2.81,2.78,47.11,14.02,88.49
Karnali_Center,29.267,82.183,2025010207,2025-01-02 07:00:00,2025,1,2,7,2.52,50.64,2.43,2.8,41.69,166.8,78.69
Karnali_Center,29.267,82.183,2025010208,2025-01-02 08:00:00,2025,1,2,8,7.48,27.01,2.97,2.54,49.67,321.83,68.66
Karnali_Center,29.267,82.183,2025010209,2025-01-02 09:00:00,2025,1,2,9,11.15,19.27,1.79,1.65,51.05,470.2,60.41
Karnali_Center,29.267,82.183,2025010210,2025-01-02 10:00:00,2025,1,2,10,13.87,14.94,1.03,0.68,52.73,576.08,54.76
Karnali_Center,29.267,82.183,2025010211,2025-01-02 11:00:00,2025,1,2,11,14.96,14.72,2.57,2.16,54.46,613.38,52.56
Karnali_Center,29.267,82.183,2025010212,2025-01-02 12:00:00,2025,1,2,12,15.17,15.58,3.51,3.03,46.83,576.35,54.24
Karnali_Center,29.267,82.183,2025010213,2025-01-02 13:00:00,2025,1,2,13,14.63,17.52,4.18,3.69,53.79,475.02,59.46
Karnali_Center,29.267,82.183,2025010214,2025-01-02 14:00:00,2025,1,2,14,13.31,21.05,4.13,3.76,48.31,328.73,67.41
Karnali_Center,29.267,82.183,2025010215,2025-01-02 15:00:00,2025,1,2,15,10.72,34.41,2.47,2.88,37.28,189.23,77.24
Karnali_Center,29.267,82.183,2025010216,2025-01-02 16:00:00,2025,1,2,16,6.83,47.6,1.53,1.9,34.38,24.2,87.58
Karnali_Center,29.267,82.183,2025010217,2025-01-02 17:00:00,2025,1,2,17,5.86,45.94,1.04,1.25,27.21,0.0,90.0
Karnali_Center,29.267,82.183,2025010218,2025-01-02 18:00:00,2025,1,2,18,5.25,47.44,1.49,1.7,28.95,0.0,90.0
Karnali_Center,29.267,82.183,2025010219,2025-01-02 19:00:00,2025,1,2,19,4.33,45.46,1.81,2.0,69.05,0.0,90.0
Karnali_Center,29.267,82.183,2025010220,2025-01-02 20:00:00,2025,1,2,20,3.85,43.44,1.92,2.1,95.59,0.0,90.0
Karnali_Center,29.267,82.183,2025010221,2025-01-02 21:00:00,2025,1,2,21,3.37,43.44,2.15,2.31,90.3,0.0,90.0
Karnali_Center,29.267,82.183,2025010222,2025-01-02 22:00:00,2025,1,2,22,3.09,43.53,2.31,2.46,73.42,0.0,90.0
Karnali_Center,29.267,82.183,2025010223,2025-01-02 23:00:00,2025,1,2,23,2.89,43.21,2.38,2.54,54.15,0.0,90.0
Karnali_Center,29.267,82.183,2025010300,2025-01-03 00:00:00,2025,1,3,0,2.74,42.72,2.43,2.58,68.51,0.0,90.0
Karnali_Center,29.267,82.183,2025010301,2025-01-03 01:00:00,2025,1,3,1,2.67,42.14,2.44,2.58,53.57,0.0,90.0
Karnali_Center,29.267,82.183,2025010302,2025-01-03 02:00:00,2025,1,3,2,2.62,41.18,2.45,2.59,77.43,0.0,90.0
Karnali_Center,29.267,82.183,2025010303,2025-01-03 03:00:00,2025,1,3,3,2.45,38.98,2.44,2.55,83.74,0.0,90.0
Karnali_Center,29.267,82.183,2025010304,2025-01-03 04:00:00,2025,1,3,4,2.3,37.33,2.42,2.49,69.62,0.0,90.0
Karnali_Center,29.267,82.183,2025010305,2025-01-03 05:00:00,2025,1,3,5,2.39,36.32,2.4,2.43,66.09,0.0,90.0
Karnali_Center,29.267,82.183,2025010306,2025-01-03 06:00:00,2025,1,3,6,2.57,35.72,2.39,2.39,67.98,11.0,88.5
Karnali_Center,29.267,82.183,2025010307,2025-01-03 07:00:00,2025,1,3,7,4.73,45.75,2.15,2.32,66.97,137.05,78.71
Karnali_Center,29.267,82.183,2025010308,2025-01-03 08:00:00,2025,1,3,8,9.16,32.98,2.13,2.05,71.78,269.27,68.66
Karnali_Center,29.267,82.183,2025010309,2025-01-03 09:00:00,2025,1,3,9,12.6,20.27,0.76,0.67,72.11,408.3,60.38
Karnali_Center,29.267,82.183,2025010310,2025-01-03 10:00:00,2025,1,3,10,14.54,17.36,1.4,1.18,74.39,496.38,54.7
Karnali_Center,29.267,82.183,2025010311,2025-01-03 11:00:00,2025,1,3,11,15.43,16.85,2.5,2.23,76.07,517.7,52.46
Karnali_Center,29.267,82.183,2025010312,2025-01-03 12:00:00,2025,1,3,12,15.76,17.0,3.07,2.77,80.45,510.5,54.12
Karnali_Center,29.267,82.183,2025010313,2025-01-03 13:00:00,2025,1,3,13,15.38,17.87,3.25,2.97,82.22,413.17,59.33
Karnali_Center,29.267,82.183,2025010314,2025-01-03 14:00:00,2025,1,3,14,14.23,20.17,2.98,2.81,70.07,295.12,67.27
Karnali_Center,29.267,82.183,2025010315,2025-01-03 15:00:00,2025,1,3,15,11.59,39.32,1.73,2.31,52.08,171.32,77.1
Karnali_Center,29.267,82.183,2025010316,2025-01-03 16:00:00,2025,1,3,16,8.77,40.54,1.28,1.63,38.99,23.42,87.49
Karnali_Center,29.267,82.183,2025010317,2025-01-03 17:00:00,2025,1,3,17,8.05,35.6,0.8,0.97,24.46,0.0,90.0
Karnali_Center,29.267,82.183,2025010318,2025-01-03 18:00:00,2025,1,3,18,6.34,39.19,1.31,1.43,17.42,0.0,90.0
Karnali_Center,29.267,82.183,2025010319,2025-01-03 19:00:00,2025,1,3,19,5.59,38.23,1.73,1.83,21.4,0.0,90.0
Karnali_Center,29.267,82.183,2025010320,2025-01-03 20:00:00,2025,1,3,20,4.67,38.17,2.05,2.13,25.54,0.0,90.0
Karnali_Center,29.267,82.183,2025010321,2025-01-03 21:00:00,2025,1,3,21,3.62,38.89,2.37,2.43,27.88,0.0,90.0
Karnali_Center,29.267,82.183,2025010322,2025-01-03 22:00:00,2025,1,3,22,2.83,38.78,2.57,2.59,26.02,0.0,90.0
Karnali_Center,29.267,82.183,2025010323,2025-01-03 23:00:00,2025,1,3,23,2.19,38.3,2.68,2.69,37.17,0.0,90.0
Karnali_Center,29.267,82.183,2025010400,2025-01-04 00:00:00,2025,1,4,0,1.58,37.79,2.8,2.77,3.95,0.0,90.0
Karnali_Center,29.267,82.183,2025010401,2025-01-04 01:00:00,2025,1,4,1,1.06,37.28,2.87,2.82,36.43,0.0,90.0
Karnali_Center,29.267,82.183,2025010402,2025-01-04 02:00:00,2025,1,4,2,0.82,36.48,2.91,2.84,24.62,0.0,90.0
Karnali_Center,29.267,82.183,2025010403,2025-01-04 03:00:00,2025,1,4,3,0.91,34.82,2.86,2.78,42.66,0.0,90.0
Karnali_Center,29.267,82.183,2025010404,2025-01-04 04:00:00,2025,1,4,4,1.07,32.84,2.79,2.73,42.09,0.0,90.0
Karnali_Center,29.267,82.183,2025010405,2025-01-04 05:00:00,2025,1,4,5,1.42,30.67,2.69,2.63,42.75,0.0,90.0
Karnali_Center,29.267,82.183,2025010406,2025-01-04 06:00:00,2025,1,4,6,1.94,29.57,2.62,2.56,44.57,12.52,88.52
Karnali_Center,29.267,82.183,2025010407,2025-01-04 07:00:00,2025,1,4,7,4.81,42.21,2.31,2.47,38.87,162.1,78.73
Karnali_Center,29.267,82.183,2025010408,2025-01-04 08:00:00,2025,1,4,8,9.98,27.86,2.33,2.22,46.93,323.1,68.66
Karnali_Center,29.267,82.183,2025010409,2025-01-04 09:00:00,2025,1,4,9,13.77,16.1,0.94,0.81,49.0,473.15,60.35
Karnali_Center,29.267,82.183,2025010410,2025-01-04 10:00:00,2025,1,4,10,16.42,13.07,2.11,1.9,50.88,584.55,54.63
Karnali_Center,29.267,82.183,2025010411,2025-01-04 11:00:00,2025,1,4,11,17.32,12.57,3.2,2.94,53.55,626.38,52.36
Karnali_Center,29.267,82.183,2025010412,2025-01-04 12:00:00,2025,1,4,12,17.48,12.72,3.73,3.48,40.02,638.72,53.99
Karnali_Center,29.267,82.183,2025010413,2025-01-04 13:00:00,2025,1,4,13,17.04,13.36,3.85,3.66,54.23,488.48,59.19
Karnali_Center,29.267,82.183,2025010414,2025-01-04 14:00:00,2025,1,4,14,15.78,15.12,3.5,3.41,46.76,347.1,67.12
Karnali_Center,29.267,82.183,2025010415,2025-01-04 15:00:00,2025,1,4,15,12.85,32.54,1.97,2.61,33.7,194.43,76.95
Karnali_Center,29.267,82.183,2025010416,2025-01-04 16:00:00,2025,1,4,16,9.44,34.38,1.24,1.58,33.19,25.15,87.39
Karnali_Center,29.267,82.183,2025010417,2025-01-04 17:00:00,2025,1,4,17,8.04,30.94,0.86,0.97,24.93,0.0,90.0
Karnali_Center,29.267,82.183,2025010418,2025-01-04 18:00:00,2025,1,4,18,6.07,34.34,1.68,1.78,22.06,0.0,90.0
Karnali_Center,29.267,82.183,2025010419,2025-01-04 19:00:00,2025,1,4,19,4.87,34.39,2.1,2.17,19.13,0.0,90.0
Karnali_Center,29.267,82.183,2025010420,2025-01-04 20:00:00,2025,1,4,20,3.94,33.99,2.26,2.31,24.23,0.0,90.0
Karnali_Center,29.267,82.183,2025010421,2025-01-04 21:00:00,2025,1,4,21,3.01,34.47,2.45,2.49,28.41,0.0,90.0
Karnali_Center,29.267,82.183,2025010422,2025-01-04 22:00:00,2025,1,4,22,2.12,34.75,2.6,2.64,30.93,0.0,90.0
Karnali_Center,29.267,82.183,2025010423,2025-01-04 23:00:00,2025,1,4,23,1.36,35.13,2.71,2.75,33.92,0.0,90.0
Karnali_Center,29.267,82.183,2025010500,2025-01-05 00:00:00,2025,1,5,0,0.84,34.65,2.78,2.82,5.47,0.0,90.0
Karnali_Center,29.267,82.183,2025010501,2025-01-05 01:00:00,2025,1,5,1,0.59,33.63,2.79,2.84,22.52,0.0,90.0
Karnali_Center,29.267,82.183,2025010502,2025-01-05 02:00:00,2025,1,5,2,0.69,32.1,2.74,2.79,22.72,0.0,90.0
Karnali_Center,29.267,82.183,2025010503,2025-01-05 03:00:00,2025,1,5,3,1.12,29.71,2.6,2.65,33.65,0.0,90.0
Karnali_Center,29.267,82.183,2025010504,2025-01-05 04:00:00,2025,1,5,4,2.27,25.75,2.14,2.13,39.1,0.0,90.0
Karnali_Center,29.267,82.183,2025010505,2025-01-05 05:00:00,2025,1,5,5,2.75,24.28,1.66,1.64,34.77,0.0,90.0
Karnali_Center,29.267,82.183,2025010506,2025-01-05 06:00:00,2025,1,5,6,3.51,23.32,1.49,1.47,41.7,12.77,88.53
Karnali_Center,29.267,82.183,2025010507,2025-01-05 07:00:00,2025,1,5,7,5.65,29.61,1.26,1.28,49.08,147.12,78.74
Karnali_Center,29.267,82.183,2025010508,2025-01-05 08:00:00,2025,1,5,8,9.14,27.54,0.86,0.81,58.62,274.48,68.65
Karnali_Center,29.267,82.183,2025010509,2025-01-05 09:00:00,2025,1,5,9,11.64,15.09,1.56,1.67,62.17,408.33,60.31
Karnali_Center,29.267,82.183,2025010510,2025-01-05 10:00:00,2025,1,5,10,12.6,14.4,2.75,2.62,67.32,499.62,54.56
Karnali_Center,29.267,82.183,2025010511,2025-01-05 11:00:00,2025,1,5,11,12.92,14.95,3.27,3.06,86.06,565.25,52.26
Karnali_Center,29.267,82.183,2025010512,2025-01-05 12:00:00,2025,1,5,12,12.94,15.92,3.58,3.34,78.37,504.0,53.86
Karnali_Center,29.267,82.183,2025010513,2025-01-05 13:00:00,2025,1,5,13,12.65,17.47,3.67,3.43,82.97,397.23,59.04
Karnali_Center,29.267,82.183,2025010514,2025-01-05 14:00:00,2025,1,5,14,11.9,20.0,3.5,3.29,72.87,283.8,66.97
Karnali_Center,29.267,82.183,2025010515,2025-01-05 15:00:00,2025,1,5,15,9.83,31.71,2.37,2.67,60.13,167.85,76.8
Karnali_Center,29.267,82.183,2025010516,2025-01-05 16:00:00,2025,1,5,16,6.15,45.15,1.45,1.81,51.33,23.95,87.29
Karnali_Center,29.267,82.183,2025010517,2025-01-05 17:00:00,2025,1,5,17,5.47,41.35,0.66,0.8,38.38,0.0,90.0
Karnali_Center,29.267,82.183,2025010518,2025-01-05 18:00:00,2025,1,5,18,4.08,44.75,1.01,1.07,45.15,0.0,90.0
Karnali_Center,29.267,82.183,2025010519,2025-01-05 19:00:00,2025,1,5,19,3.0,46.03,1.51,1.61,48.45,0.0,90.0
Karnali_Center,29.267,82.183,2025010520,2025-01-05 20:00:00,2025,1,5,20,2.5,44.69,1.69,1.79,41.42,0.0,90.0
Karnali_Center,29.267,82.183,2025010521,2025-01-05 21:00:00,2025,1,5,21,1.99,43.54,1.75,1.86,21.09,0.0,90.0
Karnali_Center,29.267,82.183,2025010522,2025-01-05 22:00:00,2025,1,5,22,1.52,42.46,1.75,1.87,25.86,0.0,90.0
Karnali_Center,29.267,82.183,2025010523,2025-01-05 23:00:00,2025,1,5,23,1.04,41.63,1.71,1.84,27.82,0.0,90.0
Karnali_Center,29.267,82.183,2025010600,2025-01-06 00:00:00,2025,1,6,0,0.84,39.9,1.52,1.64,25.33,0.0,90.0
Karnali_Center,29.267,82.183,2025010601,2025-01-06 01:00:00,2025,1,6,1,0.42,39.09,1.39,1.53,3.83,0.0,90.0
Karnali_Center,29.267,82.183,2025010602,2025-01-06 02:00:00,2025,1,6,2,0.31,38.45,1.35,1.49,12.95,0.0,90.0
Karnali_Center,29.267,82.183,2025010603,2025-01-06 03:00:00,2025,1,6,3,0.22,37.94,1.21,1.32,27.64,0.0,90.0
Karnali_Center,29.267,82.183,2025010604,2025-01-06 04:00:00,2025,1,6,4,0.41,37.97,1.11,1.24,11.52,0.0,90.0
Karnali_Center,29.267,82.183,2025010605,2025-01-06 05:00:00,2025,1,6,5,0.11,40.5,1.2,1.36,38.5,0.0,90.0
Karnali_Center,29.267,82.183,2025010606,2025-01-06 06:00:00,2025,1,6,6,0.2,42.68,1.25,1.43,43.13,12.02,88.54
Karnali_Center,29.267,82.183,2025010607,2025-01-06 07:00:00,2025,1,6,7,2.77,49.89,1.08,1.32,50.99,138.68,78.75
Karnali_Center,29.267,82.183,2025010608,2025-01-06 08:00:00,2025,1,6,8,6.03,38.36,1.8,1.99,31.14,249.95,68.63
Karnali_Center,29.267,82.183,2025010609,2025-01-06 09:00:00,2025,1,6,9,7.96,33.82,3.19,3.06,31.65,388.3,60.26
Karnali_Center,29.267,82.183,2025010610,2025-01-06 10:00:00,2025,1,6,10,8.93,32.47,4.1,3.78,34.24,476.2,54.47
Karnali_Center,29.267,82.183,2025010611,2025-01-06 11:00:00,2025,1,6,11,9.36,33.56,4.8,4.44,36.35,486.23,52.14
Karnali_Center,29.267,82.183,2025010612,2025-01-06 12:00:00,2025,1,6,12,9.27,35.6,5.12,4.77,42.4,448.0,53.72
Karnali_Center,29.267,82.183,2025010613,2025-01-06 13:00:00,2025,1,6,13,8.66,38.5,5.01,4.71,80.85,361.55,58.89
Karnali_Center,29.267,82.183,2025010614,2025-01-06 14:00:00,2025,1,6,14,7.55,41.94,4.55,4.29,77.95,271.98,66.82
Karnali_Center,29.267,82.183,2025010615,2025-01-06 15:00:00,2025,1,6,15,5.88,47.78,3.75,3.62,72.6,154.4,76.64
Karnali_Center,29.267,82.183,2025010616,2025-01-06 16:00:00,2025,1,6,16,2.69,65.96,2.19,2.63,69.64,22.52,87.18
Karnali_Center,29.267,82.183,2025010617,2025-01-06 17:00:00,2025,1,6,17,1.52,72.58,1.55,1.82,65.84,0.0,90.0
Karnali_Center,29.267,82.183,2025010618,2025-01-06 18:00:00,2025,1,6,18,0.95,79.51,1.29,1.55,64.43,0.0,90.0
Karnali_Center,29.267,82.183,2025010619,2025-01-06 19:00:00,2025,1,6,19,0.65,82.89,1.08,1.3,52.02,0.0,90.0
Karnali_Center,29.267,82.183,2025010620,2025-01-06 20:00:00,2025,1,6,20,0.35,85.45,0.94,1.11,57.74,0.0,90.0
Karnali_Center,29.267,82.183,2025010621,2025-01-06 21:00:00,2025,1,6,21,-0.18,88.77,0.88,1.05,65.4,0.0,90.0
Karnali_Center,29.267,82.183,2025010622,2025-01-06 22:00:00,2025,1,6,22,-0.9,93.19,0.9,1.14,58.26,0.0,90.0
Karnali_Center,29.267,82.183,2025010623,2025-01-06 23:00:00,2025,1,6,23,-1.2,93.85,1.02,1.26,55.28,0.0,90.0
Karnali_Center,29.267,82.183,2025010700,2025-01-07 00:00:00,2025,1,7,0,-1.47,92.99,1.17,1.41,57.81,0.0,90.0
Karnali_Center,29.267,82.183,2025010701,2025-01-07 01:00:00,2025,1,7,1,-1.6,90.33,1.26,1.49,40.41,0.0,90.0
Karnali_Center,29.267,82.183,2025010702,2025-01-07 02:00:00,2025,1,7,2,-1.6,86.23,1.32,1.56,53.12,0.0,90.0
Karnali_Center,29.267,82.183,2025010703,2025-01-07 03:00:00,2025,1,7,3,-1.49,80.95,1.29,1.52,46.34,0.0,90.0
Karnali_Center,29.267,82.183,2025010704,2025-01-07 04:00:00,2025,1,7,4,-1.4,76.55,1.24,1.46,39.3,0.0,90.0
Karnali_Center,29.267,82.183,2025010705,2025-01-07 05:00:00,2025,1,7,5,-1.33,72.78,1.22,1.45,38.68,0.0,90.0
Karnali_Center,29.267,82.183,2025010706,2025-01-07 06:00:00,2025,1,7,6,-1.08,69.47,1.17,1.39,46.23,12.57,88.55
Karnali_Center,29.267,82.183,2025010707,2025-01-07 07:00:00,2025,1,7,7,0.46,65.67,1.01,1.19,52.5,146.85,78.75
Karnali_Center,29.267,82.183,2025010708,2025-01-07 08:00:00,2025,1,7,8,2.66,51.14,0.98,1.04,61.77,287.42,68.61
Karnali_Center,29.267,82.183,2025010709,2025-01-07 09:00:00,2025,1,7,9,4.13,41.05,1.48,1.08,68.15,421.25,60.21
Karnali_Center,29.267,82.183,2025010710,2025-01-07 10:00:00,2025,1,7,10,5.28,37.09,2.24,1.71,75.1,492.27,54.39
Karnali_Center,29.267,82.183,2025010711,2025-01-07 11:00:00,2025,1,7,11,6.03,35.42,2.87,2.27,73.01,564.17,52.02
Karnali_Center,29.267,82.183,2025010712,2025-01-07 12:00:00,2025,1,7,12,6.38,35.14,3.24,2.63,61.16,553.3,53.57
Karnali_Center,29.267,82.183,2025010713,2025-01-07 13:00:00,2025,1,7,13,6.35,35.91,3.43,2.85,70.53,440.25,58.73
Karnali_Center,29.267,82.183,2025010714,2025-01-07 14:00:00,2025,1,7,14,5.94,38.29,3.44,2.91,60.26,312.38,66.66
Karnali_Center,29.267,82.183,2025010715,2025-01-07 15:00:00,2025,1,7,15,4.87,44.3,3.3,2.92,48.93,174.82,76.49
Karnali_Center,29.267,82.183,2025010716,2025-01-07 16:00:00,2025,1,7,16,1.57,65.21,2.07,2.58,37.98,27.25,87.08
Karnali_Center,29.267,82.183,2025010717,2025-01-07 17:00:00,2025,1,7,17,-0.4,80.99,1.66,2.03,25.37,0.0,90.0
Karnali_Center,29.267,82.183,2025010718,2025-01-07 18:00:00,2025,1,7,18,-0.59,87.85,0.95,1.24,25.72,0.0,90.0
Karnali_Center,29.267,82.183,2025010719,2025-01-07 19:00:00,2025,1,7,19,-1.03,92.78,0.54,0.75,27.14,0.0,90.0
Karnali_Center,29.267,82.183,2025010720,2025-01-07 20:00:00,2025,1,7,20,-1.84,95.32,1.34,1.49,30.02,0.0,90.0
Karnali_Center,29.267,82.183,2025010721,2025-01-07 21:00:00,2025,1,7,21,-2.73,93.24,1.87,2.02,38.77,0.0,90.0
Karnali_Center,29.267,82.183,2025010722,2025-01-07 22:00:00,2025,1,7,22,-2.94,81.66,2.06,2.2,38.25,0.0,90.0
Karnali_Center,29.267,82.183,2025010723,2025-01-07 23:00:00,2025,1,7,23,-3.05,68.56,2.19,2.3,32.78,0.0,90.0
Karnali_Center,29.267,82.183,2025010800,2025-01-08 00:00:00,2025,1,8,0,-3.18,56.78,2.3,2.4,38.46,0.0,90.0
Karnali_Center,29.267,82.183,2025010801,2025-01-08 01:00:00,2025,1,8,1,-3.47,49.61,2.48,2.57,5.96,0.0,90.0
Karnali_Center,29.267,82.183,2025010802,2025-01-08 02:00:00,2025,1,8,2,-4.09,46.7,2.79,2.85,23.38,0.0,90.0
Karnali_Center,29.267,82.183,2025010803,2025-01-08 03:00:00,2025,1,8,3,-4.59,44.54,2.99,3.02,33.29,0.0,90.0
Karnali_Center,29.267,82.183,2025010804,2025-01-08 04:00:00,2025,1,8,4,-4.82,42.6,3.03,3.05,42.63,0.0,90.0
Karnali_Center,29.267,82.183,2025010805,2025-01-08 05:00:00,2025,1,8,5,-4.92,41.28,3.01,3.05,41.35,0.0,90.0
Karnali_Center,29.267,82.183,2025010806,2025-01-08 06:00:00,2025,1,8,6,-4.68,41.86,2.96,3.06,43.85,13.65,88.55
Karnali_Center,29.267,82.183,2025010807,2025-01-08 07:00:00,2025,1,8,7,-0.37,36.76,2.74,2.99,32.94,179.52,78.74
Karnali_Center,29.267,82.183,2025010808,2025-01-08 08:00:00,2025,1,8,8,3.95,18.22,2.9,2.34,41.68,367.77,68.58
Karnali_Center,29.267,82.183,2025010809,2025-01-08 09:00:00,2025,1,8,9,8.23,13.56,1.06,1.04,49.07,496.75,60.15
Karnali_Center,29.267,82.183,2025010810,2025-01-08 10:00:00,2025,1,8,10,9.87,14.22,2.55,2.16,51.68,595.83,54.29
Karnali_Center,29.267,82.183,2025010811,2025-01-08 11:00:00,2025,1,8,11,10.57,15.46,3.55,3.01,53.66,646.47,51.89
Karnali_Center,29.267,82.183,2025010812,2025-01-08 12:00:00,2025,1,8,12,10.65,17.52,4.26,3.68,37.79,606.65,53.42
Karnali_Center,29.267,82.183,2025010813,2025-01-08 13:00:00,2025,1,8,13,10.18,20.56,4.61,4.04,53.69,508.9,58.56
Karnali_Center,29.267,82.183,2025010814,2025-01-08 14:00:00,2025,1,8,14,9.03,25.12,4.2,3.73,44.75,361.2,66.49
Karnali_Center,29.267,82.183,2025010815,2025-01-08 15:00:00,2025,1,8,15,7.11,32.39,3.09,2.96,29.02,206.05,76.32
Karnali_Center,29.267,82.183,2025010816,2025-01-08 16:00:00,2025,1,8,16,3.13,53.57,1.62,2.07,25.67,30.0,86.96
Karnali_Center,29.267,82.183,2025010817,2025-01-08 17:00:00,2025,1,8,17,1.52,54.55,1.34,1.62,15.26,0.0,90.0
Karnali_Center,29.267,82.183,2025010818,2025-01-08 18:00:00,2025,1,8,18,0.52,57.02,1.63,1.85,20.64,0.0,90.0
Karnali_Center,29.267,82.183,2025010819,2025-01-08 19:00:00,2025,1,8,19,-0.38,58.02,1.9,2.13,21.89,0.0,90.0
Karnali_Center,29.267,82.183,2025010820,2025-01-08 20:00:00,2025,1,8,20,-0.91,56.16,2.02,2.23,27.49,0.0,90.0
Karnali_Center,29.267,82.183,2025010821,2025-01-08 21:00:00,2025,1,8,21,-1.16,53.39,2.02,2.22,24.39,0.0,90.0
Karnali_Center,29.267,82.183,2025010822,2025-01-08 22:00:00,2025,1,8,22,-1.1,50.22,1.9,2.09,22.04,0.0,90.0
Karnali_Center,29.267,82.183,2025010823,2025-01-08 23:00:00,2025,1,8,23,-1.03,48.08,1.75,1.93,34.46,0.0,90.0
Karnali_Center,29.267,82.183,2025010900,2025-01-09 00:00:00,2025,1,9,0,-1.12,47.4,1.73,1.91,4.68,0.0,90.0
Karnali_Center,29.267,82.183,2025010901,2025-01-09 01:00:00,2025,1,9,1,-1.28,47.61,1.77,1.96,26.32,0.0,90.0
Karnali_Center,29.267,82.183,2025010902,2025-01-09 02:00:00,2025,1,9,2,-1.36,48.13,1.78,1.98,12.29,0.0,90.0
Karnali_Center,29.267,82.183,2025010903,2025-01-09 03:00:00,2025,1,9,3,-1.48,49.03,1.87,2.08,25.86,0.0,90.0
Karnali_Center,29.267,82.183,2025010904,2025-01-09 04:00:00,2025,1,9,4,-1.59,49.92,1.97,2.18,28.99,0.0,90.0
Karnali_Center,29.267,82.183,2025010905,2025-01-09 05:00:00,2025,1,9,5,-1.54,50.17,2.0,2.2,32.71,0.0,90.0
Karnali_Center,29.267,82.183,2025010906,2025-01-09 06:00:00,2025,1,9,6,-1.2,49.64,1.95,2.16,36.21,13.65,88.56
Karnali_Center,29.267,82.183,2025010907,2025-01-09 07:00:00,2025,1,9,7,1.76,53.57,1.66,2.0,31.09,174.15,78.73
Karnali_Center,29.267,82.183,2025010908,2025-01-09 08:00:00,2025,1,9,8,5.4,38.52,1.92,1.85,41.16,347.17,68.54
Karnali_Center,29.267,82.183,2025010909,2025-01-09 09:00:00,2025,1,9,9,7.35,34.38,2.37,1.94,45.0,507.77,60.08
Karnali_Center,29.267,82.183,2025010910,2025-01-09 10:00:00,2025,1,9,10,8.44,32.34,3.19,2.63,48.8,613.22,54.19
Karnali_Center,29.267,82.183,2025010911,2025-01-09 11:00:00,2025,1,9,11,9.07,31.47,3.88,3.23,54.37,654.5,51.75
Karnali_Center,29.267,82.183,2025010912,2025-01-09 12:00:00,2025,1,9,12,9.36,31.13,4.24,3.56,43.2,623.85,53.26
Karnali_Center,29.267,82.183,2025010913,2025-01-09 13:00:00,2025,1,9,13,9.23,31.69,4.2,3.57,54.07,526.33,58.39
Karnali_Center,29.267,82.183,2025010914,2025-01-09 14:00:00,2025,1,9,14,8.59,33.5,3.77,3.26,44.1,381.52,66.32
Karnali_Center,29.267,82.183,2025010915,2025-01-09 15:00:00,2025,1,9,15,7.14,38.69,3.01,2.79,26.88,226.12,76.16
Karnali_Center,29.267,82.183,2025010916,2025-01-09 16:00:00,2025,1,9,16,3.08,59.05,1.73,2.2,27.05,36.05,86.85
Karnali_Center,29.267,82.183,2025010917,2025-01-09 17:00:00,2025,1,9,17,1.55,62.02,1.51,1.85,16.73,0.0,90.0
Karnali_Center,29.267,82.183,2025010918,2025-01-09 18:00:00,2025,1,9,18,0.93,65.25,1.45,1.73,20.28,0.0,90.0
Karnali_Center,29.267,82.183,2025010919,2025-01-09 19:00:00,2025,1,9,19,0.19,67.39,1.69,1.93,20.36,0.0,90.0
Karnali_Center,29.267,82.183,2025010920,2025-01-09 20:00:00,2025,1,9,20,-0.26,66.75,1.82,2.05,28.27,0.0,90.0
Karnali_Center,29.267,82.183,2025010921,2025-01-09 21:00:00,2025,1,9,21,-0.61,65.14,1.83,2.04,25.83,0.0,90.0
Karnali_Center,29.267,82.183,2025010922,2025-01-09 22:00:00,2025,1,9,22,-0.84,63.36,1.81,2.03,37.54,0.0,90.0
Karnali_Center,29.267,82.183,2025010923,2025-01-09 23:00:00,2025,1,9,23,-1.13,62.41,1.89,2.11,29.39,0.0,90.0
Karnali_Center,29.267,82.183,2025011000,2025-01-10 00:00:00,2025,1,10,0,-1.51,61.84,2.07,2.3,4.58,0.0,90.0
Karnali_Center,29.267,82.183,2025011001,2025-01-10 01:00:00,2025,1,10,1,-1.67,59.4,2.16,2.39,33.14,0.0,90.0
Karnali_Center,29.267,82.183,2025011002,2025-01-10 02:00:00,2025,1,10,2,-1.75,55.85,2.25,2.48,20.17,0.0,90.0
Karnali_Center,29.267,82.183,2025011003,2025-01-10 03:00:00,2025,1,10,3,-1.9,52.56,2.33,2.53,37.01,0.0,90.0
Karnali_Center,29.267,82.183,2025011004,2025-01-10 04:00:00,2025,1,10,4,-2.09,50.03,2.44,2.61,37.01,0.0,90.0
Karnali_Center,29.267,82.183,2025011005,2025-01-10 05:00:00,2025,1,10,5,-2.21,46.92,2.54,2.68,35.73,0.0,90.0
Karnali_Center,29.267,82.183,2025011006,2025-01-10 06:00:00,2025,1,10,6,-1.9,44.41,2.53,2.65,38.77,14.02,88.56
Karnali_Center,29.267,82.183,2025011007,2025-01-10 07:00:00,2025,1,10,7,1.61,49.65,2.1,2.5,30.23,181.7,78.71
Karnali_Center,29.267,82.183,2025011008,2025-01-10 08:00:00,2025,1,10,8,6.01,25.68,2.05,1.84,41.22,361.2,68.5
Karnali_Center,29.267,82.183,2025011009,2025-01-10 09:00:00,2025,1,10,9,9.7,16.41,0.51,0.43,45.45,527.47,60.01
Karnali_Center,29.267,82.183,2025011010,2025-01-10 10:00:00,2025,1,10,10,11.57,14.39,1.99,1.57,48.8,640.22,54.08
Karnali_Center,29.267,82.183,2025011011,2025-01-10 11:00:00,2025,1,10,11,12.38,14.44,3.13,2.58,34.4,713.9,51.61
Karnali_Center,29.267,82.183,2025011012,2025-01-10 12:00:00,2025,1,10,12,12.48,15.76,3.87,3.24,53.69,642.47,53.09
Karnali_Center,29.267,82.183,2025011013,2025-01-10 13:00:00,2025,1,10,13,11.88,18.38,4.31,3.66,52.09,536.22,58.22
Karnali_Center,29.267,82.183,2025011014,2025-01-10 14:00:00,2025,1,10,14,10.58,22.75,4.11,3.59,41.19,398.95,66.15
Karnali_Center,29.267,82.183,2025011015,2025-01-10 15:00:00,2025,1,10,15,8.46,30.72,2.99,2.93,22.77,234.0,75.99
Karnali_Center,29.267,82.183,2025011016,2025-01-10 16:00:00,2025,1,10,16,4.48,50.59,1.47,1.82,26.59,36.1,86.73
Karnali_Center,29.267,82.183,2025011017,2025-01-10 17:00:00,2025,1,10,17,3.67,47.91,0.61,0.68,17.0,0.0,90.0
Karnali_Center,29.267,82.183,2025011018,2025-01-10 18:00:00,2025,1,10,18,2.2,52.08,1.2,1.32,21.78,0.0,90.0
Karnali_Center,29.267,82.183,2025011019,2025-01-10 19:00:00,2025,1,10,19,1.45,51.56,1.73,1.87,28.54,0.0,90.0
Karnali_Center,29.267,82.183,2025011020,2025-01-10 20:00:00,2025,1,10,20,0.99,49.61,1.85,2.01,26.86,0.0,90.0
Karnali_Center,29.267,82.183,2025011021,2025-01-10 21:00:00,2025,1,10,21,0.55,47.76,1.91,2.08,21.86,0.0,90.0
Karnali_Center,29.267,82.183,2025011022,2025-01-10 22:00:00,2025,1,10,22,0.06,46.08,2.0,2.17,26.72,0.0,90.0
Karnali_Center,29.267,82.183,2025011023,2025-01-10 23:00:00,2025,1,10,23,-0.39,44.66,2.09,2.26,29.22,0.0,90.0
Karnali_Center,29.267,82.183,2025011100,2025-01-11 00:00:00,2025,1,11,0,-0.62,42.71,2.08,2.24,6.28,0.0,90.0
Karnali_Center,29.267,82.183,2025011101,2025-01-11 01:00:00,2025,1,11,1,-0.82,41.19,2.09,2.23,28.68,0.0,90.0
Karnali_Center,29.267,82.183,2025011102,2025-01-11 02:00:00,2025,1,11,2,-0.89,40.6,2.1,2.24,4.94,0.0,90.0
Karnali_Center,29.267,82.183,2025011103,2025-01-11 03:00:00,2025,1,11,3,-0.78,38.8,2.09,2.23,36.99,0.0,90.0
Karnali_Center,29.267,82.183,2025011104,2025-01-11 04:00:00,2025,1,11,4,-0.49,36.31,1.88,2.03,32.06,0.0,90.0
Karnali_Center,29.267,82.183,2025011105,2025-01-11 05:00:00,2025,1,11,5,-0.42,35.14,1.6,1.77,71.86,0.0,90.0
Karnali_Center,29.267,82.183,2025011106,2025-01-11 06:00:00,2025,1,11,6,-0.05,34.3,1.45,1.62,65.15,10.52,88.55
Karnali_Center,29.267,82.183,2025011107,2025-01-11 07:00:00,2025,1,11,7,2.62,42.6,1.17,1.35,45.38,169.6,78.69
Karnali_Center,29.267,82.183,2025011108,2025-01-11 08:00:00,2025,1,11,8,6.07,29.4,0.96,1.09,47.43,347.52,68.45
Karnali_Center,29.267,82.183,2025011109,2025-01-11 09:00:00,2025,1,11,9,8.01,30.17,2.63,2.44,44.42,501.67,59.92
Karnali_Center,29.267,82.183,2025011110,2025-01-11 10:00:00,2025,1,11,10,9.21,27.79,3.47,3.17,46.66,617.38,53.96
Karnali_Center,29.267,82.183,2025011111,2025-01-11 11:00:00,2025,1,11,11,9.9,26.88,4.11,3.77,23.67,711.3,51.46
Karnali_Center,29.267,82.183,2025011112,2025-01-11 12:00:00,2025,1,11,12,10.12,27.11,4.49,4.15,55.63,624.88,52.92
Karnali_Center,29.267,82.183,2025011113,2025-01-11 13:00:00,2025,1,11,13,9.81,28.22,4.56,4.26,46.04,539.65,58.04
Karnali_Center,29.267,82.183,2025011114,2025-01-11 14:00:00,2025,1,11,14,8.92,30.75,4.3,4.06,41.41,376.55,65.97
Karnali_Center,29.267,82.183,2025011115,2025-01-11 15:00:00,2025,1,11,15,7.24,36.73,3.49,3.45,27.07,215.32,75.82
Karnali_Center,29.267,82.183,2025011116,2025-01-11 16:00:00,2025,1,11,16,3.22,57.43,1.94,2.61,24.66,32.88,86.6
Karnali_Center,29.267,82.183,2025011117,2025-01-11 17:00:00,2025,1,11,17,1.75,60.65,1.45,1.91,18.24,0.0,90.0
Karnali_Center,29.267,82.183,2025011118,2025-01-11 18:00:00,2025,1,11,18,1.57,63.68,0.94,1.3,20.51,0.0,90.0
Karnali_Center,29.267,82.183,2025011119,2025-01-11 19:00:00,2025,1,11,19,0.93,67.6,0.81,1.01,25.46,0.0,90.0
Karnali_Center,29.267,82.183,2025011120,2025-01-11 20:00:00,2025,1,11,20,-0.32,74.07,1.06,1.24,31.8,0.0,90.0
Karnali_Center,29.267,82.183,2025011121,2025-01-11 21:00:00,2025,1,11,21,-0.88,76.37,1.28,1.43,60.05,0.0,90.0
Karnali_Center,29.267,82.183,2025011122,2025-01-11 22:00:00,2025,1,11,22,-1.26,77.12,1.37,1.51,71.32,0.0,90.0
Karnali_Center,29.267,82.183,2025011123,2025-01-11 23:00:00,2025,1,11,23,-1.66,78.4,1.41,1.55,86.71,0.0,90.0
Karnali_Center,29.267,82.183,2025011200,2025-01-12 00:00:00,2025,1,12,0,-1.82,78.33,1.47,1.61,91.14,0.0,90.0
Karnali_Center,29.267,82.183,2025011201,2025-01-12 01:00:00,2025,1,12,1,-1.69,76.59,1.44,1.57,90.59,0.0,90.0
Karnali_Center,29.267,82.183,2025011202,2025-01-12 02:00:00,2025,1,12,2,-1.38,73.97,1.36,1.5,99.86,0.0,90.0
Karnali_Center,29.267,82.183,2025011203,2025-01-12 03:00:00,2025,1,12,3,-1.44,73.87,1.45,1.61,99.75,0.0,90.0
Karnali_Center,29.267,82.183,2025011204,2025-01-12 04:00:00,2025,1,12,4,-1.82,74.68,1.71,1.92,99.13,0.0,90.0
Karnali_Center,29.267,82.183,2025011205,2025-01-12 05:00:00,2025,1,12,5,-1.76,72.34,1.58,1.79,94.89,0.0,90.0
Karnali_Center,29.267,82.183,2025011206,2025-01-12 06:00:00,2025,1,12,6,-1.1,68.69,1.39,1.62,96.25,6.32,88.55
Karnali_Center,29.267,82.183,2025011207,2025-01-12 07:00:00,2025,1,12,7,0.29,70.27,1.32,1.63,99.4,63.0,78.66
Karnali_Center,29.267,82.183,2025011208,2025-01-12 08:00:00,2025,1,12,8,1.37,64.54,1.4,1.54,99.66,144.07,68.39
Karnali_Center,29.267,82.183,2025011209,2025-01-12 09:00:00,2025,1,12,9,1.84,67.05,1.8,2.07,100.0,158.93,59.84
Karnali_Center,29.267,82.183,2025011210,2025-01-12 10:00:00,2025,1,12,10,1.7,70.87,2.17,2.48,8.37,225.62,53.83
Karnali_Center,29.267,82.183,2025011211,2025-01-12 11:00:00,2025,1,12,11,1.11,73.87,2.23,2.46,98.71,284.27,51.3
Karnali_Center,29.267,82.183,2025011212,2025-01-12 12:00:00,2025,1,12,12,1.38,74.92,2.45,2.5,97.87,273.35,52.74
Karnali_Center,29.267,82.183,2025011213,2025-01-12 13:00:00,2025,1,12,13,1.29,76.55,3.1,3.05,96.24,223.85,57.85
Karnali_Center,29.267,82.183,2025011214,2025-01-12 14:00:00,2025,1,12,14,1.14,78.76,3.97,3.79,87.99,137.38,65.79
Karnali_Center,29.267,82.183,2025011215,2025-01-12 15:00:00,2025,1,12,15,0.43,84.94,3.56,3.36,75.14,98.4,75.65
Karnali_Center,29.267,82.183,2025011216,2025-01-12 16:00:00,2025,1,12,16,-1.07,97.22,1.87,2.17,60.96,22.25,86.47
Karnali_Center,29.267,82.183,2025011217,2025-01-12 17:00:00,2025,1,12,17,-1.46,100.0,0.79,1.0,49.14,0.0,90.0
Karnali_Center,29.267,82.183,2025011218,2025-01-12 18:00:00,2025,1,12,18,-1.47,100.0,0.36,0.47,45.52,0.0,90.0
Karnali_Center,29.267,82.183,2025011219,2025-01-12 19:00:00,2025,1,12,19,-1.57,100.0,0.23,0.18,48.24,0.0,90.0
Karnali_Center,29.267,82.183,2025011220,2025-01-12 20:00:00,2025,1,12,20,-1.75,100.0,0.47,0.46,46.77,0.0,90.0
Karnali_Center,29.267,82.183,2025011221,2025-01-12 21:00:00,2025,1,12,21,-2.17,100.0,0.74,0.83,59.83,0.0,90.0
Karnali_Center,29.267,82.183,2025011222,2025-01-12 22:00:00,2025,1,12,22,-2.1,100.0,0.92,1.07,57.37,0.0,90.0
Karnali_Center,29.267,82.183,2025011223,2025-01-12 23:00:00,2025,1,12,23,-2.09,100.0,1.05,1.21,55.53,0.0,90.0
Karnali_Center,29.267,82.183,2025011300,2025-01-13 00:00:00,2025,1,13,0,-1.98,97.97,1.0,1.1,56.76,0.0,90.0
Karnali_Center,29.267,82.183,2025011301,2025-01-13 01:00:00,2025,1,13,1,-1.64,94.33,0.67,0.64,45.5,0.0,90.0
Karnali_Center,29.267,82.183,2025011302,2025-01-13 02:00:00,2025,1,13,2,-1.64,94.32,0.71,0.88,54.93,0.0,90.0
Karnali_Center,29.267,82.183,2025011303,2025-01-13 03:00:00,2025,1,13,3,-2.04,96.65,1.01,1.31,51.77,0.0,90.0
Karnali_Center,29.267,82.183,2025011304,2025-01-13 04:00:00,2025,1,13,4,-2.03,94.37,0.85,1.12,51.74,0.0,90.0
Karnali_Center,29.267,82.183,2025011305,2025-01-13 05:00:00,2025,1,13,5,-1.71,89.12,0.49,0.62,47.25,0.0,90.0
Karnali_Center,29.267,82.183,2025011306,2025-01-13 06:00:00,2025,1,13,6,-1.61,86.5,0.41,0.32,37.74,11.1,88.54
Karnali_Center,29.267,82.183,2025011307,2025-01-13 07:00:00,2025,1,13,7,-0.32,78.75,0.78,0.64,25.96,158.98,78.63
Karnali_Center,29.267,82.183,2025011308,2025-01-13 08:00:00,2025,1,13,8,2.17,63.86,0.37,0.29,28.45,335.48,68.33
Karnali_Center,29.267,82.183,2025011309,2025-01-13 09:00:00,2025,1,13,9,4.35,48.11,0.98,0.48,17.38,525.85,59.74
Karnali_Center,29.267,82.183,2025011310,2025-01-13 10:00:00,2025,1,13,10,6.23,38.42,1.93,1.26,18.07,639.35,53.7
Karnali_Center,29.267,82.183,2025011311,2025-01-13 11:00:00,2025,1,13,11,7.58,33.32,3.17,2.4,34.64,636.75,51.13
Karnali_Center,29.267,82.183,2025011312,2025-01-13 12:00:00,2025,1,13,12,8.19,32.88,4.23,3.42,43.95,567.22,52.55
Karnali_Center,29.267,82.183,2025011313,2025-01-13 13:00:00,2025,1,13,13,7.86,36.31,4.73,3.95,59.52,470.58,57.66
Karnali_Center,29.267,82.183,2025011314,2025-01-13 14:00:00,2025,1,13,14,6.82,42.48,4.67,3.97,50.88,344.08,65.6
Karnali_Center,29.267,82.183,2025011315,2025-01-13 15:00:00,2025,1,13,15,5.15,53.18,3.98,3.51,35.28,213.8,75.47
Karnali_Center,29.267,82.183,2025011316,2025-01-13 16:00:00,2025,1,13,16,1.99,76.27,2.07,2.57,29.89,36.95,86.34
Karnali_Center,29.267,82.183,2025011317,2025-01-13 17:00:00,2025,1,13,17,0.61,91.49,1.47,1.86,20.63,0.0,90.0
Karnali_Center,29.267,82.183,2025011318,2025-01-13 18:00:00,2025,1,13,18,0.9,93.7,1.05,1.36,21.93,0.0,90.0
Karnali_Center,29.267,82.183,2025011319,2025-01-13 19:00:00,2025,1,13,19,0.86,95.24,0.98,1.3,20.67,0.0,90.0
Karnali_Center,29.267,82.183,2025011320,2025-01-13 20:00:00,2025,1,13,20,0.65,95.98,1.03,1.35,22.52,0.0,90.0
Karnali_Center,29.267,82.183,2025011321,2025-01-13 21:00:00,2025,1,13,21,0.2,96.19,1.1,1.34,22.88,0.0,90.0
Karnali_Center,29.267,82.183,2025011322,2025-01-13 22:00:00,2025,1,13,22,-0.52,96.17,1.27,1.45,30.33,0.0,90.0
Karnali_Center,29.267,82.183,2025011323,2025-01-13 23:00:00,2025,1,13,23,-1.06,92.93,1.51,1.65,27.89,0.0,90.0
Karnali_Center,29.267,82.183,2025011400,2025-01-14 00:00:00,2025,1,14,0,-1.45,87.05,1.71,1.84,25.31,0.0,90.0
Karnali_Center,29.267,82.183,2025011401,2025-01-14 01:00:00,2025,1,14,1,-1.54,78.91,1.78,1.9,14.66,0.0,90.0
Karnali_Center,29.267,82.183,2025011402,2025-01-14 02:00:00,2025,1,14,2,-1.67,71.75,1.83,1.96,19.69,0.0,90.0
Karnali_Center,29.267,82.183,2025011403,2025-01-14 03:00:00,2025,1,14,3,-1.79,65.47,1.86,1.99,30.37,0.0,90.0
Karnali_Center,29.267,82.183,2025011404,2025-01-14 04:00:00,2025,1,14,4,-1.94,60.55,1.93,2.05,31.05,0.0,90.0
Karnali_Center,29.267,82.183,2025011405,2025-01-14 05:00:00,2025,1,14,5,-2.09,57.1,2.02,2.16,33.06,0.0,90.0
Karnali_Center,29.267,82.183,2025011406,2025-01-14 06:00:00,2025,1,14,6,-1.89,55.32,2.01,2.19,38.08,12.23,88.52
Karnali_Center,29.267,82.183,2025011407,2025-01-14 07:00:00,2025,1,14,7,1.4,50.64,1.96,2.09,40.32,156.43,78.59
Karnali_Center,29.267,82.183,2025011408,2025-01-14 08:00:00,2025,1,14,8,5.02,41.75,1.31,1.25,49.18,319.75,68.26
Karnali_Center,29.267,82.183,2025011409,2025-01-14 09:00:00,2025,1,14,9,7.81,35.89,1.84,1.5,52.3,479.33,59.64
Karnali_Center,29.267,82.183,2025011410,2025-01-14 10:00:00,2025,1,14,10,9.12,32.33,2.8,2.21,54.33,584.15,53.56
Karnali_Center,29.267,82.183,2025011411,2025-01-14 11:00:00,2025,1,14,11,9.81,32.27,3.62,2.9,55.18,635.53,50.96
Karnali_Center,29.267,82.183,2025011412,2025-01-14 12:00:00,2025,1,14,12,9.87,35.33,4.1,3.33,37.86,616.2,52.36
Karnali_Center,29.267,82.183,2025011413,2025-01-14 13:00:00,2025,1,14,13,9.4,40.06,4.04,3.32,56.99,472.83,57.47
Karnali_Center,29.267,82.183,2025011414,2025-01-14 14:00:00,2025,1,14,14,8.54,45.45,3.72,3.12,49.39,342.08,65.41
Karnali_Center,29.267,82.183,2025011415,2025-01-14 15:00:00,2025,1,14,15,7.11,52.96,3.22,2.82,37.75,208.05,75.29
Karnali_Center,29.267,82.183,2025011416,2025-01-14 16:00:00,2025,1,14,16,3.77,71.89,1.78,2.21,30.3,38.35,86.21
Karnali_Center,29.267,82.183,2025011417,2025-01-14 17:00:00,2025,1,14,17,2.35,81.01,1.23,1.54,19.71,0.0,90.0
Karnali_Center,29.267,82.183,2025011418,2025-01-14 18:00:00,2025,1,14,18,1.68,86.57,1.09,1.3,21.27,0.0,90.0
Karnali_Center,29.267,82.183,2025011419,2025-01-14 19:00:00,2025,1,14,19,0.81,91.49,1.68,1.88,21.77,0.0,90.0
Karnali_Center,29.267,82.183,2025011420,2025-01-14 20:00:00,2025,1,14,20,0.11,93.27,2.0,2.2,27.86,0.0,90.0
Karnali_Center,29.267,82.183,2025011421,2025-01-14 21:00:00,2025,1,14,21,-0.41,92.57,2.16,2.35,27.91,0.0,90.0
Karnali_Center,29.267,82.183,2025011422,2025-01-14 22:00:00,2025,1,14,22,-0.8,89.53,2.23,2.41,25.68,0.0,90.0
Karnali_Center,29.267,82.183,2025011423,2025-01-14 23:00:00,2025,1,14,23,-1.14,85.0,2.26,2.43,28.91,0.0,90.0
Karnali_Center,29.267,82.183,2025011500,2025-01-15 00:00:00,2025,1,15,0,-1.36,78.71,2.26,2.45,7.88,0.0,90.0
Karnali_Center,29.267,82.183,2025011501,2025-01-15 01:00:00,2025,1,15,1,-1.53,72.29,2.25,2.44,37.06,0.0,90.0
Karnali_Center,29.267,82.183,2025011502,2025-01-15 02:00:00,2025,1,15,2,-1.62,66.33,2.2,2.39,28.32,0.0,90.0
Karnali_Center,29.267,82.183,2025011503,2025-01-15 03:00:00,2025,1,15,3,-1.62,60.91,2.13,2.31,51.38,0.0,90.0
Karnali_Center,29.267,82.183,2025011504,2025-01-15 04:00:00,2025,1,15,4,-1.74,57.38,2.15,2.33,53.29,0.0,90.0
Karnali_Center,29.267,82.183,2025011505,2025-01-15 05:00:00,2025,1,15,5,-1.88,54.55,2.21,2.38,50.12,0.0,90.0
Karnali_Center,29.267,82.183,2025011506,2025-01-15 06:00:00,2025,1,15,6,-1.8,52.02,2.25,2.43,52.27,13.48,88.51
Karnali_Center,29.267,82.183,2025011507,2025-01-15 07:00:00,2025,1,15,7,1.53,51.01,2.09,2.38,46.54,173.88,78.54
Karnali_Center,29.267,82.183,2025011508,2025-01-15 08:00:00,2025,1,15,8,5.74,28.96,2.02,1.85,54.61,346.92,68.19
Karnali_Center,29.267,82.183,2025011509,2025-01-15 09:00:00,2025,1,15,9,8.94,18.71,1.2,1.15,57.64,508.62,59.53
Karnali_Center,29.267,82.183,2025011510,2025-01-15 10:00:00,2025,1,15,10,10.41,16.39,2.08,1.78,55.85,618.92,53.42
Karnali_Center,29.267,82.183,2025011511,2025-01-15 11:00:00,2025,1,15,11,11.15,16.81,2.77,2.38,59.2,674.22,50.78
Karnali_Center,29.267,82.183,2025011512,2025-01-15 12:00:00,2025,1,15,12,11.23,18.27,3.13,2.69,52.92,642.67,52.17
Karnali_Center,29.267,82.183,2025011513,2025-01-15 13:00:00,2025,1,15,13,10.74,20.47,3.17,2.75,67.66,532.28,57.27
Karnali_Center,29.267,82.183,2025011514,2025-01-15 14:00:00,2025,1,15,14,9.78,23.73,2.84,2.54,61.87,379.65,65.22
Karnali_Center,29.267,82.183,2025011515,2025-01-15 15:00:00,2025,1,15,15,8.1,32.15,2.02,2.1,51.72,237.98,75.11
Karnali_Center,29.267,82.183,2025011516,2025-01-15 16:00:00,2025,1,15,16,5.17,47.33,1.14,1.44,52.71,40.6,86.07
Karnali_Center,29.267,82.183,2025011517,2025-01-15 17:00:00,2025,1,15,17,4.25,45.75,0.68,0.79,46.56,0.0,90.0
Karnali_Center,29.267,82.183,2025011518,2025-01-15 18:00:00,2025,1,15,18,2.94,49.29,1.05,1.13,71.99,0.0,90.0
Karnali_Center,29.267,82.183,2025011519,2025-01-15 19:00:00,2025,1,15,19,2.0,50.25,1.5,1.6,79.97,0.0,90.0
Karnali_Center,29.267,82.183,2025011520,2025-01-15 20:00:00,2025,1,15,20,1.56,48.47,1.53,1.63,68.73,0.0,90.0
Karnali_Center,29.267,82.183,2025011521,2025-01-15 21:00:00,2025,1,15,21,1.27,46.03,1.39,1.47,86.92,0.0,90.0
Karnali_Center,29.267,82.183,2025011522,2025-01-15 22:00:00,2025,1,15,22,0.72,45.36,1.14,1.22,98.99,0.0,90.0
Karnali_Center,29.267,82.183,2025011523,2025-01-15 23:00:00,2025,1,15,23,0.34,44.94,1.0,1.09,88.76,0.0,90.0
Karnali_Center,29.267,82.183,2025011600,2025-01-16 00:00:00,2025,1,16,0,0.1,44.59,0.96,1.06,80.84,0.0,90.0
Karnali_Center,29.267,82.183,2025011601,2025-01-16 01:00:00,2025,1,16,1,-0.07,44.78,0.98,1.08,98.99,0.0,90.0
Karnali_Center,29.267,82.183,2025011602,2025-01-16 02:00:00,2025,1,16,2,-0.22,46.09,1.15,1.27,95.04,0.0,90.0
Karnali_Center,29.267,82.183,2025011603,2025-01-16 03:00:00,2025,1,16,3,-0.5,46.95,1.35,1.49,91.13,0.0,90.0
Karnali_Center,29.267,82.183,2025011604,2025-01-16 04:00:00,2025,1,16,4,-0.96,47.75,1.51,1.67,67.19,0.0,90.0
Karnali_Center,29.267,82.183,2025011605,2025-01-16 05:00:00,2025,1,16,5,-1.48,47.75,1.62,1.77,72.21,0.0,90.0
Karnali_Center,29.267,82.183,2025011606,2025-01-16 06:00:00,2025,1,16,6,-1.61,48.08,1.65,1.83,77.77,9.7,88.49
Karnali_Center,29.267,82.183,2025011607,2025-01-16 07:00:00,2025,1,16,7,1.18,47.51,1.46,1.71,88.27,88.68,78.49
Karnali_Center,29.267,82.183,2025011608,2025-01-16 08:00:00,2025,1,16,8,4.84,27.68,1.72,1.87,93.41,156.25,68.11
Karnali_Center,29.267,82.183,2025011609,2025-01-16 09:00:00,2025,1,16,9,7.08,23.72,3.07,3.05,92.42,277.92,59.42
Karnali_Center,29.267,82.183,2025011610,2025-01-16 10:00:00,2025,1,16,10,8.37,25.6,4.05,3.88,95.17,348.58,53.27
Karnali_Center,29.267,82.183,2025011611,2025-01-16 11:00:00,2025,1,16,11,9.19,28.64,5.67,5.43,97.66,326.05,50.6
Karnali_Center,29.267,82.183,2025011612,2025-01-16 12:00:00,2025,1,16,12,9.1,34.36,7.26,7.11,70.55,248.3,51.96
Karnali_Center,29.267,82.183,2025011613,2025-01-16 13:00:00,2025,1,16,13,7.99,43.9,7.56,7.5,98.27,102.53,57.06
Karnali_Center,29.267,82.183,2025011614,2025-01-16 14:00:00,2025,1,16,14,6.33,56.17,7.01,6.94,99.56,171.1,65.02
Karnali_Center,29.267,82.183,2025011615,2025-01-16 15:00:00,2025,1,16,15,4.05,73.2,5.15,5.01,94.63,90.78,74.93
Karnali_Center,29.267,82.183,2025011616,2025-01-16 16:00:00,2025,1,16,16,1.41,90.24,2.49,2.84,96.24,18.95,85.92
Karnali_Center,29.267,82.183,2025011617,2025-01-16 17:00:00,2025,1,16,17,0.47,96.13,1.1,1.61,91.3,0.0,90.0
Karnali_Center,29.267,82.183,2025011618,2025-01-16 18:00:00,2025,1,16,18,-0.04,97.65,0.92,1.25,92.39,0.0,90.0
Karnali_Center,29.267,82.183,2025011619,2025-01-16 19:00:00,2025,1,16,19,-0.18,97.33,0.8,1.02,85.4,0.0,90.0
Karnali_Center,29.267,82.183,2025011620,2025-01-16 20:00:00,2025,1,16,20,-0.47,97.98,0.87,1.0,76.12,0.0,90.0
Karnali_Center,29.267,82.183,2025011621,2025-01-16 21:00:00,2025,1,16,21,-0.87,99.89,0.99,1.08,52.96,0.0,90.0
Karnali_Center,29.267,82.183,2025011622,2025-01-16 22:00:00,2025,1,16,22,-1.44,100.0,1.22,1.32,58.57,0.0,90.0
Karnali_Center,29.267,82.183,2025011623,2025-01-16 23:00:00,2025,1,16,23,-1.99,100.0,1.53,1.7,54.14,0.0,90.0
Karnali_Center,29.267,82.183,2025011700,2025-01-17 00:00:00,2025,1,17,0,-2.59,100.0,1.81,2.02,51.71,0.0,90.0
Karnali_Center,29.267,82.183,2025011701,2025-01-17 01:00:00,2025,1,17,1,-2.98,100.0,2.07,2.31,31.08,0.0,90.0
Karnali_Center,29.267,82.183,2025011702,2025-01-17 02:00:00,2025,1,17,2,-3.04,100.0,2.19,2.41,48.56,0.0,90.0
Karnali_Center,29.267,82.183,2025011703,2025-01-17 03:00:00,2025,1,17,3,-2.85,100.0,2.16,2.34,46.67,0.0,90.0
Karnali_Center,29.267,82.183,2025011704,2025-01-17 04:00:00,2025,1,17,4,-2.68,99.12,2.09,2.22,39.25,0.0,90.0
Karnali_Center,29.267,82.183,2025011705,2025-01-17 05:00:00,2025,1,17,5,-2.77,95.15,2.08,2.17,43.08,0.0,90.0
Karnali_Center,29.267,82.183,2025011706,2025-01-17 06:00:00,2025,1,17,6,-2.67,90.62,2.1,2.19,46.23,14.18,88.47
Karnali_Center,29.267,82.183,2025011707,2025-01-17 07:00:00,2025,1,17,7,0.81,74.89,2.26,2.15,47.69,158.15,78.43
Karnali_Center,29.267,82.183,2025011708,2025-01-17 08:00:00,2025,1,17,8,4.15,60.05,1.6,1.56,55.06,290.62,68.02
Karnali_Center,29.267,82.183,2025011709,2025-01-17 09:00:00,2025,1,17,9,6.4,45.09,1.4,1.48,14.88,435.3,59.3
Karnali_Center,29.267,82.183,2025011710,2025-01-17 10:00:00,2025,1,17,10,8.11,35.48,2.29,2.0,50.79,542.95,53.11
Karnali_Center,29.267,82.183,2025011711,2025-01-17 11:00:00,2025,1,17,11,9.14,32.05,3.24,2.73,65.37,584.67,50.41
Karnali_Center,29.267,82.183,2025011712,2025-01-17 12:00:00,2025,1,17,12,9.51,32.2,3.7,3.12,63.62,550.92,51.75
Karnali_Center,29.267,82.183,2025011713,2025-01-17 13:00:00,2025,1,17,13,9.3,34.6,3.8,3.22,49.51,522.35,56.86
Karnali_Center,29.267,82.183,2025011714,2025-01-17 14:00:00,2025,1,17,14,8.52,38.74,3.51,3.01,46.29,375.58,64.82
Karnali_Center,29.267,82.183,2025011715,2025-01-17 15:00:00,2025,1,17,15,7.1,45.18,2.9,2.63,36.13,237.5,74.74
Karnali_Center,29.267,82.183,2025011716,2025-01-17 16:00:00,2025,1,17,16,3.93,63.3,1.64,1.96,32.07,49.1,85.78
Karnali_Center,29.267,82.183,2025011717,2025-01-17 17:00:00,2025,1,17,17,2.6,66.62,1.01,1.22,26.88,0.0,90.0
Karnali_Center,29.267,82.183,2025011718,2025-01-17 18:00:00,2025,1,17,18,2.48,68.98,0.24,0.33,26.01,0.0,90.0
Karnali_Center,29.267,82.183,2025011719,2025-01-17 19:00:00,2025,1,17,19,1.62,72.89,0.75,0.8,29.14,0.0,90.0
Karnali_Center,29.267,82.183,2025011720,2025-01-17 20:00:00,2025,1,17,20,0.33,77.07,1.48,1.62,31.17,0.0,90.0
Karnali_Center,29.267,82.183,2025011721,2025-01-17 21:00:00,2025,1,17,21,-0.46,77.3,1.87,2.0,34.05,0.0,90.0
Karnali_Center,29.267,82.183,2025011722,2025-01-17 22:00:00,2025,1,17,22,-0.99,75.65,2.01,2.13,34.97,0.0,90.0
Karnali_Center,29.267,82.183,2025011723,2025-01-17 23:00:00,2025,1,17,23,-1.43,73.78,2.13,2.24,38.47,0.0,90.0
Karnali_Center,29.267,82.183,2025011800,2025-01-18 00:00:00,2025,1,18,0,-1.86,72.49,2.32,2.39,37.24,0.0,90.0
Karnali_Center,29.267,82.183,2025011801,2025-01-18 01:00:00,2025,1,18,1,-2.25,71.22,2.49,2.55,12.12,0.0,90.0
Karnali_Center,29.267,82.183,2025011802,2025-01-18 02:00:00,2025,1,18,2,-2.69,68.9,2.67,2.69,23.84,0.0,90.0
Karnali_Center,29.267,82.183,2025011803,2025-01-18 03:00:00,2025,1,18,3,-3.02,64.74,2.75,2.74,37.69,0.0,90.0
Karnali_Center,29.267,82.183,2025011804,2025-01-18 04:00:00,2025,1,18,4,-3.3,61.57,2.83,2.84,39.56,0.0,90.0
Karnali_Center,29.267,82.183,2025011805,2025-01-18 05:00:00,2025,1,18,5,-3.5,58.1,2.89,2.9,58.15,0.0,90.0
Karnali_Center,29.267,82.183,2025011806,2025-01-18 06:00:00,2025,1,18,6,-3.09,55.68,2.81,2.88,50.71,13.88,88.45
Karnali_Center,29.267,82.183,2025011807,2025-01-18 07:00:00,2025,1,18,7,1.31,46.43,2.62,2.81,42.57,166.88,78.37
Karnali_Center,29.267,82.183,2025011808,2025-01-18 08:00:00,2025,1,18,8,5.13,29.79,2.74,2.29,38.76,340.33,67.93
Karnali_Center,29.267,82.183,2025011809,2025-01-18 09:00:00,2025,1,18,9,9.11,17.17,0.42,0.35,30.44,535.22,59.17
Karnali_Center,29.267,82.183,2025011810,2025-01-18 10:00:00,2025,1,18,10,10.86,15.09,1.97,1.74,37.04,625.6,52.94
Karnali_Center,29.267,82.183,2025011811,2025-01-18 11:00:00,2025,1,18,11,11.64,15.33,3.13,2.76,53.17,608.28,50.21
Karnali_Center,29.267,82.183,2025011812,2025-01-18 12:00:00,2025,1,18,12,11.85,15.93,3.67,3.23,61.7,552.03,51.54
Karnali_Center,29.267,82.183,2025011813,2025-01-18 13:00:00,2025,1,18,13,11.57,17.07,3.85,3.42,21.46,452.17,56.64
Karnali_Center,29.267,82.183,2025011814,2025-01-18 14:00:00,2025,1,18,14,10.71,19.14,3.49,3.18,25.43,326.62,64.62
Karnali_Center,29.267,82.183,2025011815,2025-01-18 15:00:00,2025,1,18,15,9.11,23.8,2.66,2.67,15.81,208.18,74.55
Karnali_Center,29.267,82.183,2025011816,2025-01-18 16:00:00,2025,1,18,16,5.54,40.86,1.41,1.83,30.13,39.4,85.63
Karnali_Center,29.267,82.183,2025011817,2025-01-18 17:00:00,2025,1,18,17,4.61,34.51,0.7,0.86,49.32,0.0,90.0
Karnali_Center,29.267,82.183,2025011818,2025-01-18 18:00:00,2025,1,18,18,3.29,41.04,1.36,1.47,45.99,0.0,90.0
Karnali_Center,29.267,82.183,2025011819,2025-01-18 19:00:00,2025,1,18,19,1.69,43.0,2.03,2.13,43.96,0.0,90.0
Karnali_Center,29.267,82.183,2025011820,2025-01-18 20:00:00,2025,1,18,20,0.71,43.26,2.37,2.49,40.61,0.0,90.0
Karnali_Center,29.267,82.183,2025011821,2025-01-18 21:00:00,2025,1,18,21,0.12,43.45,2.54,2.68,23.66,0.0,90.0
Karnali_Center,29.267,82.183,2025011822,2025-01-18 22:00:00,2025,1,18,22,-0.11,42.88,2.56,2.72,52.34,0.0,90.0
Karnali_Center,29.267,82.183,2025011823,2025-01-18 23:00:00,2025,1,18,23,-0.04,41.48,2.46,2.63,60.14,0.0,90.0
Karnali_Center,29.267,82.183,2025011900,2025-01-19 00:00:00,2025,1,19,0,0.27,39.97,2.25,2.42,53.2,0.0,90.0
Karnali_Center,29.267,82.183,2025011901,2025-01-19 01:00:00,2025,1,19,1,0.82,38.23,1.99,2.14,35.53,0.0,90.0
Karnali_Center,29.267,82.183,2025011902,2025-01-19 02:00:00,2025,1,19,2,1.18,38.12,1.87,2.01,45.07,0.0,90.0
Karnali_Center,29.267,82.183,2025011903,2025-01-19 03:00:00,2025,1,19,3,0.97,39.23,1.96,2.11,32.37,0.0,90.0
Karnali_Center,29.267,82.183,2025011904,2025-01-19 04:00:00,2025,1,19,4,0.69,40.76,2.12,2.24,34.33,0.0,90.0
Karnali_Center,29.267,82.183,2025011905,2025-01-19 05:00:00,2025,1,19,5,0.43,42.67,2.3,2.43,32.23,0.0,90.0
Karnali_Center,29.267,82.183,2025011906,2025-01-19 06:00:00,2025,1,19,6,0.45,44.29,2.39,2.52,45.8,12.98,88.42
Karnali_Center,29.267,82.183,2025011907,2025-01-19 07:00:00,2025,1,19,7,3.73,50.74,2.1,2.54,48.91,148.45,78.3
Karnali_Center,29.267,82.183,2025011908,2025-01-19 08:00:00,2025,1,19,8,8.11,27.94,2.28,2.01,57.74,276.88,67.83
Karnali_Center,29.267,82.183,2025011909,2025-01-19 09:00:00,2025,1,19,9,11.1,20.41,1.01,0.84,60.4,411.62,59.03
Karnali_Center,29.267,82.183,2025011910,2025-01-19 10:00:00,2025,1,19,10,12.63,18.44,2.14,1.93,20.47,499.5,52.77
Karnali_Center,29.267,82.183,2025011911,2025-01-19 11:00:00,2025,1,19,11,13.47,18.26,3.23,2.95,15.62,547.1,50.01
Karnali_Center,29.267,82.183,2025011912,2025-01-19 12:00:00,2025,1,19,12,13.74,18.51,3.81,3.5,36.95,542.8,51.32
Karnali_Center,29.267,82.183,2025011913,2025-01-19 13:00:00,2025,1,19,13,13.54,19.11,3.88,3.62,10.34,435.8,56.42
Karnali_Center,29.267,82.183,2025011914,2025-01-19 14:00:00,2025,1,19,14,12.78,20.38,3.54,3.35,15.16,321.33,64.42
Karnali_Center,29.267,82.183,2025011915,2025-01-19 15:00:00,2025,1,19,15,11.18,25.34,2.65,2.85,9.41,210.98,74.36
Karnali_Center,29.267,82.183,2025011916,2025-01-19 16:00:00,2025,1,19,16,7.25,42.55,1.81,2.32,16.77,47.0,85.47
Karnali_Center,29.267,82.183,2025011917,2025-01-19 17:00:00,2025,1,19,17,5.91,37.74,1.53,1.89,36.31,0.0,90.0
Karnali_Center,29.267,82.183,2025011918,2025-01-19 18:00:00,2025,1,19,18,5.39,39.01,1.38,1.67,33.98,0.0,90.0
Karnali_Center,29.267,82.183,2025011919,2025-01-19 19:00:00,2025,1,19,19,4.69,39.76,1.47,1.71,30.58,0.0,90.0
Karnali_Center,29.267,82.183,2025011920,2025-01-19 20:00:00,2025,1,19,20,3.91,39.86,1.64,1.83,32.39,0.0,90.0
Karnali_Center,29.267,82.183,2025011921,2025-01-19 21:00:00,2025,1,19,21,3.16,40.66,1.87,2.02,33.71,0.0,90.0
Karnali_Center,29.267,82.183,2025011922,2025-01-19 22:00:00,2025,1,19,22,2.91,39.83,1.85,1.98,29.97,0.0,90.0
Karnali_Center,29.267,82.183,2025011923,2025-01-19 23:00:00,2025,1,19,23,3.0,37.89,1.69,1.77,23.91,0.0,90.0
Karnali_Center,29.267,82.183,2025012000,2025-01-20 00:00:00,2025,1,20,0,2.86,36.72,1.57,1.63,4.39,0.0,90.0
Karnali_Center,29.267,82.183,2025012001,2025-01-20 01:00:00,2025,1,20,1,2.69,35.6,1.57,1.61,28.07,0.0,90.0
Karnali_Center,29.267,82.183,2025012002,2025-01-20 02:00:00,2025,1,20,2,2.54,35.02,1.58,1.6,12.06,0.0,90.0
Karnali_Center,29.267,82.183,2025012003,2025-01-20 03:00:00,2025,1,20,3,2.2,35.07,1.67,1.68,28.33,0.0,90.0
Karnali_Center,29.267,82.183,2025012004,2025-01-20 04:00:00,2025,1,20,4,1.81,35.73,1.91,1.92,33.83,0.0,90.0
Karnali_Center,29.267,82.183,2025012005,2025-01-20 05:00:00,2025,1,20,5,1.13,37.36,2.17,2.19,32.58,0.0,90.0
Karnali_Center,29.267,82.183,2025012006,2025-01-20 06:00:00,2025,1,20,6,1.09,39.06,2.23,2.28,37.68,14.5,88.39
Karnali_Center,29.267,82.183,2025012007,2025-01-20 07:00:00,2025,1,20,7,4.35,48.35,1.9,2.18,37.76,172.18,78.22
Karnali_Center,29.267,82.183,2025012008,2025-01-20 08:00:00,2025,1,20,8,8.69,25.07,1.9,1.52,47.96,339.05,67.72
Karnali_Center,29.267,82.183,2025012009,2025-01-20 09:00:00,2025,1,20,9,11.25,21.3,0.88,0.62,52.93,497.75,58.89
Karnali_Center,29.267,82.183,2025012010,2025-01-20 10:00:00,2025,1,20,10,12.83,20.36,2.25,2.07,57.61,592.03,52.59
Karnali_Center,29.267,82.183,2025012011,2025-01-20 11:00:00,2025,1,20,11,13.74,20.05,3.53,3.25,59.69,640.17,49.8
Karnali_Center,29.267,82.183,2025012012,2025-01-20 12:00:00,2025,1,20,12,13.97,20.31,4.34,4.04,41.93,661.97,51.1
Karnali_Center,29.267,82.183,2025012013,2025-01-20 13:00:00,2025,1,20,13,13.64,21.25,4.63,4.38,57.75,528.6,56.2
Karnali_Center,29.267,82.183,2025012014,2025-01-20 14:00:00,2025,1,20,14,12.73,22.94,4.39,4.23,53.34,382.08,64.21
Karnali_Center,29.267,82.183,2025012015,2025-01-20 15:00:00,2025,1,20,15,11.03,26.37,3.25,3.37,43.25,241.3,74.17
Karnali_Center,29.267,82.183,2025012016,2025-01-20 16:00:00,2025,1,20,16,7.05,44.37,1.84,2.46,44.65,52.15,85.32
Karnali_Center,29.267,82.183,2025012017,2025-01-20 17:00:00,2025,1,20,17,5.6,39.93,1.44,1.79,41.0,0.0,90.0
Karnali_Center,29.267,82.183,2025012018,2025-01-20 18:00:00,2025,1,20,18,4.91,40.45,1.26,1.51,39.32,0.0,90.0
Karnali_Center,29.267,82.183,2025012019,2025-01-20 19:00:00,2025,1,20,19,4.27,40.79,1.43,1.61,36.77,0.0,90.0
Karnali_Center,29.267,82.183,2025012020,2025-01-20 20:00:00,2025,1,20,20,3.34,42.51,1.69,1.87,46.16,0.0,90.0
Karnali_Center,29.267,82.183,2025012021,2025-01-20 21:00:00,2025,1,20,21,2.48,43.92,1.97,2.19,50.57,0.0,90.0
Karnali_Center,29.267,82.183,2025012022,2025-01-20 22:00:00,2025,1,20,22,2.06,43.78,2.02,2.22,54.92,0.0,90.0
Karnali_Center,29.267,82.183,2025012023,2025-01-20 23:00:00,2025,1,20,23,1.88,42.85,2.0,2.18,58.16,0.0,90.0
Karnali_Center,29.267,82.183,2025012100,2025-01-21 00:00:00,2025,1,21,0,1.86,41.4,1.95,2.11,35.62,0.0,90.0
Karnali_Center,29.267,82.183,2025012101,2025-01-21 01:00:00,2025,1,21,1,1.8,40.4,1.89,2.02,61.2,0.0,90.0
Karnali_Center,29.267,82.183,2025012102,2025-01-21 02:00:00,2025,1,21,2,1.48,40.47,1.99,2.12,54.43,0.0,90.0
Karnali_Center,29.267,82.183,2025012103,2025-01-21 03:00:00,2025,1,21,3,1.34,40.35,1.99,2.11,66.33,0.0,90.0
Karnali_Center,29.267,82.183,2025012104,2025-01-21 04:00:00,2025,1,21,4,1.22,40.53,1.99,2.11,66.3,0.0,90.0
Karnali_Center,29.267,82.183,2025012105,2025-01-21 05:00:00,2025,1,21,5,1.07,40.8,2.08,2.19,32.55,0.0,90.0
Karnali_Center,29.267,82.183,2025012106,2025-01-21 06:00:00,2025,1,21,6,1.19,42.38,2.1,2.22,48.2,9.38,88.36
Karnali_Center,29.267,82.183,2025012107,2025-01-21 07:00:00,2025,1,21,7,4.36,50.47,1.93,2.26,68.03,62.2,78.14
Karnali_Center,29.267,82.183,2025012108,2025-01-21 08:00:00,2025,1,21,8,8.46,29.19,1.69,1.33,79.92,148.7,67.61
Karnali_Center,29.267,82.183,2025012109,2025-01-21 09:00:00,2025,1,21,9,10.46,26.35,1.41,1.34,92.01,269.92,58.75
Karnali_Center,29.267,82.183,2025012110,2025-01-21 10:00:00,2025,1,21,10,11.57,25.24,2.32,2.28,89.37,311.3,52.41
Karnali_Center,29.267,82.183,2025012111,2025-01-21 11:00:00,2025,1,21,11,12.27,24.57,2.98,2.91,96.98,335.75,49.58
Karnali_Center,29.267,82.183,2025012112,2025-01-21 12:00:00,2025,1,21,12,12.46,24.4,3.41,3.34,98.46,331.98,50.86
Karnali_Center,29.267,82.183,2025012113,2025-01-21 13:00:00,2025,1,21,13,12.13,24.83,3.67,3.62,90.43,231.65,55.98
Karnali_Center,29.267,82.183,2025012114,2025-01-21 14:00:00,2025,1,21,14,11.44,26.14,3.51,3.52,89.58,172.48,64.0
Karnali_Center,29.267,82.183,2025012115,2025-01-21 15:00:00,2025,1,21,15,10.24,29.23,2.82,2.98,88.77,96.7,73.97
Karnali_Center,29.267,82.183,2025012116,2025-01-21 16:00:00,2025,1,21,16,7.19,47.72,1.73,2.37,86.22,23.92,85.15
Karnali_Center,29.267,82.183,2025012117,2025-01-21 17:00:00,2025,1,21,17,5.86,44.61,1.69,2.11,79.5,0.0,90.0
Karnali_Center,29.267,82.183,2025012118,2025-01-21 18:00:00,2025,1,21,18,5.32,44.79,1.64,1.99,69.94,0.0,90.0
Karnali_Center,29.267,82.183,2025012119,2025-01-21 19:00:00,2025,1,21,19,4.88,45.26,1.56,1.86,76.1,0.0,90.0
Karnali_Center,29.267,82.183,2025012120,2025-01-21 20:00:00,2025,1,21,20,4.53,45.02,1.47,1.76,74.82,0.0,90.0
Karnali_Center,29.267,82.183,2025012121,2025-01-21 21:00:00,2025,1,21,21,4.09,45.6,1.41,1.71,73.6,0.0,90.0
Karnali_Center,29.267,82.183,2025012122,2025-01-21 22:00:00,2025,1,21,22,3.55,46.49,1.29,1.6,75.5,0.0,90.0
Karnali_Center,29.267,82.183,2025012123,2025-01-21 23:00:00,2025,1,21,23,3.02,47.36,1.24,1.52,64.85,0.0,90.0
Karnali_Center,29.267,82.183,2025012200,2025-01-22 00:00:00,2025,1,22,0,2.48,48.41,1.35,1.58,51.79,0.0,90.0
Karnali_Center,29.267,82.183,2025012201,2025-01-22 01:00:00,2025,1,22,1,2.03,49.31,1.47,1.66,39.71,0.0,90.0
Karnali_Center,29.267,82.183,2025012202,2025-01-22 02:00:00,2025,1,22,2,1.3,51.24,1.7,1.86,39.99,0.0,90.0
Karnali_Center,29.267,82.183,2025012203,2025-01-22 03:00:00,2025,1,22,3,0.63,53.03,1.93,2.07,49.26,0.0,90.0
Karnali_Center,29.267,82.183,2025012204,2025-01-22 04:00:00,2025,1,22,4,0.04,54.22,2.12,2.27,44.82,0.0,90.0
Karnali_Center,29.267,82.183,2025012205,2025-01-22 05:00:00,2025,1,22,5,-0.28,54.14,2.21,2.33,38.12,0.0,90.0
Karnali_Center,29.267,82.183,2025012206,2025-01-22 06:00:00,2025,1,22,6,-0.24,53.81,2.27,2.4,47.69,13.77,88.32
Karnali_Center,29.267,82.183,2025012207,2025-01-22 07:00:00,2025,1,22,7,3.46,51.82,2.12,2.35,66.88,116.68,78.05
Karnali_Center,29.267,82.183,2025012208,2025-01-22 08:00:00,2025,1,22,8,7.52,27.99,2.03,1.91,72.89,225.38,67.5
Karnali_Center,29.267,82.183,2025012209,2025-01-22 09:00:00,2025,1,22,9,9.86,22.09,1.99,1.96,78.71,347.62,58.59
Karnali_Center,29.267,82.183,2025012210,2025-01-22 10:00:00,2025,1,22,10,11.24,21.53,3.06,2.91,80.62,430.1,52.21
Karnali_Center,29.267,82.183,2025012211,2025-01-22 11:00:00,2025,1,22,11,12.05,21.86,3.94,3.67,54.8,446.35,49.36
Karnali_Center,29.267,82.183,2025012212,2025-01-22 12:00:00,2025,1,22,12,12.28,22.87,4.51,4.21,59.02,410.3,50.63
Karnali_Center,29.267,82.183,2025012213,2025-01-22 13:00:00,2025,1,22,13,11.92,24.72,4.76,4.45,89.42,397.0,55.75
Karnali_Center,29.267,82.183,2025012214,2025-01-22 14:00:00,2025,1,22,14,10.99,27.5,4.49,4.27,85.73,255.35,63.78
Karnali_Center,29.267,82.183,2025012215,2025-01-22 15:00:00,2025,1,22,15,9.4,31.85,3.75,3.64,82.62,153.27,73.78
Karnali_Center,29.267,82.183,2025012216,2025-01-22 16:00:00,2025,1,22,16,5.75,50.0,2.07,2.75,76.25,40.3,84.99
Karnali_Center,29.267,82.183,2025012217,2025-01-22 17:00:00,2025,1,22,17,4.09,51.81,1.43,1.82,69.07,0.0,90.0
Karnali_Center,29.267,82.183,2025012218,2025-01-22 18:00:00,2025,1,22,18,3.97,52.14,1.01,1.27,36.89,0.0,90.0
Karnali_Center,29.267,82.183,2025012219,2025-01-22 19:00:00,2025,1,22,19,3.28,55.22,0.88,1.07,58.01,0.0,90.0
Karnali_Center,29.267,82.183,2025012220,2025-01-22 20:00:00,2025,1,22,20,2.59,58.31,0.92,1.08,62.92,0.0,90.0
Karnali_Center,29.267,82.183,2025012221,2025-01-22 21:00:00,2025,1,22,21,1.85,61.48,0.95,1.12,35.36,0.0,90.0
Karnali_Center,29.267,82.183,2025012222,2025-01-22 22:00:00,2025,1,22,22,1.16,64.25,1.0,1.2,35.18,0.0,90.0
Karnali_Center,29.267,82.183,2025012223,2025-01-22 23:00:00,2025,1,22,23,0.46,66.65,1.09,1.39,30.89,0.0,90.0
Karnali_Center,29.267,82.183,2025012300,2025-01-23 00:00:00,2025,1,23,0,0.0,67.94,1.28,1.72,46.69,0.0,90.0
Karnali_Center,29.267,82.183,2025012301,2025-01-23 01:00:00,2025,1,23,1,-0.3,67.7,1.31,1.73,20.39,0.0,90.0
Karnali_Center,29.267,82.183,2025012302,2025-01-23 02:00:00,2025,1,23,2,-0.54,66.66,1.3,1.66,28.85,0.0,90.0
Karnali_Center,29.267,82.183,2025012303,2025-01-23 03:00:00,2025,1,23,3,-0.83,65.63,1.34,1.62,24.17,0.0,90.0
Karnali_Center,29.267,82.183,2025012304,2025-01-23 04:00:00,2025,1,23,4,-1.03,64.06,1.43,1.66,22.92,0.0,90.0
Karnali_Center,29.267,82.183,2025012305,2025-01-23 05:00:00,2025,1,23,5,-1.17,61.92,1.45,1.68,22.9,0.0,90.0
Karnali_Center,29.267,82.183,2025012306,2025-01-23 06:00:00,2025,1,23,6,-0.66,57.61,1.39,1.64,45.03,12.65,88.28
Karnali_Center,29.267,82.183,2025012307,2025-01-23 07:00:00,2025,1,23,7,2.59,52.98,1.43,1.71,54.18,135.07,77.96
Karnali_Center,29.267,82.183,2025012308,2025-01-23 08:00:00,2025,1,23,8,5.87,35.02,2.7,2.93,62.05,265.77,67.37
Karnali_Center,29.267,82.183,2025012309,2025-01-23 09:00:00,2025,1,23,9,7.58,29.27,4.01,3.99,62.37,464.08,58.43
Karnali_Center,29.267,82.183,2025012310,2025-01-23 10:00:00,2025,1,23,10,8.65,27.0,4.81,4.61,22.35,534.55,52.02
Karnali_Center,29.267,82.183,2025012311,2025-01-23 11:00:00,2025,1,23,11,9.17,26.63,5.32,5.04,30.27,521.97,49.13
Karnali_Center,29.267,82.183,2025012312,2025-01-23 12:00:00,2025,1,23,12,9.19,27.45,5.63,5.3,73.78,493.08,50.39
Karnali_Center,29.267,82.183,2025012313,2025-01-23 13:00:00,2025,1,23,13,8.67,29.95,5.6,5.26,31.83,335.95,55.51
Karnali_Center,29.267,82.183,2025012314,2025-01-23 14:00:00,2025,1,23,14,7.63,34.11,5.25,4.94,36.49,239.75,63.56
Karnali_Center,29.267,82.183,2025012315,2025-01-23 15:00:00,2025,1,23,15,5.94,40.66,4.44,4.2,36.65,146.52,73.58
Karnali_Center,29.267,82.183,2025012316,2025-01-23 16:00:00,2025,1,23,16,2.78,58.45,2.58,3.26,63.12,22.5,84.82
Karnali_Center,29.267,82.183,2025012317,2025-01-23 17:00:00,2025,1,23,17,0.92,69.98,1.99,2.44,66.62,0.0,90.0
Karnali_Center,29.267,82.183,2025012318,2025-01-23 18:00:00,2025,1,23,18,0.57,73.08,1.68,1.95,92.04,0.0,90.0
Karnali_Center,29.267,82.183,2025012319,2025-01-23 19:00:00,2025,1,23,19,0.11,77.45,1.44,1.65,55.78,0.0,90.0
Karnali_Center,29.267,82.183,2025012320,2025-01-23 20:00:00,2025,1,23,20,-0.34,81.47,1.36,1.52,45.42,0.0,90.0
Karnali_Center,29.267,82.183,2025012321,2025-01-23 21:00:00,2025,1,23,21,-0.77,85.2,1.35,1.59,24.12,0.0,90.0
Karnali_Center,29.267,82.183,2025012322,2025-01-23 22:00:00,2025,1,23,22,-1.22,88.21,1.51,1.86,10.4,0.0,90.0
Karnali_Center,29.267,82.183,2025012323,2025-01-23 23:00:00,2025,1,23,23,-1.42,89.45,1.52,1.87,39.55,0.0,90.0
Karnali_Center,29.267,82.183,2025012400,2025-01-24 00:00:00,2025,1,24,0,-1.65,91.58,1.56,1.91,43.76,0.0,90.0
Karnali_Center,29.267,82.183,2025012401,2025-01-24 01:00:00,2025,1,24,1,-1.84,92.99,1.56,1.89,25.6,0.0,90.0
Karnali_Center,29.267,82.183,2025012402,2025-01-24 02:00:00,2025,1,24,2,-1.9,93.18,1.54,1.86,34.71,0.0,90.0
Karnali_Center,29.267,82.183,2025012403,2025-01-24 03:00:00,2025,1,24,3,-1.95,92.43,1.49,1.8,40.45,0.0,90.0
Karnali_Center,29.267,82.183,2025012404,2025-01-24 04:00:00,2025,1,24,4,-1.96,90.52,1.51,1.79,37.57,0.0,90.0
Karnali_Center,29.267,82.183,2025012405,2025-01-24 05:00:00,2025,1,24,5,-1.94,87.55,1.51,1.76,41.13,0.0,90.0
Karnali_Center,29.267,82.183,2025012406,2025-01-24 06:00:00,2025,1,24,6,-1.76,83.04,1.54,1.78,45.37,15.75,88.24
Karnali_Center,29.267,82.183,2025012407,2025-01-24 07:00:00,2025,1,24,7,1.22,67.81,1.62,1.64,45.77,174.48,77.86
Karnali_Center,29.267,82.183,2025012408,2025-01-24 08:00:00,2025,1,24,8,4.61,55.51,1.34,1.29,49.9,337.4,67.24
Karnali_Center,29.267,82.183,2025012409,2025-01-24 09:00:00,2025,1,24,9,6.95,45.25,1.94,1.4,50.33,482.15,58.27
Karnali_Center,29.267,82.183,2025012410,2025-01-24 10:00:00,2025,1,24,10,8.54,39.35,3.09,2.39,48.57,603.75,51.81
Karnali_Center,29.267,82.183,2025012411,2025-01-24 11:00:00,2025,1,24,11,9.37,38.06,4.1,3.3,52.06,664.2,48.89
Karnali_Center,29.267,82.183,2025012412,2025-01-24 12:00:00,2025,1,24,12,9.59,39.39,4.82,3.98,42.56,636.38,50.14
Karnali_Center,29.267,82.183,2025012413,2025-01-24 13:00:00,2025,1,24,13,9.29,41.83,5.05,4.25,52.59,530.28,55.27
Karnali_Center,29.267,82.183,2025012414,2025-01-24 14:00:00,2025,1,24,14,8.34,46.38,4.76,4.05,46.72,391.9,63.34
Karnali_Center,29.267,82.183,2025012415,2025-01-24 15:00:00,2025,1,24,15,6.7,53.43,4.0,3.49,34.79,258.8,73.38
Karnali_Center,29.267,82.183,2025012416,2025-01-24 16:00:00,2025,1,24,16,3.68,68.43,2.35,2.77,32.39,64.38,84.65
Karnali_Center,29.267,82.183,2025012417,2025-01-24 17:00:00,2025,1,24,17,1.21,82.19,1.75,2.3,25.29,0.0,90.0
Karnali_Center,29.267,82.183,2025012418,2025-01-24 18:00:00,2025,1,24,18,0.29,88.11,1.71,2.18,28.62,0.0,90.0
Karnali_Center,29.267,82.183,2025012419,2025-01-24 19:00:00,2025,1,24,19,-0.46,92.35,1.86,2.2,28.8,0.0,90.0
Karnali_Center,29.267,82.183,2025012420,2025-01-24 20:00:00,2025,1,24,20,-0.89,93.47,1.96,2.18,24.53,0.0,90.0
Karnali_Center,29.267,82.183,2025012421,2025-01-24 21:00:00,2025,1,24,21,-1.2,92.97,2.07,2.23,31.45,0.0,90.0
Karnali_Center,29.267,82.183,2025012422,2025-01-24 22:00:00,2025,1,24,22,-1.43,91.34,2.12,2.24,35.95,0.0,90.0
Karnali_Center,29.267,82.183,2025012423,2025-01-24 23:00:00,2025,1,24,23,-1.56,88.44,2.12,2.21,29.78,0.0,90.0
Karnali_Center,29.267,82.183,2025012500,2025-01-25 00:00:00,2025,1,25,0,-1.62,84.76,2.07,2.13,7.51,0.0,90.0
Karnali_Center,29.267,82.183,2025012501,2025-01-25 01:00:00,2025,1,25,1,-1.45,79.72,1.95,1.98,3.47,0.0,90.0
Karnali_Center,29.267,82.183,2025012502,2025-01-25 02:00:00,2025,1,25,2,-1.35,76.51,1.86,1.87,15.1,0.0,90.0
Karnali_Center,29.267,82.183,2025012503,2025-01-25 03:00:00,2025,1,25,3,-1.37,74.51,1.8,1.81,39.96,0.0,90.0
Karnali_Center,29.267,82.183,2025012504,2025-01-25 04:00:00,2025,1,25,4,-1.52,73.54,1.83,1.84,41.71,0.0,90.0
Karnali_Center,29.267,82.183,2025012505,2025-01-25 05:00:00,2025,1,25,5,-1.6,72.14,1.84,1.85,42.89,0.0,90.0
Karnali_Center,29.267,82.183,2025012506,2025-01-25 06:00:00,2025,1,25,6,-1.25,68.24,1.8,1.85,44.71,16.4,88.19
Karnali_Center,29.267,82.183,2025012507,2025-01-25 07:00:00,2025,1,25,7,2.29,56.53,1.77,1.68,35.82,193.65,77.75
Karnali_Center,29.267,82.183,2025012508,2025-01-25 08:00:00,2025,1,25,8,6.23,37.81,1.43,1.2,47.79,351.12,67.11
Karnali_Center,29.267,82.183,2025012509,2025-01-25 09:00:00,2025,1,25,9,9.12,26.57,1.99,1.52,50.23,507.58,58.1
Karnali_Center,29.267,82.183,2025012510,2025-01-25 10:00:00,2025,1,25,10,10.93,22.47,3.04,2.41,51.67,631.05,51.6
Karnali_Center,29.267,82.183,2025012511,2025-01-25 11:00:00,2025,1,25,11,12.1,21.02,3.98,3.21,54.52,702.3,48.65
Karnali_Center,29.267,82.183,2025012512,2025-01-25 12:00:00,2025,1,25,12,12.62,20.84,4.59,3.8,40.52,697.67,49.89
Karnali_Center,29.267,82.183,2025012513,2025-01-25 13:00:00,2025,1,25,13,12.48,21.66,4.77,4.01,54.19,571.65,55.03
Karnali_Center,29.267,82.183,2025012514,2025-01-25 14:00:00,2025,1,25,14,11.65,23.46,4.45,3.79,45.88,417.6,63.12
Karnali_Center,29.267,82.183,2025012515,2025-01-25 15:00:00,2025,1,25,15,9.94,27.7,3.6,3.26,36.49,261.92,73.18
Karnali_Center,29.267,82.183,2025012516,2025-01-25 16:00:00,2025,1,25,16,5.49,48.12,2.07,2.59,28.84,63.45,84.48
Karnali_Center,29.267,82.183,2025012517,2025-01-25 17:00:00,2025,1,25,17,3.29,50.08,1.71,2.1,23.15,0.0,90.0
Karnali_Center,29.267,82.183,2025012518,2025-01-25 18:00:00,2025,1,25,18,2.57,50.86,1.59,1.91,29.6,0.0,90.0
Karnali_Center,29.267,82.183,2025012519,2025-01-25 19:00:00,2025,1,25,19,1.84,51.46,1.76,1.99,32.88,0.0,90.0
Karnali_Center,29.267,82.183,2025012520,2025-01-25 20:00:00,2025,1,25,20,1.53,49.91,1.82,2.01,36.76,0.0,90.0
Karnali_Center,29.267,82.183,2025012521,2025-01-25 21:00:00,2025,1,25,21,1.45,47.48,1.8,1.96,38.85,0.0,90.0
Karnali_Center,29.267,82.183,2025012522,2025-01-25 22:00:00,2025,1,25,22,1.35,45.08,1.76,1.91,45.95,0.0,90.0
Karnali_Center,29.267,82.183,2025012523,2025-01-25 23:00:00,2025,1,25,23,1.16,43.43,1.75,1.91,44.23,0.0,90.0
Karnali_Center,29.267,82.183,2025012600,2025-01-26 00:00:00,2025,1,26,0,0.93,42.39,1.82,1.99,6.79,0.0,90.0
Karnali_Center,29.267,82.183,2025012601,2025-01-26 01:00:00,2025,1,26,1,0.71,41.63,1.92,2.1,40.5,0.0,90.0
Karnali_Center,29.267,82.183,2025012602,2025-01-26 02:00:00,2025,1,26,2,0.28,41.83,2.08,2.28,27.78,0.0,90.0
Karnali_Center,29.267,82.183,2025012603,2025-01-26 03:00:00,2025,1,26,3,-0.11,41.92,2.18,2.37,50.58,0.0,90.0
Karnali_Center,29.267,82.183,2025012604,2025-01-26 04:00:00,2025,1,26,4,-0.25,40.87,2.21,2.4,59.35,0.0,90.0
Karnali_Center,29.267,82.183,2025012605,2025-01-26 05:00:00,2025,1,26,5,-0.3,39.32,2.22,2.42,50.46,0.0,90.0
Karnali_Center,29.267,82.183,2025012606,2025-01-26 06:00:00,2025,1,26,6,0.18,38.81,2.15,2.37,50.5,17.05,88.14
Karnali_Center,29.267,82.183,2025012607,2025-01-26 07:00:00,2025,1,26,7,3.94,43.22,1.87,2.21,41.57,190.7,77.64
Karnali_Center,29.267,82.183,2025012608,2025-01-26 08:00:00,2025,1,26,8,7.82,25.97,1.75,1.6,49.42,363.52,66.97
Karnali_Center,29.267,82.183,2025012609,2025-01-26 09:00:00,2025,1,26,9,10.99,18.08,2.16,1.77,50.67,524.55,57.92
Karnali_Center,29.267,82.183,2025012610,2025-01-26 10:00:00,2025,1,26,10,12.36,16.43,3.33,2.75,50.72,654.62,51.38
Karnali_Center,29.267,82.183,2025012611,2025-01-26 11:00:00,2025,1,26,11,13.0,16.98,4.23,3.5,31.04,762.3,48.41
Karnali_Center,29.267,82.183,2025012612,2025-01-26 12:00:00,2025,1,26,12,13.07,18.34,4.72,3.95,52.45,692.35,49.64
Karnali_Center,29.267,82.183,2025012613,2025-01-26 13:00:00,2025,1,26,13,12.64,19.95,4.77,4.02,52.65,589.75,54.79
Karnali_Center,29.267,82.183,2025012614,2025-01-26 14:00:00,2025,1,26,14,11.62,22.17,4.39,3.75,44.22,436.42,62.9
Karnali_Center,29.267,82.183,2025012615,2025-01-26 15:00:00,2025,1,26,15,9.82,26.13,3.54,3.19,28.1,279.25,72.98
Karnali_Center,29.267,82.183,2025012616,2025-01-26 16:00:00,2025,1,26,16,5.38,46.31,2.04,2.53,26.86,68.75,84.3
Karnali_Center,29.267,82.183,2025012617,2025-01-26 17:00:00,2025,1,26,17,3.03,48.73,1.74,2.11,21.39,0.0,90.0
Karnali_Center,29.267,82.183,2025012618,2025-01-26 18:00:00,2025,1,26,18,2.23,49.84,1.69,2.04,17.81,0.0,90.0
Karnali_Center,29.267,82.183,2025012619,2025-01-26 19:00:00,2025,1,26,19,1.75,49.6,1.64,1.91,19.06,0.0,90.0
Karnali_Center,29.267,82.183,2025012620,2025-01-26 20:00:00,2025,1,26,20,1.48,48.72,1.58,1.79,26.7,0.0,90.0
Karnali_Center,29.267,82.183,2025012621,2025-01-26 21:00:00,2025,1,26,21,1.22,47.74,1.58,1.75,26.77,0.0,90.0
Karnali_Center,29.267,82.183,2025012622,2025-01-26 22:00:00,2025,1,26,22,0.98,46.81,1.56,1.71,33.88,0.0,90.0
Karnali_Center,29.267,82.183,2025012623,2025-01-26 23:00:00,2025,1,26,23,0.67,46.42,1.57,1.71,35.32,0.0,90.0
Karnali_Center,29.267,82.183,2025012700,2025-01-27 00:00:00,2025,1,27,0,0.25,46.18,1.71,1.87,4.58,0.0,90.0
Karnali_Center,29.267,82.183,2025012701,2025-01-27 01:00:00,2025,1,27,1,-0.09,45.46,1.86,2.02,39.74,0.0,90.0
Karnali_Center,29.267,82.183,2025012702,2025-01-27 02:00:00,2025,1,27,2,-0.4,44.47,2.0,2.16,3.5,0.0,90.0
Karnali_Center,29.267,82.183,2025012703,2025-01-27 03:00:00,2025,1,27,3,-0.69,43.33,2.1,2.26,45.38,0.0,90.0
Karnali_Center,29.267,82.183,2025012704,2025-01-27 04:00:00,2025,1,27,4,-0.85,41.48,2.17,2.33,51.11,0.0,90.0
Karnali_Center,29.267,82.183,2025012705,2025-01-27 05:00:00,2025,1,27,5,-0.9,39.22,2.2,2.34,46.1,0.0,90.0
Karnali_Center,29.267,82.183,2025012706,2025-01-27 06:00:00,2025,1,27,6,-0.45,38.4,2.15,2.31,47.32,17.88,88.09
Karnali_Center,29.267,82.183,2025012707,2025-01-27 07:00:00,2025,1,27,7,3.33,39.54,1.93,2.13,38.13,198.4,77.53
Karnali_Center,29.267,82.183,2025012708,2025-01-27 08:00:00,2025,1,27,8,7.31,23.12,1.41,1.27,47.41,379.55,66.82
Karnali_Center,29.267,82.183,2025012709,2025-01-27 09:00:00,2025,1,27,9,10.75,18.06,1.71,1.31,51.11,543.25,57.73
Karnali_Center,29.267,82.183,2025012710,2025-01-27 10:00:00,2025,1,27,10,12.35,16.72,3.18,2.5,49.38,676.33,51.16
Karnali_Center,29.267,82.183,2025012711,2025-01-27 11:00:00,2025,1,27,11,13.12,16.88,4.26,3.45,20.07,785.17,48.15
Karnali_Center,29.267,82.183,2025012712,2025-01-27 12:00:00,2025,1,27,12,13.18,17.78,5.07,4.24,53.12,706.33,49.38
Karnali_Center,29.267,82.183,2025012713,2025-01-27 13:00:00,2025,1,27,13,12.55,19.78,5.27,4.5,34.88,638.8,54.54
Karnali_Center,29.267,82.183,2025012714,2025-01-27 14:00:00,2025,1,27,14,11.49,22.31,4.81,4.18,31.29,470.62,62.67
Karnali_Center,29.267,82.183,2025012715,2025-01-27 15:00:00,2025,1,27,15,9.78,26.42,3.91,3.56,17.88,295.42,72.77
Karnali_Center,29.267,82.183,2025012716,2025-01-27 16:00:00,2025,1,27,16,5.3,46.85,2.14,2.69,17.09,76.12,84.12
Karnali_Center,29.267,82.183,2025012717,2025-01-27 17:00:00,2025,1,27,17,3.15,48.81,1.77,2.14,15.36,0.0,90.0
Karnali_Center,29.267,82.183,2025012718,2025-01-27 18:00:00,2025,1,27,18,2.43,49.83,1.77,2.09,15.31,0.0,90.0
Karnali_Center,29.267,82.183,2025012719,2025-01-27 19:00:00,2025,1,27,19,1.8,50.32,1.95,2.2,22.76,0.0,90.0
Karnali_Center,29.267,82.183,2025012720,2025-01-27 20:00:00,2025,1,27,20,1.65,48.69,1.9,2.11,22.42,0.0,90.0
Karnali_Center,29.267,82.183,2025012721,2025-01-27 21:00:00,2025,1,27,21,1.71,46.48,1.7,1.88,21.78,0.0,90.0
Karnali_Center,29.267,82.183,2025012722,2025-01-27 22:00:00,2025,1,27,22,1.59,45.36,1.56,1.73,25.06,0.0,90.0
Karnali_Center,29.267,82.183,2025012723,2025-01-27 23:00:00,2025,1,27,23,1.22,45.54,1.48,1.66,21.5,0.0,90.0
Karnali_Center,29.267,82.183,2025012800,2025-01-28 00:00:00,2025,1,28,0,0.94,45.59,1.49,1.67,25.99,0.0,90.0
Karnali_Center,29.267,82.183,2025012801,2025-01-28 01:00:00,2025,1,28,1,0.8,45.15,1.58,1.75,6.58,0.0,90.0
Karnali_Center,29.267,82.183,2025012802,2025-01-28 02:00:00,2025,1,28,2,0.58,44.77,1.7,1.86,11.05,0.0,90.0
Karnali_Center,29.267,82.183,2025012803,2025-01-28 03:00:00,2025,1,28,3,0.32,44.5,1.76,1.92,30.34,0.0,90.0
Karnali_Center,29.267,82.183,2025012804,2025-01-28 04:00:00,2025,1,28,4,0.06,43.48,1.84,1.98,38.63,0.0,90.0
Karnali_Center,29.267,82.183,2025012805,2025-01-28 05:00:00,2025,1,28,5,-0.01,42.22,1.83,1.91,34.67,0.0,90.0
Karnali_Center,29.267,82.183,2025012806,2025-01-28 06:00:00,2025,1,28,6,0.2,41.24,1.79,1.87,38.23,20.3,88.03
Karnali_Center,29.267,82.183,2025012807,2025-01-28 07:00:00,2025,1,28,7,3.37,43.24,1.66,1.75,34.41,200.57,77.41
Karnali_Center,29.267,82.183,2025012808,2025-01-28 08:00:00,2025,1,28,8,7.35,25.97,0.92,0.8,45.66,373.67,66.67
Karnali_Center,29.267,82.183,2025012809,2025-01-28 09:00:00,2025,1,28,9,10.55,20.11,1.51,1.0,50.25,533.1,57.54
Karnali_Center,29.267,82.183,2025012810,2025-01-28 10:00:00,2025,1,28,10,12.15,18.58,2.8,2.08,51.11,665.17,50.93
Karnali_Center,29.267,82.183,2025012811,2025-01-28 11:00:00,2025,1,28,11,13.02,18.53,3.97,3.08,52.35,728.65,47.9
Karnali_Center,29.267,82.183,2025012812,2025-01-28 12:00:00,2025,1,28,12,13.04,20.11,4.66,3.73,51.91,701.62,49.11
Karnali_Center,29.267,82.183,2025012813,2025-01-28 13:00:00,2025,1,28,13,12.35,22.95,4.76,3.88,40.05,631.33,54.29
Karnali_Center,29.267,82.183,2025012814,2025-01-28 14:00:00,2025,1,28,14,11.17,26.36,4.42,3.68,34.75,466.9,62.44
Karnali_Center,29.267,82.183,2025012815,2025-01-28 15:00:00,2025,1,28,15,9.31,31.61,3.56,3.16,19.84,297.73,72.57
Karnali_Center,29.267,82.183,2025012816,2025-01-28 16:00:00,2025,1,28,16,5.35,50.47,1.89,2.32,17.82,81.65,83.93
Karnali_Center,29.267,82.183,2025012817,2025-01-28 17:00:00,2025,1,28,17,3.27,52.81,1.27,1.55,13.42,0.0,90.0
Karnali_Center,29.267,82.183,2025012818,2025-01-28 18:00:00,2025,1,28,18,2.53,55.23,1.24,1.44,17.08,0.0,90.0
Karnali_Center,29.267,82.183,2025012819,2025-01-28 19:00:00,2025,1,28,19,1.87,57.12,1.57,1.76,13.3,0.0,90.0
Karnali_Center,29.267,82.183,2025012820,2025-01-28 20:00:00,2025,1,28,20,1.24,58.59,1.79,2.01,15.88,0.0,90.0
Karnali_Center,29.267,82.183,2025012821,2025-01-28 21:00:00,2025,1,28,21,0.8,58.71,1.97,2.19,12.26,0.0,90.0
Karnali_Center,29.267,82.183,2025012822,2025-01-28 22:00:00,2025,1,28,22,0.67,56.92,2.04,2.25,14.55,0.0,90.0
Karnali_Center,29.267,82.183,2025012823,2025-01-28 23:00:00,2025,1,28,23,0.64,54.31,2.0,2.21,18.33,0.0,90.0
Karnali_Center,29.267,82.183,2025012900,2025-01-29 00:00:00,2025,1,29,0,0.87,51.1,1.86,2.04,17.75,0.0,90.0
Karnali_Center,29.267,82.183,2025012901,2025-01-29 01:00:00,2025,1,29,1,0.92,49.14,1.74,1.93,5.62,0.0,90.0
Karnali_Center,29.267,82.183,2025012902,2025-01-29 02:00:00,2025,1,29,2,0.73,48.37,1.69,1.87,12.8,0.0,90.0
Karnali_Center,29.267,82.183,2025012903,2025-01-29 03:00:00,2025,1,29,3,0.77,47.15,1.72,1.88,25.29,0.0,90.0
Karnali_Center,29.267,82.183,2025012904,2025-01-29 04:00:00,2025,1,29,4,0.7,46.33,1.75,1.91,3.8,0.0,90.0
Karnali_Center,29.267,82.183,2025012905,2025-01-29 05:00:00,2025,1,29,5,0.62,45.36,1.73,1.89,18.95,0.0,90.0
Karnali_Center,29.267,82.183,2025012906,2025-01-29 06:00:00,2025,1,29,6,1.0,44.88,1.62,1.77,28.98,20.1,87.97
Karnali_Center,29.267,82.183,2025012907,2025-01-29 07:00:00,2025,1,29,7,3.96,46.06,1.46,1.52,44.33,172.3,77.28
Karnali_Center,29.267,82.183,2025012908,2025-01-29 08:00:00,2025,1,29,8,7.22,29.37,1.5,1.37,53.04,276.2,66.51
Karnali_Center,29.267,82.183,2025012909,2025-01-29 09:00:00,2025,1,29,9,9.3,23.54,3.05,2.74,62.97,408.35,57.35
Karnali_Center,29.267,82.183,2025012910,2025-01-29 10:00:00,2025,1,29,10,10.61,21.28,4.22,3.76,79.77,506.6,50.7
Karnali_Center,29.267,82.183,2025012911,2025-01-29 11:00:00,2025,1,29,11,11.27,20.7,4.93,4.39,35.15,554.9,47.63
Karnali_Center,29.267,82.183,2025012912,2025-01-29 12:00:00,2025,1,29,12,11.37,21.65,5.32,4.79,73.09,524.17,48.84
Karnali_Center,29.267,82.183,2025012913,2025-01-29 13:00:00,2025,1,29,13,10.89,24.1,5.35,4.86,79.36,435.2,54.03
Karnali_Center,29.267,82.183,2025012914,2025-01-29 14:00:00,2025,1,29,14,9.88,27.57,4.91,4.51,76.65,323.9,62.21
Karnali_Center,29.267,82.183,2025012915,2025-01-29 15:00:00,2025,1,29,15,8.23,32.71,4.06,3.8,73.81,186.2,72.36
Karnali_Center,29.267,82.183,2025012916,2025-01-29 16:00:00,2025,1,29,16,4.73,50.51,2.2,2.88,67.34,54.95,83.75
Karnali_Center,29.267,82.183,2025012917,2025-01-29 17:00:00,2025,1,29,17,2.64,54.5,1.72,2.17,62.17,0.0,90.0
Karnali_Center,29.267,82.183,2025012918,2025-01-29 18:00:00,2025,1,29,18,2.1,56.34,1.41,1.77,33.36,0.0,90.0
Karnali_Center,29.267,82.183,2025012919,2025-01-29 19:00:00,2025,1,29,19,1.52,58.93,1.3,1.59,31.24,0.0,90.0
Karnali_Center,29.267,82.183,2025012920,2025-01-29 20:00:00,2025,1,29,20,0.89,62.37,1.34,1.59,52.38,0.0,90.0
Karnali_Center,29.267,82.183,2025012921,2025-01-29 21:00:00,2025,1,29,21,0.34,65.43,1.39,1.58,17.19,0.0,90.0
Karnali_Center,29.267,82.183,2025012922,2025-01-29 22:00:00,2025,1,29,22,-0.16,68.12,1.42,1.58,27.39,0.0,90.0
Karnali_Center,29.267,82.183,2025012923,2025-01-29 23:00:00,2025,1,29,23,-0.64,71.04,1.48,1.65,13.24,0.0,90.0
Karnali_Center,29.267,82.183,2025013000,2025-01-30 00:00:00,2025,1,30,0,-0.99,73.29,1.49,1.68,26.85,0.0,90.0
Karnali_Center,29.267,82.183,2025013001,2025-01-30 01:00:00,2025,1,30,1,-1.29,75.08,1.51,1.7,10.45,0.0,90.0
Karnali_Center,29.267,82.183,2025013002,2025-01-30 02:00:00,2025,1,30,2,-1.7,77.65,1.64,1.84,12.93,0.0,90.0
Karnali_Center,29.267,82.183,2025013003,2025-01-30 03:00:00,2025,1,30,3,-2.15,80.13,1.81,1.99,8.43,0.0,90.0
Karnali_Center,29.267,82.183,2025013004,2025-01-30 04:00:00,2025,1,30,4,-2.45,81.44,1.91,2.08,9.62,0.0,90.0
Karnali_Center,29.267,82.183,2025013005,2025-01-30 05:00:00,2025,1,30,5,-2.56,80.81,1.94,2.07,11.36,0.0,90.0
Karnali_Center,29.267,82.183,2025013006,2025-01-30 06:00:00,2025,1,30,6,-2.12,76.57,1.89,2.07,19.8,22.7,87.9
Karnali_Center,29.267,82.183,2025013007,2025-01-30 07:00:00,2025,1,30,7,1.69,59.53,1.87,1.83,18.34,217.8,77.15
Karnali_Center,29.267,82.183,2025013008,2025-01-30 08:00:00,2025,1,30,8,5.41,34.91,2.3,2.33,38.54,396.85,66.35
Karnali_Center,29.267,82.183,2025013009,2025-01-30 09:00:00,2025,1,30,9,7.36,27.16,3.5,3.21,46.87,567.55,57.15
Karnali_Center,29.267,82.183,2025013010,2025-01-30 10:00:00,2025,1,30,10,8.43,26.18,4.38,3.96,48.38,678.65,50.46
Karnali_Center,29.267,82.183,2025013011,2025-01-30 11:00:00,2025,1,30,11,9.04,26.79,5.04,4.55,52.78,739.83,47.36
Karnali_Center,29.267,82.183,2025013012,2025-01-30 12:00:00,2025,1,30,12,9.15,28.15,5.44,4.96,36.03,733.22,48.57
Karnali_Center,29.267,82.183,2025013013,2025-01-30 13:00:00,2025,1,30,13,8.75,29.81,5.47,5.03,51.16,606.75,53.78
Karnali_Center,29.267,82.183,2025013014,2025-01-30 14:00:00,2025,1,30,14,7.79,32.45,5.14,4.75,41.24,458.8,61.98
Karnali_Center,29.267,82.183,2025013015,2025-01-30 15:00:00,2025,1,30,15,6.18,37.21,4.3,4.02,31.87,279.02,72.16
Karnali_Center,29.267,82.183,2025013016,2025-01-30 16:00:00,2025,1,30,16,2.84,54.07,2.39,3.1,19.68,88.82,83.56
Karnali_Center,29.267,82.183,2025013017,2025-01-30 17:00:00,2025,1,30,17,0.49,60.95,1.9,2.41,12.18,0.0,90.0
Karnali_Center,29.267,82.183,2025013018,2025-01-30 18:00:00,2025,1,30,18,-0.16,63.29,1.65,2.09,12.75,0.0,90.0
Karnali_Center,29.267,82.183,2025013019,2025-01-30 19:00:00,2025,1,30,19,-0.97,67.9,1.72,2.14,10.38,0.0,90.0
Karnali_Center,29.267,82.183,2025013020,2025-01-30 20:00:00,2025,1,30,20,-1.78,72.42,1.88,2.3,17.17,0.0,90.0
Karnali_Center,29.267,82.183,2025013021,2025-01-30 21:00:00,2025,1,30,21,-2.29,74.88,1.92,2.3,15.64,0.0,90.0
Karnali_Center,29.267,82.183,2025013022,2025-01-30 22:00:00,2025,1,30,22,-2.73,76.5,1.89,2.2,13.04,0.0,90.0
Karnali_Center,29.267,82.183,2025013023,2025-01-30 23:00:00,2025,1,30,23,-2.97,76.6,1.82,2.08,17.45,0.0,90.0
Karnali_Center,29.267,82.183,2025013100,2025-01-31 00:00:00,2025,1,31,0,-3.19,77.06,1.79,2.03,4.88,0.0,90.0
Karnali_Center,29.267,82.183,2025013101,2025-01-31 01:00:00,2025,1,31,1,-3.64,79.26,1.87,2.09,18.29,0.0,90.0
Karnali_Center,29.267,82.183,2025013102,2025-01-31 02:00:00,2025,1,31,2,-3.89,79.63,1.99,2.2,4.97,0.0,90.0
Karnali_Center,29.267,82.183,2025013103,2025-01-31 03:00:00,2025,1,31,3,-4.12,79.32,2.14,2.35,24.86,0.0,90.0
Karnali_Center,29.267,82.183,2025013104,2025-01-31 04:00:00,2025,1,31,4,-4.11,75.54,2.18,2.37,32.4,0.0,90.0
Karnali_Center,29.267,82.183,2025013105,2025-01-31 05:00:00,2025,1,31,5,-4.03,70.31,2.17,2.36,23.97,0.0,90.0
Karnali_Center,29.267,82.183,2025013106,2025-01-31 06:00:00,2025,1,31,6,-3.27,63.5,2.09,2.34,20.67,24.92,87.83
Karnali_Center,29.267,82.183,2025013107,2025-01-31 07:00:00,2025,1,31,7,1.4,45.25,2.21,2.11,11.8,226.77,77.01
Karnali_Center,29.267,82.183,2025013108,2025-01-31 08:00:00,2025,1,31,8,5.36,23.82,1.87,1.59,17.29,438.45,66.18
Karnali_Center,29.267,82.183,2025013109,2025-01-31 09:00:00,2025,1,31,9,7.37,19.07,2.62,2.36,15.39,628.9,56.94
Karnali_Center,29.267,82.183,2025013110,2025-01-31 10:00:00,2025,1,31,10,8.62,18.44,3.57,3.24,28.91,695.55,50.21
Karnali_Center,29.267,82.183,2025013111,2025-01-31 11:00:00,2025,1,31,11,9.45,18.6,4.31,3.9,51.06,709.62,47.09
Karnali_Center,29.267,82.183,2025013112,2025-01-31 12:00:00,2025,1,31,12,9.71,19.89,4.83,4.38,29.37,741.83,48.29
Karnali_Center,29.267,82.183,2025013113,2025-01-31 13:00:00,2025,1,31,13,9.37,21.9,4.93,4.49,50.52,631.83,53.52
Karnali_Center,29.267,82.183,2025013114,2025-01-31 14:00:00,2025,1,31,14,8.58,24.44,4.49,4.13,40.4,478.9,61.75
Karnali_Center,29.267,82.183,2025013115,2025-01-31 15:00:00,2025,1,31,15,7.22,28.17,3.65,3.44,30.04,294.02,71.95
Karnali_Center,29.267,82.183,2025013116,2025-01-31 16:00:00,2025,1,31,16,4.0,44.54,2.06,2.61,19.48,95.12,83.36
Karnali_Center,29.267,82.183,2025013117,2025-01-31 17:00:00,2025,1,31,17,1.91,46.6,1.55,1.98,15.11,0.0,90.0
Karnali_Center,29.267,82.183,2025013118,2025-01-31 18:00:00,2025,1,31,18,1.54,47.21,1.26,1.61,17.02,0.0,90.0
Karnali_Center,29.267,82.183,2025013119,2025-01-31 19:00:00,2025,1,31,19,1.07,48.86,1.15,1.45,17.08,0.0,90.0
Karnali_Center,29.267,82.183,2025013120,2025-01-31 20:00:00,2025,1,31,20,0.41,51.45,1.08,1.34,1.6,0.0,90.0
Karnali_Center,29.267,82.183,2025013121,2025-01-31 21:00:00,2025,1,31,21,-0.39,54.75,1.14,1.3,1.04,0.0,90.0
Karnali_Center,29.267,82.183,2025013122,2025-01-31 22:00:00,2025,1,31,22,-1.04,57.97,1.31,1.44,1.51,0.0,90.0
Karnali_Center,29.267,82.183,2025013123,2025-01-31 23:00:00,2025,1,31,23,-1.42,59.61,1.49,1.61,1.08,0.0,90.0
Karnali_Center,29.267,82.183,2025020100,2025-02-01 00:00:00,2025,2,1,0,-1.85,61.1,1.63,1.75,4.73,0.0,90.0
Karnali_Center,29.267,82.183,2025020101,2025-02-01 01:00:00,2025,2,1,1,-2.06,60.59,1.69,1.79,1.09,0.0,90.0
Karnali_Center,29.267,82.183,2025020102,2025-02-01 02:00:00,2025,2,1,2,-2.06,58.78,1.7,1.8,2.89,0.0,90.0
Karnali_Center,29.267,82.183,2025020103,2025-02-01 03:00:00,2025,2,1,3,-2.02,55.9,1.71,1.79,22.79,0.0,90.0
Karnali_Center,29.267,82.183,2025020104,2025-02-01 04:00:00,2025,2,1,4,-1.97,53.01,1.73,1.8,30.47,0.0,90.0
Karnali_Center,29.267,82.183,2025020105,2025-02-01 05:00:00,2025,2,1,5,-1.84,49.62,1.71,1.78,20.72,0.0,90.0
Karnali_Center,29.267,82.183,2025020106,2025-02-01 06:00:00,2025,2,1,6,-1.23,46.77,1.66,1.77,18.64,25.27,87.76
Karnali_Center,29.267,82.183,2025020107,2025-02-01 07:00:00,2025,2,1,7,2.43,42.3,1.65,1.77,10.45,229.25,76.87
Karnali_Center,29.267,82.183,2025020108,2025-02-01 08:00:00,2025,2,1,8,6.0,21.98,2.53,2.69,17.67,438.95,66.0
Karnali_Center,29.267,82.183,2025020109,2025-02-01 09:00:00,2025,2,1,9,7.65,18.86,3.37,3.27,16.59,628.35,56.73
Karnali_Center,29.267,82.183,2025020110,2025-02-01 10:00:00,2025,2,1,10,8.62,19.21,4.07,3.77,27.1,725.45,49.96
Karnali_Center,29.267,82.183,2025020111,2025-02-01 11:00:00,2025,2,1,11,9.15,20.62,4.56,4.15,25.7,797.67,46.81
Karnali_Center,29.267,82.183,2025020112,2025-02-01 12:00:00,2025,2,1,12,9.24,22.46,4.79,4.35,48.6,734.88,48.01
Karnali_Center,29.267,82.183,2025020113,2025-02-01 13:00:00,2025,2,1,13,8.9,24.99,4.72,4.3,27.75,631.42,53.25
Karnali_Center,29.267,82.183,2025020114,2025-02-01 14:00:00,2025,2,1,14,8.07,28.24,4.23,3.88,27.29,481.5,61.51
Karnali_Center,29.267,82.183,2025020115,2025-02-01 15:00:00,2025,2,1,15,6.71,32.99,3.42,3.19,22.83,302.25,71.74
Karnali_Center,29.267,82.183,2025020116,2025-02-01 16:00:00,2025,2,1,16,3.83,48.76,1.87,2.33,15.16,100.53,83.17
Karnali_Center,29.267,82.183,2025020117,2025-02-01 17:00:00,2025,2,1,17,1.74,51.77,1.42,1.77,17.29,0.0,90.0
Karnali_Center,29.267,82.183,2025020118,2025-02-01 18:00:00,2025,2,1,18,1.18,53.41,1.37,1.66,12.53,0.0,90.0
Karnali_Center,29.267,82.183,2025020119,2025-02-01 19:00:00,2025,2,1,19,0.73,54.49,1.42,1.69,0.59,0.0,90.0
Karnali_Center,29.267,82.183,2025020120,2025-02-01 20:00:00,2025,2,1,20,0.26,55.83,1.48,1.7,20.06,0.0,90.0
Karnali_Center,29.267,82.183,2025020121,2025-02-01 21:00:00,2025,2,1,21,-0.34,57.74,1.46,1.63,22.53,0.0,90.0
Karnali_Center,29.267,82.183,2025020122,2025-02-01 22:00:00,2025,2,1,22,-0.75,58.92,1.4,1.54,25.1,0.0,90.0
Karnali_Center,29.267,82.183,2025020123,2025-02-01 23:00:00,2025,2,1,23,-1.07,60.28,1.36,1.48,20.79,0.0,90.0
Karnali_Center,29.267,82.183,2025020200,2025-02-02 00:00:00,2025,2,2,0,-1.33,61.79,1.49,1.59,25.01,0.0,90.0
Karnali_Center,29.267,82.183,2025020201,2025-02-02 01:00:00,2025,2,2,1,-1.67,63.54,1.67,1.78,2.03,0.0,90.0
Karnali_Center,29.267,82.183,2025020202,2025-02-02 02:00:00,2025,2,2,2,-2.1,65.61,1.84,1.93,2.48,0.0,90.0
Karnali_Center,29.267,82.183,2025020203,2025-02-02 03:00:00,2025,2,2,3,-2.66,68.04,2.02,2.11,25.74,0.0,90.0
Karnali_Center,29.267,82.183,2025020204,2025-02-02 04:00:00,2025,2,2,4,-3.25,69.77,2.24,2.33,40.69,0.0,90.0
Karnali_Center,29.267,82.183,2025020205,2025-02-02 05:00:00,2025,2,2,5,-3.71,69.74,2.38,2.48,36.34,0.0,90.0
Karnali_Center,29.267,82.183,2025020206,2025-02-02 06:00:00,2025,2,2,6,-3.27,65.99,2.37,2.56,30.32,27.23,87.68
Karnali_Center,29.267,82.183,2025020207,2025-02-02 07:00:00,2025,2,2,7,1.31,47.28,2.75,2.46,19.55,231.55,76.72
Karnali_Center,29.267,82.183,2025020208,2025-02-02 08:00:00,2025,2,2,8,5.4,25.65,2.29,2.05,22.26,442.58,65.82
Karnali_Center,29.267,82.183,2025020209,2025-02-02 09:00:00,2025,2,2,9,8.16,16.86,1.24,0.86,16.62,646.6,56.51
Karnali_Center,29.267,82.183,2025020210,2025-02-02 10:00:00,2025,2,2,10,10.02,15.15,2.43,2.01,24.4,749.1,49.7
Karnali_Center,29.267,82.183,2025020211,2025-02-02 11:00:00,2025,2,2,11,11.23,14.84,3.54,3.04,48.23,764.85,46.53
Karnali_Center,29.267,82.183,2025020212,2025-02-02 12:00:00,2025,2,2,12,11.76,15.07,4.13,3.6,47.45,742.08,47.72
Karnali_Center,29.267,82.183,2025020213,2025-02-02 13:00:00,2025,2,2,13,11.65,15.75,4.19,3.69,36.81,673.85,52.99
Karnali_Center,29.267,82.183,2025020214,2025-02-02 14:00:00,2025,2,2,14,10.91,16.89,3.81,3.36,32.48,505.8,61.28
Karnali_Center,29.267,82.183,2025020215,2025-02-02 15:00:00,2025,2,2,15,9.44,19.51,3.06,2.78,26.81,311.88,71.53
Karnali_Center,29.267,82.183,2025020216,2025-02-02 16:00:00,2025,2,2,16,5.61,36.62,1.75,2.19,15.3,107.95,82.97
Karnali_Center,29.267,82.183,2025020217,2025-02-02 17:00:00,2025,2,2,17,3.43,36.04,1.5,1.82,13.74,0.0,90.0
Karnali_Center,29.267,82.183,2025020218,2025-02-02 18:00:00,2025,2,2,18,2.49,37.44,1.59,1.84,14.48,0.0,90.0
Karnali_Center,29.267,82.183,2025020219,2025-02-02 19:00:00,2025,2,2,19,1.28,39.13,2.03,2.21,22.47,0.0,90.0
Karnali_Center,29.267,82.183,2025020220,2025-02-02 20:00:00,2025,2,2,20,0.37,39.22,2.28,2.44,2.84,0.0,90.0
Karnali_Center,29.267,82.183,2025020221,2025-02-02 21:00:00,2025,2,2,21,-0.14,37.5,2.39,2.56,38.57,0.0,90.0
Karnali_Center,29.267,82.183,2025020222,2025-02-02 22:00:00,2025,2,2,22,-0.46,34.97,2.43,2.61,44.26,0.0,90.0
Karnali_Center,29.267,82.183,2025020223,2025-02-02 23:00:00,2025,2,2,23,-0.45,31.6,2.41,2.59,41.88,0.0,90.0
Karnali_Center,29.267,82.183,2025020300,2025-02-03 00:00:00,2025,2,3,0,-0.24,28.55,2.38,2.55,46.38,0.0,90.0
Karnali_Center,29.267,82.183,2025020301,2025-02-03 01:00:00,2025,2,3,1,-0.19,26.88,2.45,2.61,2.65,0.0,90.0
Karnali_Center,29.267,82.183,2025020302,2025-02-03 02:00:00,2025,2,3,2,-0.31,25.98,2.62,2.74,3.11,0.0,90.0
Karnali_Center,29.267,82.183,2025020303,2025-02-03 03:00:00,2025,2,3,3,-0.56,25.52,2.78,2.87,48.26,0.0,90.0
Karnali_Center,29.267,82.183,2025020304,2025-02-03 04:00:00,2025,2,3,4,-0.71,25.04,2.87,2.95,51.35,0.0,90.0
Karnali_Center,29.267,82.183,2025020305,2025-02-03 05:00:00,2025,2,3,5,-0.77,24.18,2.93,2.99,48.94,0.0,90.0
Karnali_Center,29.267,82.183,2025020306,2025-02-03 06:00:00,2025,2,3,6,-0.14,26.03,2.91,3.0,38.92,27.4,87.6
Karnali_Center,29.267,82.183,2025020307,2025-02-03 07:00:00,2025,2,3,7,4.39,35.95,2.41,2.9,23.19,235.48,76.56
Karnali_Center,29.267,82.183,2025020308,2025-02-03 08:00:00,2025,2,3,8,9.38,13.86,2.56,2.23,24.01,439.95,65.64
Karnali_Center,29.267,82.183,2025020309,2025-02-03 09:00:00,2025,2,3,9,13.24,8.83,0.9,0.9,15.21,648.08,56.29
Karnali_Center,29.267,82.183,2025020310,2025-02-03 10:00:00,2025,2,3,10,15.14,7.68,2.61,2.24,27.47,738.9,49.44
Karnali_Center,29.267,82.183,2025020311,2025-02-03 11:00:00,2025,2,3,11,15.91,8.01,3.62,3.13,44.96,733.78,46.24
Karnali_Center,29.267,82.183,2025020312,2025-02-03 12:00:00,2025,2,3,12,15.96,9.06,4.19,3.63,41.63,754.28,47.43
Karnali_Center,29.267,82.183,2025020313,2025-02-03 13:00:00,2025,2,3,13,15.42,10.63,4.39,3.82,46.24,641.25,52.72
Karnali_Center,29.267,82.183,2025020314,2025-02-03 14:00:00,2025,2,3,14,14.23,13.11,4.24,3.74,39.28,484.7,61.04
Karnali_Center,29.267,82.183,2025020315,2025-02-03 15:00:00,2025,2,3,15,12.22,17.8,3.32,3.11,32.84,296.1,71.33
Karnali_Center,29.267,82.183,2025020316,2025-02-03 16:00:00,2025,2,3,16,8.06,37.03,1.65,2.04,21.98,102.97,82.77
Karnali_Center,29.267,82.183,2025020317,2025-02-03 17:00:00,2025,2,3,17,6.68,33.06,0.89,1.07,17.69,0.0,90.0
Karnali_Center,29.267,82.183,2025020318,2025-02-03 18:00:00,2025,2,3,18,5.93,34.47,0.65,0.66,15.59,0.0,90.0
Karnali_Center,29.267,82.183,2025020319,2025-02-03 19:00:00,2025,2,3,19,4.18,36.85,1.41,1.5,20.28,0.0,90.0
Karnali_Center,29.267,82.183,2025020320,2025-02-03 20:00:00,2025,2,3,20,3.53,34.91,1.85,1.93,20.22,0.0,90.0
Karnali_Center,29.267,82.183,2025020321,2025-02-03 21:00:00,2025,2,3,21,2.85,33.09,2.04,2.13,30.8,0.0,90.0
Karnali_Center,29.267,82.183,2025020322,2025-02-03 22:00:00,2025,2,3,22,2.48,30.63,2.06,2.14,20.99,0.0,90.0
Karnali_Center,29.267,82.183,2025020323,2025-02-03 23:00:00,2025,2,3,23,2.36,28.33,2.0,2.08,31.53,0.0,90.0
Karnali_Center,29.267,82.183,2025020400,2025-02-04 00:00:00,2025,2,4,0,2.1,27.23,2.0,2.08,27.19,0.0,90.0
Karnali_Center,29.267,82.183,2025020401,2025-02-04 01:00:00,2025,2,4,1,1.8,27.48,2.07,2.15,9.53,0.0,90.0
Karnali_Center,29.267,82.183,2025020402,2025-02-04 02:00:00,2025,2,4,2,1.36,27.66,2.17,2.24,13.22,0.0,90.0
Karnali_Center,29.267,82.183,2025020403,2025-02-04 03:00:00,2025,2,4,3,0.97,28.27,2.23,2.26,24.98,0.0,90.0
Karnali_Center,29.267,82.183,2025020404,2025-02-04 04:00:00,2025,2,4,4,0.65,28.93,2.27,2.32,72.58,0.0,90.0
Karnali_Center,29.267,82.183,2025020405,2025-02-04 05:00:00,2025,2,4,5,0.55,28.97,2.28,2.3,89.39,0.0,90.0
Karnali_Center,29.267,82.183,2025020406,2025-02-04 06:00:00,2025,2,4,6,1.43,30.97,2.13,2.17,92.64,17.62,87.51
Karnali_Center,29.267,82.183,2025020407,2025-02-04 07:00:00,2025,2,4,7,5.37,34.96,1.83,1.91,97.04,101.45,76.4
Karnali_Center,29.267,82.183,2025020408,2025-02-04 08:00:00,2025,2,4,8,9.24,20.88,0.76,0.59,98.79,236.27,65.45
Karnali_Center,29.267,82.183,2025020409,2025-02-04 09:00:00,2025,2,4,9,11.42,24.41,2.33,2.17,100.0,347.48,56.06
Karnali_Center,29.267,82.183,2025020410,2025-02-04 10:00:00,2025,2,4,10,12.55,27.5,3.84,3.49,100.0,385.45,49.17
Karnali_Center,29.267,82.183,2025020411,2025-02-04 11:00:00,2025,2,4,11,12.91,31.81,5.19,4.76,100.0,468.92,45.94
Karnali_Center,29.267,82.183,2025020412,2025-02-04 12:00:00,2025,2,4,12,12.39,38.03,5.99,5.64,97.94,363.42,47.14
Karnali_Center,29.267,82.183,2025020413,2025-02-04 13:00:00,2025,2,4,13,11.37,44.85,5.88,5.59,100.0,320.23,52.45
Karnali_Center,29.267,82.183,2025020414,2025-02-04 14:00:00,2025,2,4,14,10.45,50.12,5.06,4.86,99.96,239.5,60.8
Karnali_Center,29.267,82.183,2025020415,2025-02-04 15:00:00,2025,2,4,15,9.32,55.11,3.83,3.69,99.58,146.55,71.12
Karnali_Center,29.267,82.183,2025020416,2025-02-04 16:00:00,2025,2,4,16,6.79,68.52,1.79,2.21,98.69,45.17,82.57
Karnali_Center,29.267,82.183,2025020417,2025-02-04 17:00:00,2025,2,4,17,4.51,82.24,1.46,1.92,83.58,0.0,90.0
Karnali_Center,29.267,82.183,2025020418,2025-02-04 18:00:00,2025,2,4,18,2.1,97.51,1.0,1.23,89.46,0.0,90.0
Karnali_Center,29.267,82.183,2025020419,2025-02-04 19:00:00,2025,2,4,19,1.25,94.25,1.83,1.5,97.43,0.0,90.0
Karnali_Center,29.267,82.183,2025020420,2025-02-04 20:00:00,2025,2,4,20,1.31,92.31,1.74,1.52,97.91,0.0,90.0
Karnali_Center,29.267,82.183,2025020421,2025-02-04 21:00:00,2025,2,4,21,1.1,92.15,1.08,1.56,98.21,0.0,90.0
Karnali_Center,29.267,82.183,2025020422,2025-02-04 22:00:00,2025,2,4,22,0.66,93.28,1.23,1.62,97.28,0.0,90.0
Karnali_Center,29.267,82.183,2025020423,2025-02-04 23:00:00,2025,2,4,23,0.26,95.22,1.46,1.56,99.13,0.0,90.0
Karnali_Center,29.267,82.183,2025020500,2025-02-05 00:00:00,2025,2,5,0,0.22,95.99,1.64,1.84,81.92,0.0,90.0
Karnali_Center,29.267,82.183,2025020501,2025-02-05 01:00:00,2025,2,5,1,0.21,96.55,1.76,2.05,87.14,0.0,90.0
Karnali_Center,29.267,82.183,2025020502,2025-02-05 02:00:00,2025,2,5,2,0.26,97.24,1.86,2.29,81.08,0.0,90.0
Karnali_Center,29.267,82.183,2025020503,2025-02-05 03:00:00,2025,2,5,3,0.81,96.23,1.94,2.53,75.16,0.0,90.0
Karnali_Center,29.267,82.183,2025020504,2025-02-05 04:00:00,2025,2,5,4,1.12,97.4,2.09,2.79,39.14,0.0,90.0
Karnali_Center,29.267,82.183,2025020505,2025-02-05 05:00:00,2025,2,5,5,1.2,99.3,2.15,2.94,58.79,0.0,90.0
Karnali_Center,29.267,82.183,2025020506,2025-02-05 06:00:00,2025,2,5,6,1.63,99.35,2.19,2.96,29.29,20.08,87.42
Karnali_Center,29.267,82.183,2025020507,2025-02-05 07:00:00,2025,2,5,7,4.11,84.48,2.95,3.04,21.91,166.6,76.24
Karnali_Center,29.267,82.183,2025020508,2025-02-05 08:00:00,2025,2,5,8,5.91,66.63,3.59,3.4,18.07,305.88,65.25
Karnali_Center,29.267,82.183,2025020509,2025-02-05 09:00:00,2025,2,5,9,7.78,51.44,4.27,3.97,8.01,462.38,55.82
Karnali_Center,29.267,82.183,2025020510,2025-02-05 10:00:00,2025,2,5,10,9.07,46.01,5.32,4.98,3.88,567.38,48.9
Karnali_Center,29.267,82.183,2025020511,2025-02-05 11:00:00,2025,2,5,11,9.63,45.9,6.43,6.1,8.22,585.25,45.64
Karnali_Center,29.267,82.183,2025020512,2025-02-05 12:00:00,2025,2,5,12,9.57,48.25,7.1,6.76,52.41,606.08,46.84
Karnali_Center,29.267,82.183,2025020513,2025-02-05 13:00:00,2025,2,5,13,8.97,51.01,7.15,6.82,21.24,441.52,52.17
Karnali_Center,29.267,82.183,2025020514,2025-02-05 14:00:00,2025,2,5,14,7.98,53.57,6.55,6.22,25.52,338.1,60.56
Karnali_Center,29.267,82.183,2025020515,2025-02-05 15:00:00,2025,2,5,15,6.52,57.55,5.28,4.94,34.97,201.12,70.91
Karnali_Center,29.267,82.183,2025020516,2025-02-05 16:00:00,2025,2,5,16,4.21,67.3,3.18,3.4,37.99,72.15,82.36
Karnali_Center,29.267,82.183,2025020517,2025-02-05 17:00:00,2025,2,5,17,1.82,79.74,2.03,2.65,32.74,0.0,90.0
Karnali_Center,29.267,82.183,2025020518,2025-02-05 18:00:00,2025,2,5,18,1.34,80.88,1.86,2.31,30.68,0.0,90.0
Karnali_Center,29.267,82.183,2025020519,2025-02-05 19:00:00,2025,2,5,19,0.95,79.73,1.75,2.07,29.34,0.0,90.0
Karnali_Center,29.267,82.183,2025020520,2025-02-05 20:00:00,2025,2,5,20,0.41,80.18,1.61,1.78,26.05,0.0,90.0
Karnali_Center,29.267,82.183,2025020521,2025-02-05 21:00:00,2025,2,5,21,-0.25,82.02,1.6,1.7,22.19,0.0,90.0
Karnali_Center,29.267,82.183,2025020522,2025-02-05 22:00:00,2025,2,5,22,-1.06,83.8,1.61,1.79,21.46,0.0,90.0
Karnali_Center,29.267,82.183,2025020523,2025-02-05 23:00:00,2025,2,5,23,-1.63,82.04,1.77,1.91,15.97,0.0,90.0
Karnali_Center,29.267,82.183,2025020600,2025-02-06 00:00:00,2025,2,6,0,-2.03,77.69,1.82,1.96,10.0,0.0,90.0
Karnali_Center,29.267,82.183,2025020601,2025-02-06 01:00:00,2025,2,6,1,-2.44,72.07,1.86,2.0,12.8,0.0,90.0
Karnali_Center,29.267,82.183,2025020602,2025-02-06 02:00:00,2025,2,6,2,-2.76,65.24,1.92,2.03,18.51,0.0,90.0
Karnali_Center,29.267,82.183,2025020603,2025-02-06 03:00:00,2025,2,6,3,-2.9,57.37,1.95,2.04,20.23,0.0,90.0
Karnali_Center,29.267,82.183,2025020604,2025-02-06 04:00:00,2025,2,6,4,-2.92,50.02,1.94,2.01,22.0,0.0,90.0
Karnali_Center,29.267,82.183,2025020605,2025-02-06 05:00:00,2025,2,6,5,-2.84,43.26,1.89,1.96,21.45,0.0,90.0
Karnali_Center,29.267,82.183,2025020606,2025-02-06 06:00:00,2025,2,6,6,-2.03,40.22,1.76,1.87,19.12,34.05,87.32
Karnali_Center,29.267,82.183,2025020607,2025-02-06 07:00:00,2025,2,6,7,2.27,32.57,1.63,1.58,6.26,257.0,76.07
Karnali_Center,29.267,82.183,2025020608,2025-02-06 08:00:00,2025,2,6,8,5.64,13.43,1.83,1.77,28.72,420.05,65.05
Karnali_Center,29.267,82.183,2025020609,2025-02-06 09:00:00,2025,2,6,9,7.27,12.12,2.95,2.72,30.05,586.92,55.59
Karnali_Center,29.267,82.183,2025020610,2025-02-06 10:00:00,2025,2,6,10,8.48,12.31,3.89,3.55,29.86,691.2,48.62
Karnali_Center,29.267,82.183,2025020611,2025-02-06 11:00:00,2025,2,6,11,9.27,12.94,4.58,4.17,26.46,816.45,45.34
Karnali_Center,29.267,82.183,2025020612,2025-02-06 12:00:00,2025,2,6,12,9.55,13.95,4.96,4.54,54.12,727.03,46.54
Karnali_Center,29.267,82.183,2025020613,2025-02-06 13:00:00,2025,2,6,13,9.28,15.47,5.09,4.7,53.06,628.47,51.9
Karnali_Center,29.267,82.183,2025020614,2025-02-06 14:00:00,2025,2,6,14,8.54,17.61,4.89,4.54,43.56,483.17,60.32
Karnali_Center,29.267,82.183,2025020615,2025-02-06 15:00:00,2025,2,6,15,7.25,20.8,4.29,4.04,35.18,305.0,70.7
Karnali_Center,29.267,82.183,2025020616,2025-02-06 16:00:00,2025,2,6,16,3.97,37.19,2.56,3.3,23.41,116.6,82.16
Karnali_Center,29.267,82.183,2025020617,2025-02-06 17:00:00,2025,2,6,17,0.93,45.67,2.22,2.78,15.4,0.0,90.0
Karnali_Center,29.267,82.183,2025020618,2025-02-06 18:00:00,2025,2,6,18,0.63,46.16,1.85,2.27,14.86,0.0,90.0
Karnali_Center,29.267,82.183,2025020619,2025-02-06 19:00:00,2025,2,6,19,0.33,46.84,1.56,1.91,16.13,0.0,90.0
Karnali_Center,29.267,82.183,2025020620,2025-02-06 20:00:00,2025,2,6,20,-0.11,48.44,1.38,1.64,12.97,0.0,90.0
Karnali_Center,29.267,82.183,2025020621,2025-02-06 21:00:00,2025,2,6,21,-1.0,52.14,1.53,1.73,1.76,0.0,90.0
Karnali_Center,29.267,82.183,2025020622,2025-02-06 22:00:00,2025,2,6,22,-1.8,55.07,1.75,1.91,15.15,0.0,90.0
Karnali_Center,29.267,82.183,2025020623,2025-02-06 23:00:00,2025,2,6,23,-2.14,55.98,1.79,1.94,18.71,0.0,90.0
Karnali_Center,29.267,82.183,2025020700,2025-02-07 00:00:00,2025,2,7,0,-2.33,55.97,1.79,1.94,9.16,0.0,90.0
Karnali_Center,29.267,82.183,2025020701,2025-02-07 01:00:00,2025,2,7,1,-2.71,56.59,1.91,2.07,5.18,0.0,90.0
Karnali_Center,29.267,82.183,2025020702,2025-02-07 02:00:00,2025,2,7,2,-3.22,57.55,2.14,2.26,6.33,0.0,90.0
Karnali_Center,29.267,82.183,2025020703,2025-02-07 03:00:00,2025,2,7,3,-3.52,56.97,2.21,2.3,15.74,0.0,90.0
Karnali_Center,29.267,82.183,2025020704,2025-02-07 04:00:00,2025,2,7,4,-3.8,56.27,2.28,2.36,25.39,0.0,90.0
Karnali_Center,29.267,82.183,2025020705,2025-02-07 05:00:00,2025,2,7,5,-3.96,56.03,2.44,2.52,34.65,0.0,90.0
Karnali_Center,29.267,82.183,2025020706,2025-02-07 06:00:00,2025,2,7,6,-3.55,56.19,2.49,2.67,28.19,32.17,87.22
Karnali_Center,29.267,82.183,2025020707,2025-02-07 07:00:00,2025,2,7,7,1.27,36.94,2.97,2.59,19.99,241.18,75.9
Karnali_Center,29.267,82.183,2025020708,2025-02-07 08:00:00,2025,2,7,8,5.52,21.11,2.08,1.71,23.32,453.5,64.85
Karnali_Center,29.267,82.183,2025020709,2025-02-07 09:00:00,2025,2,7,9,8.76,11.28,0.89,0.62,16.23,655.4,55.34
Karnali_Center,29.267,82.183,2025020710,2025-02-07 10:00:00,2025,2,7,10,10.42,10.54,2.4,2.06,28.38,706.12,48.34
Karnali_Center,29.267,82.183,2025020711,2025-02-07 11:00:00,2025,2,7,11,11.43,10.61,3.58,3.05,48.65,705.95,45.03
Karnali_Center,29.267,82.183,2025020712,2025-02-07 12:00:00,2025,2,7,12,11.83,11.32,4.54,3.9,52.45,718.17,46.23
Karnali_Center,29.267,82.183,2025020713,2025-02-07 13:00:00,2025,2,7,13,11.5,12.84,5.15,4.52,42.28,656.33,51.62
Karnali_Center,29.267,82.183,2025020714,2025-02-07 14:00:00,2025,2,7,14,10.43,15.43,5.11,4.54,36.85,491.35,60.08
Karnali_Center,29.267,82.183,2025020715,2025-02-07 15:00:00,2025,2,7,15,8.71,19.27,4.27,3.87,31.04,302.9,70.49
Karnali_Center,29.267,82.183,2025020716,2025-02-07 16:00:00,2025,2,7,16,5.01,37.12,2.23,2.82,18.71,113.1,81.95
Karnali_Center,29.267,82.183,2025020717,2025-02-07 17:00:00,2025,2,7,17,2.65,38.71,1.56,1.86,12.5,0.0,90.0
Karnali_Center,29.267,82.183,2025020718,2025-02-07 18:00:00,2025,2,7,18,2.74,36.48,0.88,1.04,16.19,0.0,90.0
Karnali_Center,29.267,82.183,2025020719,2025-02-07 19:00:00,2025,2,7,19,1.61,39.39,1.14,1.28,10.65,0.0,90.0
Karnali_Center,29.267,82.183,2025020720,2025-02-07 20:00:00,2025,2,7,20,0.61,40.88,1.68,1.84,11.28,0.0,90.0
Karnali_Center,29.267,82.183,2025020721,2025-02-07 21:00:00,2025,2,7,21,-0.01,40.69,1.9,2.07,13.87,0.0,90.0
Karnali_Center,29.267,82.183,2025020722,2025-02-07 22:00:00,2025,2,7,22,-0.33,39.64,1.93,2.09,12.16,0.0,90.0
Karnali_Center,29.267,82.183,2025020723,2025-02-07 23:00:00,2025,2,7,23,-0.83,39.68,2.04,2.19,12.55,0.0,90.0
Karnali_Center,29.267,82.183,2025020800,2025-02-08 00:00:00,2025,2,8,0,-1.28,40.12,2.23,2.36,13.89,0.0,90.0
Karnali_Center,29.267,82.183,2025020801,2025-02-08 01:00:00,2025,2,8,1,-1.44,39.79,2.27,2.4,3.26,0.0,90.0
Karnali_Center,29.267,82.183,2025020802,2025-02-08 02:00:00,2025,2,8,2,-1.44,38.71,2.23,2.35,3.11,0.0,90.0
Karnali_Center,29.267,82.183,2025020803,2025-02-08 03:00:00,2025,2,8,3,-1.75,39.71,2.39,2.49,20.36,0.0,90.0
Karnali_Center,29.267,82.183,2025020804,2025-02-08 04:00:00,2025,2,8,4,-1.88,39.04,2.42,2.5,25.41,0.0,90.0
Karnali_Center,29.267,82.183,2025020805,2025-02-08 05:00:00,2025,2,8,5,-1.81,37.97,2.36,2.44,13.02,0.0,90.0
Karnali_Center,29.267,82.183,2025020806,2025-02-08 06:00:00,2025,2,8,6,-1.43,42.33,2.45,2.61,12.05,35.2,87.11
Karnali_Center,29.267,82.183,2025020807,2025-02-08 07:00:00,2025,2,8,7,3.35,33.61,2.43,2.41,8.93,249.9,75.72
Karnali_Center,29.267,82.183,2025020808,2025-02-08 08:00:00,2025,2,8,8,7.4,20.22,1.53,1.39,17.24,454.45,64.64
Karnali_Center,29.267,82.183,2025020809,2025-02-08 09:00:00,2025,2,8,9,10.28,15.26,1.72,1.42,14.98,645.03,55.09
Karnali_Center,29.267,82.183,2025020810,2025-02-08 10:00:00,2025,2,8,10,11.78,14.48,3.16,2.67,28.13,713.62,48.05
Karnali_Center,29.267,82.183,2025020811,2025-02-08 11:00:00,2025,2,8,11,12.61,14.42,4.22,3.62,47.67,707.4,44.72
Karnali_Center,29.267,82.183,2025020812,2025-02-08 12:00:00,2025,2,8,12,12.83,15.06,4.87,4.27,45.99,725.67,45.92
Karnali_Center,29.267,82.183,2025020813,2025-02-08 13:00:00,2025,2,8,13,12.51,16.32,5.05,4.52,0.56,604.5,51.34
Karnali_Center,29.267,82.183,2025020814,2025-02-08 14:00:00,2025,2,8,14,11.5,18.55,4.9,4.47,42.53,447.62,59.84
Karnali_Center,29.267,82.183,2025020815,2025-02-08 15:00:00,2025,2,8,15,9.68,21.81,4.14,3.87,34.66,280.35,70.28
Karnali_Center,29.267,82.183,2025020816,2025-02-08 16:00:00,2025,2,8,16,6.31,38.53,1.94,2.53,20.45,104.68,81.74
Karnali_Center,29.267,82.183,2025020817,2025-02-08 17:00:00,2025,2,8,17,4.32,39.68,1.33,1.66,11.81,0.0,90.0
Karnali_Center,29.267,82.183,2025020818,2025-02-08 18:00:00,2025,2,8,18,3.63,37.61,0.91,1.12,12.69,0.0,90.0
Karnali_Center,29.267,82.183,2025020819,2025-02-08 19:00:00,2025,2,8,19,2.43,40.33,1.01,1.16,11.42,0.0,90.0
Karnali_Center,29.267,82.183,2025020820,2025-02-08 20:00:00,2025,2,8,20,1.66,41.78,1.4,1.55,13.26,0.0,90.0
Karnali_Center,29.267,82.183,2025020821,2025-02-08 21:00:00,2025,2,8,21,1.07,42.55,1.54,1.7,12.28,0.0,90.0
Karnali_Center,29.267,82.183,2025020822,2025-02-08 22:00:00,2025,2,8,22,0.7,42.62,1.55,1.73,14.81,0.0,90.0
Karnali_Center,29.267,82.183,2025020823,2025-02-08 23:00:00,2025,2,8,23,0.29,43.15,1.63,1.84,13.91,0.0,90.0
Karnali_Center,29.267,82.183,2025020900,2025-02-09 00:00:00,2025,2,9,0,-0.19,43.99,1.74,1.97,11.19,0.0,90.0
Karnali_Center,29.267,82.183,2025020901,2025-02-09 01:00:00,2025,2,9,1,-0.75,45.65,1.9,2.14,14.39,0.0,90.0
Karnali_Center,29.267,82.183,2025020902,2025-02-09 02:00:00,2025,2,9,2,-1.07,46.23,2.02,2.27,10.85,0.0,90.0
Karnali_Center,29.267,82.183,2025020903,2025-02-09 03:00:00,2025,2,9,3,-1.09,46.08,2.05,2.31,9.99,0.0,90.0
Karnali_Center,29.267,82.183,2025020904,2025-02-09 04:00:00,2025,2,9,4,-0.98,45.05,2.02,2.27,3.4,0.0,90.0
Karnali_Center,29.267,82.183,2025020905,2025-02-09 05:00:00,2025,2,9,5,-0.85,43.98,2.02,2.25,11.79,0.0,90.0
Karnali_Center,29.267,82.183,2025020906,2025-02-09 06:00:00,2025,2,9,6,-0.03,44.9,1.93,2.19,18.8,31.6,87.0
Karnali_Center,29.267,82.183,2025020907,2025-02-09 07:00:00,2025,2,9,7,4.15,37.95,1.71,1.72,21.76,231.9,75.54
Karnali_Center,29.267,82.183,2025020908,2025-02-09 08:00:00,2025,2,9,8,7.69,27.74,1.42,1.32,38.14,407.85,64.42
Karnali_Center,29.267,82.183,2025020909,2025-02-09 09:00:00,2025,2,9,9,9.53,26.05,3.07,2.67,44.2,573.92,54.84
Karnali_Center,29.267,82.183,2025020910,2025-02-09 10:00:00,2025,2,9,10,10.67,25.12,4.3,3.74,46.97,704.12,47.76
Karnali_Center,29.267,82.183,2025020911,2025-02-09 11:00:00,2025,2,9,11,11.24,25.03,5.13,4.57,56.31,717.88,44.4
Karnali_Center,29.267,82.183,2025020912,2025-02-09 12:00:00,2025,2,9,12,11.32,25.73,5.51,5.0,56.68,645.42,45.61
Karnali_Center,29.267,82.183,2025020913,2025-02-09 13:00:00,2025,2,9,13,10.99,26.72,5.41,4.95,1.17,591.1,51.06
Karnali_Center,29.267,82.183,2025020914,2025-02-09 14:00:00,2025,2,9,14,10.23,28.29,4.97,4.59,5.54,429.02,59.59
Karnali_Center,29.267,82.183,2025020915,2025-02-09 15:00:00,2025,2,9,15,8.87,31.09,4.23,3.95,1.8,258.6,70.07
Karnali_Center,29.267,82.183,2025020916,2025-02-09 16:00:00,2025,2,9,16,5.93,44.09,2.48,3.09,15.83,95.53,81.53
Karnali_Center,29.267,82.183,2025020917,2025-02-09 17:00:00,2025,2,9,17,3.05,51.55,1.9,2.36,20.25,0.0,90.0
Karnali_Center,29.267,82.183,2025020918,2025-02-09 18:00:00,2025,2,9,18,2.66,50.55,1.47,1.84,24.1,0.0,90.0
Karnali_Center,29.267,82.183,2025020919,2025-02-09 19:00:00,2025,2,9,19,2.03,51.59,1.17,1.47,18.84,0.0,90.0
Karnali_Center,29.267,82.183,2025020920,2025-02-09 20:00:00,2025,2,9,20,1.36,53.45,1.25,1.5,15.31,0.0,90.0
Karnali_Center,29.267,82.183,2025020921,2025-02-09 21:00:00,2025,2,9,21,0.45,56.7,1.52,1.75,13.52,0.0,90.0
Karnali_Center,29.267,82.183,2025020922,2025-02-09 22:00:00,2025,2,9,22,-0.25,59.41,1.74,1.94,13.69,0.0,90.0
Karnali_Center,29.267,82.183,2025020923,2025-02-09 23:00:00,2025,2,9,23,-0.85,61.8,1.89,2.09,8.3,0.0,90.0
Karnali_Center,29.267,82.183,2025021000,2025-02-10 00:00:00,2025,2,10,0,-1.33,63.44,1.96,2.13,9.15,0.0,90.0
Karnali_Center,29.267,82.183,2025021001,2025-02-10 01:00:00,2025,2,10,1,-1.61,63.83,1.94,2.11,1.23,0.0,90.0
Karnali_Center,29.267,82.183,2025021002,2025-02-10 02:00:00,2025,2,10,2,-1.79,63.91,1.91,2.06,11.84,0.0,90.0
Karnali_Center,29.267,82.183,2025021003,2025-02-10 03:00:00,2025,2,10,3,-1.97,63.99,1.94,2.08,3.54,0.0,90.0
Karnali_Center,29.267,82.183,2025021004,2025-02-10 04:00:00,2025,2,10,4,-2.1,63.81,1.97,2.12,5.73,0.0,90.0
Karnali_Center,29.267,82.183,2025021005,2025-02-10 05:00:00,2025,2,10,5,-2.15,62.98,1.99,2.13,12.87,0.0,90.0
Karnali_Center,29.267,82.183,2025021006,2025-02-10 06:00:00,2025,2,10,6,-1.38,60.81,1.89,2.12,40.17,28.9,86.88
Karnali_Center,29.267,82.183,2025021007,2025-02-10 07:00:00,2025,2,10,7,2.76,47.93,1.9,1.68,50.34,172.2,75.35
Karnali_Center,29.267,82.183,2025021008,2025-02-10 08:00:00,2025,2,10,8,6.54,31.82,1.38,1.56,58.72,275.6,64.2
Karnali_Center,29.267,82.183,2025021009,2025-02-10 09:00:00,2025,2,10,9,7.94,26.97,3.12,2.94,64.28,394.7,54.58
Karnali_Center,29.267,82.183,2025021010,2025-02-10 10:00:00,2025,2,10,10,8.54,26.31,3.98,3.68,82.54,450.3,47.46
Karnali_Center,29.267,82.183,2025021011,2025-02-10 11:00:00,2025,2,10,11,9.31,26.43,4.46,4.09,89.98,616.65,44.08
Karnali_Center,29.267,82.183,2025021012,2025-02-10 12:00:00,2025,2,10,12,9.64,27.26,4.85,4.48,82.24,540.35,45.3
Karnali_Center,29.267,82.183,2025021013,2025-02-10 13:00:00,2025,2,10,13,9.41,28.93,5.24,4.88,92.3,449.23,50.78
Karnali_Center,29.267,82.183,2025021014,2025-02-10 14:00:00,2025,2,10,14,8.67,31.63,5.23,4.91,43.36,300.12,59.35
Karnali_Center,29.267,82.183,2025021015,2025-02-10 15:00:00,2025,2,10,15,7.36,35.59,4.65,4.41,58.44,132.85,69.86
Karnali_Center,29.267,82.183,2025021016,2025-02-10 16:00:00,2025,2,10,16,4.88,47.71,2.9,3.42,57.49,58.12,81.31
Karnali_Center,29.267,82.183,2025021017,2025-02-10 17:00:00,2025,2,10,17,2.38,57.1,2.06,2.6,81.4,0.0,90.0
Karnali_Center,29.267,82.183,2025021018,2025-02-10 18:00:00,2025,2,10,18,1.99,55.82,1.77,2.22,47.07,0.0,90.0
Karnali_Center,29.267,82.183,2025021019,2025-02-10 19:00:00,2025,2,10,19,1.73,55.4,1.58,1.87,62.49,0.0,90.0
Karnali_Center,29.267,82.183,2025021020,2025-02-10 20:00:00,2025,2,10,20,1.26,56.8,1.34,1.55,54.6,0.0,90.0
Karnali_Center,29.267,82.183,2025021021,2025-02-10 21:00:00,2025,2,10,21,0.64,59.21,1.22,1.41,50.95,0.0,90.0
Karnali_Center,29.267,82.183,2025021022,2025-02-10 22:00:00,2025,2,10,22,-0.11,62.38,1.3,1.54,45.07,0.0,90.0
Karnali_Center,29.267,82.183,2025021023,2025-02-10 23:00:00,2025,2,10,23,-1.01,66.97,1.48,1.71,17.65,0.0,90.0
Karnali_Center,29.267,82.183,2025021100,2025-02-11 00:00:00,2025,2,11,0,-1.71,70.74,1.67,1.89,15.39,0.0,90.0
Karnali_Center,29.267,82.183,2025021101,2025-02-11 01:00:00,2025,2,11,1,-2.26,73.79,1.8,1.99,20.32,0.0,90.0
Karnali_Center,29.267,82.183,2025021102,2025-02-11 02:00:00,2025,2,11,2,-2.6,75.41,1.88,2.05,22.29,0.0,90.0
Karnali_Center,29.267,82.183,2025021103,2025-02-11 03:00:00,2025,2,11,3,-2.93,76.78,1.91,2.08,22.52,0.0,90.0
Karnali_Center,29.267,82.183,2025021104,2025-02-11 04:00:00,2025,2,11,4,-3.07,76.71,1.94,2.11,19.74,0.0,90.0
Karnali_Center,29.267,82.183,2025021105,2025-02-11 05:00:00,2025,2,11,5,-3.04,75.09,1.92,2.1,27.72,0.0,90.0
Karnali_Center,29.267,82.183,2025021106,2025-02-11 06:00:00,2025,2,11,6,-2.23,71.1,1.83,2.11,22.2,35.2,86.76
Karnali_Center,29.267,82.183,2025021107,2025-02-11 07:00:00,2025,2,11,7,1.91,53.15,1.82,1.62,11.63,252.35,75.16
Karnali_Center,29.267,82.183,2025021108,2025-02-11 08:00:00,2025,2,11,8,5.47,37.28,1.11,0.88,20.16,455.9,63.98
Karnali_Center,29.267,82.183,2025021109,2025-02-11 09:00:00,2025,2,11,9,7.38,29.76,2.23,1.86,13.56,661.4,54.32
Karnali_Center,29.267,82.183,2025021110,2025-02-11 10:00:00,2025,2,11,10,8.84,26.22,3.49,2.94,30.05,720.7,47.16
Karnali_Center,29.267,82.183,2025021111,2025-02-11 11:00:00,2025,2,11,11,9.75,25.11,4.69,4.04,44.07,772.62,43.75
Karnali_Center,29.267,82.183,2025021112,2025-02-11 12:00:00,2025,2,11,12,9.98,25.73,5.72,5.07,53.36,731.72,44.98
Karnali_Center,29.267,82.183,2025021113,2025-02-11 13:00:00,2025,2,11,13,9.55,27.81,6.12,5.57,8.58,615.33,50.5
Karnali_Center,29.267,82.183,2025021114,2025-02-11 14:00:00,2025,2,11,14,8.65,30.57,5.87,5.44,13.67,456.33,59.11
Karnali_Center,29.267,82.183,2025021115,2025-02-11 15:00:00,2025,2,11,15,7.24,34.67,5.19,4.92,3.34,281.67,69.65
Karnali_Center,29.267,82.183,2025021116,2025-02-11 16:00:00,2025,2,11,16,4.72,45.31,3.43,4.0,22.34,104.28,81.1
Karnali_Center,29.267,82.183,2025021117,2025-02-11 17:00:00,2025,2,11,17,1.79,60.74,2.34,3.32,26.7,0.0,90.0
Karnali_Center,29.267,82.183,2025021118,2025-02-11 18:00:00,2025,2,11,18,1.08,62.74,2.13,2.76,22.12,0.0,90.0
Karnali_Center,29.267,82.183,2025021119,2025-02-11 19:00:00,2025,2,11,19,0.45,63.69,1.91,2.32,28.94,0.0,90.0
Karnali_Center,29.267,82.183,2025021120,2025-02-11 20:00:00,2025,2,11,20,-0.32,67.76,1.7,2.14,47.95,0.0,90.0
Karnali_Center,29.267,82.183,2025021121,2025-02-11 21:00:00,2025,2,11,21,-0.76,70.66,1.66,2.03,36.53,0.0,90.0
Karnali_Center,29.267,82.183,2025021122,2025-02-11 22:00:00,2025,2,11,22,-1.18,73.36,1.56,1.89,27.53,0.0,90.0
Karnali_Center,29.267,82.183,2025021123,2025-02-11 23:00:00,2025,2,11,23,-1.51,75.61,1.59,1.82,27.51,0.0,90.0
Karnali_Center,29.267,82.183,2025021200,2025-02-12 00:00:00,2025,2,12,0,-2.05,79.31,1.52,1.86,25.1,0.0,90.0
Karnali_Center,29.267,82.183,2025021201,2025-02-12 01:00:00,2025,2,12,1,-2.47,82.58,1.59,1.94,25.17,0.0,90.0
Karnali_Center,29.267,82.183,2025021202,2025-02-12 02:00:00,2025,2,12,2,-2.82,85.47,1.64,1.97,24.33,0.0,90.0
Karnali_Center,29.267,82.183,2025021203,2025-02-12 03:00:00,2025,2,12,3,-3.19,88.63,1.68,1.98,18.1,0.0,90.0
Karnali_Center,29.267,82.183,2025021204,2025-02-12 04:00:00,2025,2,12,4,-3.45,90.36,1.7,1.97,27.7,0.0,90.0
Karnali_Center,29.267,82.183,2025021205,2025-02-12 05:00:00,2025,2,12,5,-3.7,91.8,1.77,2.02,32.69,0.0,90.0
Karnali_Center,29.267,82.183,2025021206,2025-02-12 06:00:00,2025,2,12,6,-2.77,84.68,1.63,2.0,11.68,31.55,86.63
Karnali_Center,29.267,82.183,2025021207,2025-02-12 07:00:00,2025,2,12,7,1.26,61.09,1.8,1.52,12.18,223.75,74.96
Karnali_Center,29.267,82.183,2025021208,2025-02-12 08:00:00,2025,2,12,8,3.97,46.58,2.41,2.16,9.7,409.02,63.75
Karnali_Center,29.267,82.183,2025021209,2025-02-12 09:00:00,2025,2,12,9,5.92,38.68,3.7,3.22,6.51,592.65,54.05
Karnali_Center,29.267,82.183,2025021210,2025-02-12 10:00:00,2025,2,12,10,7.45,33.8,4.86,4.24,5.73,714.58,46.85
Karnali_Center,29.267,82.183,2025021211,2025-02-12 11:00:00,2025,2,12,11,8.36,31.33,5.89,5.27,30.2,780.5,43.42
Karnali_Center,29.267,82.183,2025021212,2025-02-12 12:00:00,2025,2,12,12,8.62,30.97,6.44,5.89,4.37,737.95,44.66
Karnali_Center,29.267,82.183,2025021213,2025-02-12 13:00:00,2025,2,12,13,8.4,32.35,6.53,6.06,40.67,638.33,50.21
Karnali_Center,29.267,82.183,2025021214,2025-02-12 14:00:00,2025,2,12,14,7.6,35.7,6.23,5.82,3.24,461.6,58.86
Karnali_Center,29.267,82.183,2025021215,2025-02-12 15:00:00,2025,2,12,15,6.14,42.13,5.55,5.19,9.17,266.33,69.44
Karnali_Center,29.267,82.183,2025021216,2025-02-12 16:00:00,2025,2,12,16,3.83,54.37,3.87,4.06,14.46,96.35,80.88
Karnali_Center,29.267,82.183,2025021217,2025-02-12 17:00:00,2025,2,12,17,1.14,71.42,2.38,3.19,37.38,0.0,90.0
Karnali_Center,29.267,82.183,2025021218,2025-02-12 18:00:00,2025,2,12,18,0.32,79.31,1.97,2.67,39.93,0.0,90.0
Karnali_Center,29.267,82.183,2025021219,2025-02-12 19:00:00,2025,2,12,19,-0.26,85.85,1.96,2.44,22.19,0.0,90.0
Karnali_Center,29.267,82.183,2025021220,2025-02-12 20:00:00,2025,2,12,20,-1.01,92.99,1.84,2.32,48.43,0.0,90.0
Karnali_Center,29.267,82.183,2025021221,2025-02-12 21:00:00,2025,2,12,21,-1.73,99.36,1.89,2.21,35.72,0.0,90.0
Karnali_Center,29.267,82.183,2025021222,2025-02-12 22:00:00,2025,2,12,22,-2.33,100.0,1.64,2.05,33.4,0.0,90.0
Karnali_Center,29.267,82.183,2025021223,2025-02-12 23:00:00,2025,2,12,23,-2.74,100.0,1.53,1.88,41.47,0.0,90.0
Karnali_Center,29.267,82.183,2025021300,2025-02-13 00:00:00,2025,2,13,0,-3.18,100.0,1.43,1.69,26.36,0.0,90.0
Karnali_Center,29.267,82.183,2025021301,2025-02-13 01:00:00,2025,2,13,1,-3.62,100.0,1.43,1.59,16.44,0.0,90.0
Karnali_Center,29.267,82.183,2025021302,2025-02-13 02:00:00,2025,2,13,2,-3.95,100.0,1.46,1.52,19.28,0.0,90.0
Karnali_Center,29.267,82.183,2025021303,2025-02-13 03:00:00,2025,2,13,3,-4.24,100.0,1.54,1.51,11.45,0.0,90.0
Karnali_Center,29.267,82.183,2025021304,2025-02-13 04:00:00,2025,2,13,4,-4.59,100.0,1.71,1.65,14.65,0.0,90.0
Karnali_Center,29.267,82.183,2025021305,2025-02-13 05:00:00,2025,2,13,5,-4.98,100.0,1.84,1.8,11.68,0.0,90.0
Karnali_Center,29.267,82.183,2025021306,2025-02-13 06:00:00,2025,2,13,6,-3.75,88.37,1.92,1.89,13.35,45.97,86.5
Karnali_Center,29.267,82.183,2025021307,2025-02-13 07:00:00,2025,2,13,7,0.5,59.44,2.15,1.47,13.43,269.23,74.76
Karnali_Center,29.267,82.183,2025021308,2025-02-13 08:00:00,2025,2,13,8,5.28,27.1,1.09,0.8,24.35,469.12,63.52
Karnali_Center,29.267,82.183,2025021309,2025-02-13 09:00:00,2025,2,13,9,7.72,19.95,2.37,1.94,21.98,677.58,53.78
Karnali_Center,29.267,82.183,2025021310,2025-02-13 10:00:00,2025,2,13,10,9.37,17.73,3.63,2.97,25.03,773.33,46.54
Karnali_Center,29.267,82.183,2025021311,2025-02-13 11:00:00,2025,2,13,11,10.29,17.38,4.8,4.01,49.06,748.78,43.09
Karnali_Center,29.267,82.183,2025021312,2025-02-13 12:00:00,2025,2,13,12,10.5,17.84,5.76,4.97,53.61,717.33,44.34
Karnali_Center,29.267,82.183,2025021313,2025-02-13 13:00:00,2025,2,13,13,10.02,19.34,6.11,5.38,79.38,625.65,49.93
Karnali_Center,29.267,82.183,2025021314,2025-02-13 14:00:00,2025,2,13,14,9.06,21.33,5.78,5.16,31.06,443.62,58.62
Karnali_Center,29.267,82.183,2025021315,2025-02-13 15:00:00,2025,2,13,15,7.61,23.77,4.95,4.48,24.79,286.35,69.24
Karnali_Center,29.267,82.183,2025021316,2025-02-13 16:00:00,2025,2,13,16,4.63,35.03,2.95,3.43,33.61,124.8,80.66
Karnali_Center,29.267,82.183,2025021317,2025-02-13 17:00:00,2025,2,13,17,1.03,47.02,2.1,2.61,22.7,0.0,90.0
Karnali_Center,29.267,82.183,2025021318,2025-02-13 18:00:00,2025,2,13,18,0.54,46.22,1.68,2.07,13.21,0.0,90.0
Karnali_Center,29.267,82.183,2025021319,2025-02-13 19:00:00,2025,2,13,19,-0.14,47.51,1.56,1.96,11.57,0.0,90.0
Karnali_Center,29.267,82.183,2025021320,2025-02-13 20:00:00,2025,2,13,20,-0.98,50.53,1.61,1.98,15.73,0.0,90.0
Karnali_Center,29.267,82.183,2025021321,2025-02-13 21:00:00,2025,2,13,21,-1.86,54.14,1.79,2.13,13.51,0.0,90.0
Karnali_Center,29.267,82.183,2025021322,2025-02-13 22:00:00,2025,2,13,22,-2.68,57.03,2.0,2.32,15.04,0.0,90.0
Karnali_Center,29.267,82.183,2025021323,2025-02-13 23:00:00,2025,2,13,23,-3.16,57.39,2.17,2.48,12.55,0.0,90.0
Karnali_Center,29.267,82.183,2025021400,2025-02-14 00:00:00,2025,2,14,0,-3.41,55.59,2.27,2.59,2.79,0.0,90.0
Karnali_Center,29.267,82.183,2025021401,2025-02-14 01:00:00,2025,2,14,1,-3.52,53.04,2.34,2.68,5.24,0.0,90.0
Karnali_Center,29.267,82.183,2025021402,2025-02-14 02:00:00,2025,2,14,2,-3.25,48.6,2.24,2.55,19.93,0.0,90.0
Karnali_Center,29.267,82.183,2025021403,2025-02-14 03:00:00,2025,2,14,3,-2.85,44.37,2.11,2.41,20.04,0.0,90.0
Karnali_Center,29.267,82.183,2025021404,2025-02-14 04:00:00,2025,2,14,4,-2.75,41.65,2.18,2.5,17.08,0.0,90.0
Karnali_Center,29.267,82.183,2025021405,2025-02-14 05:00:00,2025,2,14,5,-2.58,38.28,2.26,2.57,22.44,0.0,90.0
Karnali_Center,29.267,82.183,2025021406,2025-02-14 06:00:00,2025,2,14,6,-1.3,39.03,2.17,2.56,18.23,46.9,86.36
Karnali_Center,29.267,82.183,2025021407,2025-02-14 07:00:00,2025,2,14,7,3.71,26.17,2.35,2.32,11.45,273.15,74.55
Karnali_Center,29.267,82.183,2025021408,2025-02-14 08:00:00,2025,2,14,8,7.75,14.65,2.29,2.03,18.97,480.9,63.28
Karnali_Center,29.267,82.183,2025021409,2025-02-14 09:00:00,2025,2,14,9,10.02,12.85,3.38,2.78,14.07,683.83,53.5
Karnali_Center,29.267,82.183,2025021410,2025-02-14 10:00:00,2025,2,14,10,11.27,13.02,4.64,3.91,24.63,758.7,46.22
Karnali_Center,29.267,82.183,2025021411,2025-02-14 11:00:00,2025,2,14,11,11.82,13.71,5.73,5.0,42.12,782.03,42.75
Karnali_Center,29.267,82.183,2025021412,2025-02-14 12:00:00,2025,2,14,12,11.85,14.74,6.23,5.56,50.9,754.25,44.01
Karnali_Center,29.267,82.183,2025021413,2025-02-14 13:00:00,2025,2,14,13,11.34,16.1,6.04,5.46,47.04,650.38,49.64
Karnali_Center,29.267,82.183,2025021414,2025-02-14 14:00:00,2025,2,14,14,10.04,18.11,5.43,4.96,6.08,482.8,58.38
Karnali_Center,29.267,82.183,2025021415,2025-02-14 15:00:00,2025,2,14,15,8.23,20.88,4.5,4.14,37.88,306.4,69.03
Karnali_Center,29.267,82.183,2025021416,2025-02-14 16:00:00,2025,2,14,16,5.26,34.03,2.54,3.19,18.81,133.77,80.45
Karnali_Center,29.267,82.183,2025021417,2025-02-14 17:00:00,2025,2,14,17,2.09,46.14,1.96,2.49,8.7,0.0,90.0
Karnali_Center,29.267,82.183,2025021418,2025-02-14 18:00:00,2025,2,14,18,1.55,45.14,1.63,2.11,10.81,0.0,90.0
Karnali_Center,29.267,82.183,2025021419,2025-02-14 19:00:00,2025,2,14,19,0.97,44.63,1.44,1.89,10.63,0.0,90.0
Karnali_Center,29.267,82.183,2025021420,2025-02-14 20:00:00,2025,2,14,20,0.5,45.44,1.42,1.82,10.71,0.0,90.0
Karnali_Center,29.267,82.183,2025021421,2025-02-14 21:00:00,2025,2,14,21,-0.02,44.37,1.45,1.77,17.85,0.0,90.0
Karnali_Center,29.267,82.183,2025021422,2025-02-14 22:00:00,2025,2,14,22,-0.32,43.34,1.43,1.67,11.44,0.0,90.0
Karnali_Center,29.267,82.183,2025021423,2025-02-14 23:00:00,2025,2,14,23,-0.76,43.52,1.67,1.85,12.23,0.0,90.0
Karnali_Center,29.267,82.183,2025021500,2025-02-15 00:00:00,2025,2,15,0,-0.88,42.51,1.75,1.91,25.35,0.0,90.0
Karnali_Center,29.267,82.183,2025021501,2025-02-15 01:00:00,2025,2,15,1,-0.44,42.71,1.82,2.01,18.07,0.0,90.0
Karnali_Center,29.267,82.183,2025021502,2025-02-15 02:00:00,2025,2,15,2,-0.75,40.2,1.87,2.0,37.8,0.0,90.0
Karnali_Center,29.267,82.183,2025021503,2025-02-15 03:00:00,2025,2,15,3,-0.46,37.87,1.72,1.84,72.45,0.0,90.0
Karnali_Center,29.267,82.183,2025021504,2025-02-15 04:00:00,2025,2,15,4,-0.24,37.0,1.66,1.78,70.15,0.0,90.0
Karnali_Center,29.267,82.183,2025021505,2025-02-15 05:00:00,2025,2,15,5,0.58,37.69,1.5,1.65,72.65,0.0,90.0
Karnali_Center,29.267,82.183,2025021506,2025-02-15 06:00:00,2025,2,15,6,0.98,40.67,1.53,1.74,79.91,25.58,86.21
Karnali_Center,29.267,82.183,2025021507,2025-02-15 07:00:00,2025,2,15,7,3.9,33.64,1.57,1.66,86.48,136.8,74.34
Karnali_Center,29.267,82.183,2025021508,2025-02-15 08:00:00,2025,2,15,8,6.21,24.05,2.33,2.2,90.48,281.83,63.04
Karnali_Center,29.267,82.183,2025021509,2025-02-15 09:00:00,2025,2,15,9,7.34,23.04,3.11,2.72,94.97,420.27,53.22
Karnali_Center,29.267,82.183,2025021510,2025-02-15 10:00:00,2025,2,15,10,8.24,23.45,3.74,3.2,92.11,505.55,45.9
Karnali_Center,29.267,82.183,2025021511,2025-02-15 11:00:00,2025,2,15,11,8.82,24.26,4.34,3.73,93.95,523.2,42.41
Karnali_Center,29.267,82.183,2025021512,2025-02-15 12:00:00,2025,2,15,12,8.78,25.72,4.82,4.14,93.57,525.67,43.68
Karnali_Center,29.267,82.183,2025021513,2025-02-15 13:00:00,2025,2,15,13,8.21,27.87,4.96,4.32,95.81,435.17,49.35
Karnali_Center,29.267,82.183,2025021514,2025-02-15 14:00:00,2025,2,15,14,7.07,31.25,4.83,4.26,62.12,293.75,58.13
Karnali_Center,29.267,82.183,2025021515,2025-02-15 15:00:00,2025,2,15,15,4.81,38.95,4.23,3.79,64.61,179.23,68.82
Karnali_Center,29.267,82.183,2025021516,2025-02-15 16:00:00,2025,2,15,16,1.88,54.99,2.97,2.71,67.19,56.72,80.22
Karnali_Center,29.267,82.183,2025021517,2025-02-15 17:00:00,2025,2,15,17,-0.07,68.29,1.71,1.62,97.03,0.0,90.0
Karnali_Center,29.267,82.183,2025021518,2025-02-15 18:00:00,2025,2,15,18,-1.6,78.18,1.63,1.97,55.34,0.0,90.0
Karnali_Center,29.267,82.183,2025021519,2025-02-15 19:00:00,2025,2,15,19,-2.13,80.21,1.54,1.78,78.39,0.0,90.0
Karnali_Center,29.267,82.183,2025021520,2025-02-15 20:00:00,2025,2,15,20,-2.08,77.48,1.41,1.62,31.87,0.0,90.0
Karnali_Center,29.267,82.183,2025021521,2025-02-15 21:00:00,2025,2,15,21,-2.14,75.66,1.45,1.63,11.05,0.0,90.0
Karnali_Center,29.267,82.183,2025021522,2025-02-15 22:00:00,2025,2,15,22,-2.45,75.58,1.59,1.83,40.46,0.0,90.0
Karnali_Center,29.267,82.183,2025021523,2025-02-15 23:00:00,2025,2,15,23,-2.65,74.27,1.67,1.87,30.05,0.0,90.0
Karnali_Center,29.267,82.183,2025021600,2025-02-16 00:00:00,2025,2,16,0,-2.77,72.15,1.75,1.91,11.31,0.0,90.0
Karnali_Center,29.267,82.183,2025021601,2025-02-16 01:00:00,2025,2,16,1,-2.97,69.48,1.89,2.01,19.72,0.0,90.0
Karnali_Center,29.267,82.183,2025021602,2025-02-16 02:00:00,2025,2,16,2,-2.93,64.65,1.9,1.97,25.8,0.0,90.0
Karnali_Center,29.267,82.183,2025021603,2025-02-16 03:00:00,2025,2,16,3,-2.74,58.89,1.81,1.84,25.22,0.0,90.0
Karnali_Center,29.267,82.183,2025021604,2025-02-16 04:00:00,2025,2,16,4,-2.59,53.97,1.84,1.87,31.47,0.0,90.0
Karnali_Center,29.267,82.183,2025021605,2025-02-16 05:00:00,2025,2,16,5,-2.57,49.94,1.91,1.99,34.52,0.0,90.0
Karnali_Center,29.267,82.183,2025021606,2025-02-16 06:00:00,2025,2,16,6,-1.43,48.19,1.8,1.96,26.76,47.75,86.06
Karnali_Center,29.267,82.183,2025021607,2025-02-16 07:00:00,2025,2,16,7,3.09,33.57,1.66,1.58,14.2,275.4,74.13
Karnali_Center,29.267,82.183,2025021608,2025-02-16 08:00:00,2025,2,16,8,6.79,20.46,1.19,0.97,20.3,485.23,62.79
Karnali_Center,29.267,82.183,2025021609,2025-02-16 09:00:00,2025,2,16,9,8.84,17.49,2.61,2.04,12.92,694.25,52.94
Karnali_Center,29.267,82.183,2025021610,2025-02-16 10:00:00,2025,2,16,10,10.21,17.24,3.77,3.06,22.61,762.75,45.58
Karnali_Center,29.267,82.183,2025021611,2025-02-16 11:00:00,2025,2,16,11,11.06,18.11,4.68,3.88,48.91,734.9,42.07
Karnali_Center,29.267,82.183,2025021612,2025-02-16 12:00:00,2025,2,16,12,11.33,20.17,5.34,4.55,41.21,784.28,43.35
Karnali_Center,29.267,82.183,2025021613,2025-02-16 13:00:00,2025,2,16,13,10.98,23.44,5.62,4.9,1.45,658.97,49.06
Karnali_Center,29.267,82.183,2025021614,2025-02-16 14:00:00,2025,2,16,14,10.01,27.99,5.23,4.6,5.54,493.6,57.89
Karnali_Center,29.267,82.183,2025021615,2025-02-16 15:00:00,2025,2,16,15,8.45,33.49,4.48,3.99,53.3,302.33,68.62
Karnali_Center,29.267,82.183,2025021616,2025-02-16 16:00:00,2025,2,16,16,5.73,45.0,2.92,3.25,60.56,127.15,80.0
Karnali_Center,29.267,82.183,2025021617,2025-02-16 17:00:00,2025,2,16,17,2.04,60.02,2.06,2.55,77.57,0.0,90.0
Karnali_Center,29.267,82.183,2025021618,2025-02-16 18:00:00,2025,2,16,18,1.61,62.63,1.72,2.15,94.2,0.0,90.0
Karnali_Center,29.267,82.183,2025021619,2025-02-16 19:00:00,2025,2,16,19,1.64,65.54,1.44,1.9,99.15,0.0,90.0
Karnali_Center,29.267,82.183,2025021620,2025-02-16 20:00:00,2025,2,16,20,1.47,67.56,1.42,1.7,97.84,0.0,90.0
Karnali_Center,29.267,82.183,2025021621,2025-02-16 21:00:00,2025,2,16,21,1.13,69.26,1.38,1.59,93.53,0.0,90.0
Karnali_Center,29.267,82.183,2025021622,2025-02-16 22:00:00,2025,2,16,22,0.64,70.67,1.33,1.53,64.02,0.0,90.0
Karnali_Center,29.267,82.183,2025021623,2025-02-16 23:00:00,2025,2,16,23,0.0,73.46,1.33,1.56,76.56,0.0,90.0
Karnali_Center,29.267,82.183,2025021700,2025-02-17 00:00:00,2025,2,17,0,-0.8,77.87,1.37,1.57,79.71,0.0,90.0
Karnali_Center,29.267,82.183,2025021701,2025-02-17 01:00:00,2025,2,17,1,-1.15,79.31,1.37,1.57,76.4,0.0,90.0
Karnali_Center,29.267,82.183,2025021702,2025-02-17 02:00:00,2025,2,17,2,-1.36,80.07,1.4,1.61,58.33,0.0,90.0
Karnali_Center,29.267,82.183,2025021703,2025-02-17 03:00:00,2025,2,17,3,-1.91,83.62,1.46,1.7,56.06,0.0,90.0
Karnali_Center,29.267,82.183,2025021704,2025-02-17 04:00:00,2025,2,17,4,-2.36,86.4,1.6,1.85,69.67,0.0,90.0
Karnali_Center,29.267,82.183,2025021705,2025-02-17 05:00:00,2025,2,17,5,-2.71,87.82,1.77,2.01,65.95,0.0,90.0
Karnali_Center,29.267,82.183,2025021706,2025-02-17 06:00:00,2025,2,17,6,-1.66,79.82,1.7,2.06,63.57,36.78,85.9
Karnali_Center,29.267,82.183,2025021707,2025-02-17 07:00:00,2025,2,17,7,2.6,53.35,1.58,1.45,56.01,238.2,73.91
Karnali_Center,29.267,82.183,2025021708,2025-02-17 08:00:00,2025,2,17,8,5.59,36.79,1.67,1.42,61.72,415.05,62.54
Karnali_Center,29.267,82.183,2025021709,2025-02-17 09:00:00,2025,2,17,9,7.47,31.77,3.17,2.67,61.99,602.95,52.65
Karnali_Center,29.267,82.183,2025021710,2025-02-17 10:00:00,2025,2,17,10,8.63,30.9,4.17,3.52,9.2,735.83,45.25
Karnali_Center,29.267,82.183,2025021711,2025-02-17 11:00:00,2025,2,17,11,9.15,31.89,4.9,4.19,54.76,786.47,41.72
Karnali_Center,29.267,82.183,2025021712,2025-02-17 12:00:00,2025,2,17,12,8.94,34.74,5.27,4.6,9.19,681.67,43.02
Karnali_Center,29.267,82.183,2025021713,2025-02-17 13:00:00,2025,2,17,13,8.3,38.35,5.17,4.58,20.96,527.88,48.77
Karnali_Center,29.267,82.183,2025021714,2025-02-17 14:00:00,2025,2,17,14,7.22,42.85,4.86,4.33,34.49,427.8,57.64
Karnali_Center,29.267,82.183,2025021715,2025-02-17 15:00:00,2025,2,17,15,5.78,49.07,4.35,3.91,41.38,242.6,68.41
Karnali_Center,29.267,82.183,2025021716,2025-02-17 16:00:00,2025,2,17,16,3.95,58.35,3.47,3.23,39.29,88.18,79.78
Karnali_Center,29.267,82.183,2025021717,2025-02-17 17:00:00,2025,2,17,17,1.64,73.51,1.79,2.27,87.61,0.0,90.0
Karnali_Center,29.267,82.183,2025021718,2025-02-17 18:00:00,2025,2,17,18,0.76,80.69,1.56,1.91,84.15,0.0,90.0
Karnali_Center,29.267,82.183,2025021719,2025-02-17 19:00:00,2025,2,17,19,0.4,83.21,1.29,1.52,77.75,0.0,90.0
Karnali_Center,29.267,82.183,2025021720,2025-02-17 20:00:00,2025,2,17,20,-0.05,85.89,1.28,1.54,28.14,0.0,90.0
Karnali_Center,29.267,82.183,2025021721,2025-02-17 21:00:00,2025,2,17,21,-0.37,88.03,1.26,1.51,64.78,0.0,90.0
Karnali_Center,29.267,82.183,2025021722,2025-02-17 22:00:00,2025,2,17,22,-0.75,90.41,1.16,1.33,29.73,0.0,90.0
Karnali_Center,29.267,82.183,2025021723,2025-02-17 23:00:00,2025,2,17,23,-1.42,94.67,1.3,1.46,25.27,0.0,90.0
Karnali_Center,29.267,82.183,2025021800,2025-02-18 00:00:00,2025,2,18,0,-2.06,98.25,1.43,1.62,52.65,0.0,90.0
Karnali_Center,29.267,82.183,2025021801,2025-02-18 01:00:00,2025,2,18,1,-2.51,100.0,1.49,1.7,48.29,0.0,90.0
Karnali_Center,29.267,82.183,2025021802,2025-02-18 02:00:00,2025,2,18,2,-2.95,100.0,1.69,1.9,73.32,0.0,90.0
Karnali_Center,29.267,82.183,2025021803,2025-02-18 03:00:00,2025,2,18,3,-3.25,100.0,1.9,2.07,89.41,0.0,90.0
Karnali_Center,29.267,82.183,2025021804,2025-02-18 04:00:00,2025,2,18,4,-3.17,94.86,1.91,2.02,81.93,0.0,90.0
Karnali_Center,29.267,82.183,2025021805,2025-02-18 05:00:00,2025,2,18,5,-2.49,84.97,1.7,1.77,60.08,0.0,90.0
Karnali_Center,29.267,82.183,2025021806,2025-02-18 06:00:00,2025,2,18,6,-0.95,72.33,1.3,1.39,65.44,40.05,85.74
Karnali_Center,29.267,82.183,2025021807,2025-02-18 07:00:00,2025,2,18,7,2.95,55.21,1.0,1.1,71.46,192.75,73.69
Karnali_Center,29.267,82.183,2025021808,2025-02-18 08:00:00,2025,2,18,8,5.59,43.62,2.16,1.94,76.95,304.08,62.29
Karnali_Center,29.267,82.183,2025021809,2025-02-18 09:00:00,2025,2,18,9,7.27,36.93,3.24,2.74,80.12,419.02,52.36
Karnali_Center,29.267,82.183,2025021810,2025-02-18 10:00:00,2025,2,18,10,8.6,33.11,4.28,3.61,16.47,567.35,44.92
Karnali_Center,29.267,82.183,2025021811,2025-02-18 11:00:00,2025,2,18,11,8.87,32.59,5.07,4.41,17.3,616.45,41.37
Karnali_Center,29.267,82.183,2025021812,2025-02-18 12:00:00,2025,2,18,12,8.41,34.32,5.29,4.69,26.52,571.15,42.69
Karnali_Center,29.267,82.183,2025021813,2025-02-18 13:00:00,2025,2,18,13,8.0,36.01,5.11,4.59,69.35,514.3,48.48
Karnali_Center,29.267,82.183,2025021814,2025-02-18 14:00:00,2025,2,18,14,7.54,37.47,4.79,4.34,25.63,361.9,57.4
Karnali_Center,29.267,82.183,2025021815,2025-02-18 15:00:00,2025,2,18,15,6.37,40.24,4.12,3.78,74.33,229.93,68.21
Karnali_Center,29.267,82.183,2025021816,2025-02-18 16:00:00,2025,2,18,16,4.46,48.71,2.76,2.97,76.33,96.3,79.56
Karnali_Center,29.267,82.183,2025021817,2025-02-18 17:00:00,2025,2,18,17,1.83,60.19,1.78,2.27,83.68,0.0,90.0
Karnali_Center,29.267,82.183,2025021818,2025-02-18 18:00:00,2025,2,18,18,1.31,59.79,1.48,1.85,92.01,0.0,90.0
Karnali_Center,29.267,82.183,2025021819,2025-02-18 19:00:00,2025,2,18,19,0.87,61.04,1.14,1.42,87.85,0.0,90.0
Karnali_Center,29.267,82.183,2025021820,2025-02-18 20:00:00,2025,2,18,20,0.32,63.72,0.81,1.04,72.31,0.0,90.0
Karnali_Center,29.267,82.183,2025021821,2025-02-18 21:00:00,2025,2,18,21,-0.27,66.49,0.89,1.07,72.41,0.0,90.0
Karnali_Center,29.267,82.183,2025021822,2025-02-18 22:00:00,2025,2,18,22,-0.93,69.79,1.22,1.38,69.38,0.0,90.0
Karnali_Center,29.267,82.183,2025021823,2025-02-18 23:00:00,2025,2,18,23,-1.66,73.04,1.47,1.63,48.83,0.0,90.0
Karnali_Center,29.267,82.183,2025021900,2025-02-19 00:00:00,2025,2,19,0,-2.32,75.32,1.69,1.8,35.34,0.0,90.0
Karnali_Center,29.267,82.183,2025021901,2025-02-19 01:00:00,2025,2,19,1,-2.91,76.7,1.89,1.98,12.6,0.0,90.0
Karnali_Center,29.267,82.183,2025021902,2025-02-19 02:00:00,2025,2,19,2,-3.43,76.83,2.09,2.16,38.46,0.0,90.0
Karnali_Center,29.267,82.183,2025021903,2025-02-19 03:00:00,2025,2,19,3,-3.66,74.23,2.16,2.2,36.75,0.0,90.0
Karnali_Center,29.267,82.183,2025021904,2025-02-19 04:00:00,2025,2,19,4,-3.7,70.14,2.12,2.14,40.03,0.0,90.0
Karnali_Center,29.267,82.183,2025021905,2025-02-19 05:00:00,2025,2,19,5,-3.77,66.22,2.1,2.13,40.23,0.0,90.0
Karnali_Center,29.267,82.183,2025021906,2025-02-19 06:00:00,2025,2,19,6,-2.43,61.27,2.02,2.22,38.76,50.62,85.57
Karnali_Center,29.267,82.183,2025021907,2025-02-19 07:00:00,2025,2,19,7,1.96,42.5,2.52,2.09,32.01,267.3,73.46
Karnali_Center,29.267,82.183,2025021908,2025-02-19 08:00:00,2025,2,19,8,5.58,33.7,1.57,1.51,42.48,415.73,62.04
Karnali_Center,29.267,82.183,2025021909,2025-02-19 09:00:00,2025,2,19,9,7.92,27.07,1.32,0.8,41.6,582.83,52.07
Karnali_Center,29.267,82.183,2025021910,2025-02-19 10:00:00,2025,2,19,10,9.79,22.98,2.76,2.07,38.17,717.67,44.59
Karnali_Center,29.267,82.183,2025021911,2025-02-19 11:00:00,2025,2,19,11,10.83,21.95,4.25,3.39,48.32,766.42,41.01
Karnali_Center,29.267,82.183,2025021912,2025-02-19 12:00:00,2025,2,19,12,10.95,23.51,5.48,4.58,45.65,721.47,42.35
Karnali_Center,29.267,82.183,2025021913,2025-02-19 13:00:00,2025,2,19,13,10.31,26.72,6.06,5.2,59.32,639.78,48.19
Karnali_Center,29.267,82.183,2025021914,2025-02-19 14:00:00,2025,2,19,14,9.03,30.72,5.8,5.04,0.45,467.23,57.16
Karnali_Center,29.267,82.183,2025021915,2025-02-19 15:00:00,2025,2,19,15,7.44,35.23,4.8,4.2,64.5,280.12,68.0
Karnali_Center,29.267,82.183,2025021916,2025-02-19 16:00:00,2025,2,19,16,5.21,43.84,3.05,3.09,61.33,109.68,79.94
Karnali_Center,29.267,82.183,2025021917,2025-02-19 17:00:00,2025,2,19,17,2.33,54.37,1.59,1.93,63.25,3.4,89.41
Karnali_Center,29.267,82.183,2025021918,2025-02-19 18:00:00,2025,2,19,18,2.15,52.54,0.98,1.19,61.38,0.0,90.0
Karnali_Center,29.267,82.183,2025021919,2025-02-19 19:00:00,2025,2,19,19,1.92,52.95,0.57,0.69,83.04,0.0,90.0
Karnali_Center,29.267,82.183,2025021920,2025-02-19 20:00:00,2025,2,19,20,1.42,54.73,0.33,0.38,76.87,0.0,90.0
Karnali_Center,29.267,82.183,2025021921,2025-02-19 21:00:00,2025,2,19,21,0.64,57.35,0.69,0.77,88.14,0.0,90.0
Karnali_Center,29.267,82.183,2025021922,2025-02-19 22:00:00,2025,2,19,22,-0.52,62.5,1.12,1.29,68.16,0.0,90.0
Karnali_Center,29.267,82.183,2025021923,2025-02-19 23:00:00,2025,2,19,23,-1.03,64.75,1.4,1.6,91.81,0.0,90.0
Karnali_Center,29.267,82.183,2025022000,2025-02-20 00:00:00,2025,2,20,0,-1.45,66.59,1.63,1.76,98.62,0.0,90.0
Karnali_Center,29.267,82.183,2025022001,2025-02-20 01:00:00,2025,2,20,1,-1.5,66.63,1.62,1.75,93.71,0.0,90.0
Karnali_Center,29.267,82.183,2025022002,2025-02-20 02:00:00,2025,2,20,2,-1.21,64.81,1.53,1.67,98.62,0.0,90.0
Karnali_Center,29.267,82.183,2025022003,2025-02-20 03:00:00,2025,2,20,3,-1.03,63.86,1.49,1.61,98.62,0.0,90.0
Karnali_Center,29.267,82.183,2025022004,2025-02-20 04:00:00,2025,2,20,4,-0.94,63.63,1.42,1.51,99.79,0.0,90.0
Karnali_Center,29.267,82.183,2025022005,2025-02-20 05:00:00,2025,2,20,5,-1.04,64.24,1.38,1.46,97.32,0.0,90.0
Karnali_Center,29.267,82.183,2025022006,2025-02-20 06:00:00,2025,2,20,6,-0.58,65.07,1.39,1.62,99.77,20.92,85.39
Karnali_Center,29.267,82.183,2025022007,2025-02-20 07:00:00,2025,2,20,7,2.54,48.88,2.17,2.19,98.76,81.0,73.24
Karnali_Center,29.267,82.183,2025022008,2025-02-20 08:00:00,2025,2,20,8,5.21,36.09,2.45,2.45,99.89,183.07,61.78
Karnali_Center,29.267,82.183,2025022009,2025-02-20 09:00:00,2025,2,20,9,7.37,30.31,2.95,2.71,99.02,288.05,51.77
Karnali_Center,29.267,82.183,2025022010,2025-02-20 10:00:00,2025,2,20,10,8.84,28.53,3.99,3.5,93.78,401.35,44.25
Karnali_Center,29.267,82.183,2025022011,2025-02-20 11:00:00,2025,2,20,11,9.36,29.29,4.77,4.14,92.56,391.45,40.66
Karnali_Center,29.267,82.183,2025022012,2025-02-20 12:00:00,2025,2,20,12,9.16,31.95,5.0,4.32,86.71,332.38,42.01
Karnali_Center,29.267,82.183,2025022013,2025-02-20 13:00:00,2025,2,20,13,8.48,35.4,4.79,4.18,64.68,342.45,47.9
Karnali_Center,29.267,82.183,2025022014,2025-02-20 14:00:00,2025,2,20,14,7.67,38.93,4.48,3.97,64.03,250.35,56.92
Karnali_Center,29.267,82.183,2025022015,2025-02-20 15:00:00,2025,2,20,15,6.23,44.08,3.99,3.62,95.13,167.38,67.8
Karnali_Center,29.267,82.183,2025022016,2025-02-20 16:00:00,2025,2,20,16,4.28,52.32,2.85,2.82,93.8,61.0,79.76
Karnali_Center,29.267,82.183,2025022017,2025-02-20 17:00:00,2025,2,20,17,1.85,65.82,1.45,1.85,86.76,3.12,89.36
Karnali_Center,29.267,82.183,2025022018,2025-02-20 18:00:00,2025,2,20,18,1.16,68.36,1.16,1.43,82.15,0.0,90.0
Karnali_Center,29.267,82.183,2025022019,2025-02-20 19:00:00,2025,2,20,19,0.72,71.14,1.06,1.16,58.53,0.0,90.0
Karnali_Center,29.267,82.183,2025022020,2025-02-20 20:00:00,2025,2,20,20,0.12,74.33,1.06,1.15,61.95,0.0,90.0
Karnali_Center,29.267,82.183,2025022021,2025-02-20 21:00:00,2025,2,20,21,-0.3,76.48,1.17,1.28,53.04,0.0,90.0
Karnali_Center,29.267,82.183,2025022022,2025-02-20 22:00:00,2025,2,20,22,-0.47,76.78,1.28,1.4,97.15,0.0,90.0
Karnali_Center,29.267,82.183,2025022023,2025-02-20 23:00:00,2025,2,20,23,-0.73,77.42,1.38,1.54,98.38,0.0,90.0
Karnali_Center,29.267,82.183,2025022100,2025-02-21 00:00:00,2025,2,21,0,-1.04,77.95,1.47,1.62,89.43,0.0,90.0
Karnali_Center,29.267,82.183,2025022101,2025-02-21 01:00:00,2025,2,21,1,-1.62,79.58,1.73,1.93,99.89,0.0,90.0
Karnali_Center,29.267,82.183,2025022102,2025-02-21 02:00:00,2025,2,21,2,-2.21,81.24,1.97,2.31,99.88,0.0,90.0
Karnali_Center,29.267,82.183,2025022103,2025-02-21 03:00:00,2025,2,21,3,-2.39,79.84,2.11,2.54,94.92,0.0,90.0
Karnali_Center,29.267,82.183,2025022104,2025-02-21 04:00:00,2025,2,21,4,-2.28,78.19,1.84,2.28,85.36,0.0,90.0
Karnali_Center,29.267,82.183,2025022105,2025-02-21 05:00:00,2025,2,21,5,-1.99,80.68,1.49,2.03,76.07,0.0,90.0
Karnali_Center,29.267,82.183,2025022106,2025-02-21 06:00:00,2025,2,21,6,-1.58,82.57,1.84,2.29,65.18,44.7,85.21
Karnali_Center,29.267,82.183,2025022107,2025-02-21 07:00:00,2025,2,21,7,0.95,74.55,2.7,2.59,51.51,249.93,73.0
Karnali_Center,29.267,82.183,2025022108,2025-02-21 08:00:00,2025,2,21,8,3.71,64.91,3.07,2.88,50.34,387.1,61.51
Karnali_Center,29.267,82.183,2025022109,2025-02-21 09:00:00,2025,2,21,9,6.13,52.88,3.87,3.33,42.85,548.4,51.47
Karnali_Center,29.267,82.183,2025022110,2025-02-21 10:00:00,2025,2,21,10,8.05,42.26,4.55,3.79,46.38,681.75,43.91
Karnali_Center,29.267,82.183,2025022111,2025-02-21 11:00:00,2025,2,21,11,9.29,35.37,5.31,4.5,68.38,708.55,40.29
Karnali_Center,29.267,82.183,2025022112,2025-02-21 12:00:00,2025,2,21,12,9.73,32.97,5.85,5.08,48.4,725.15,41.67
Karnali_Center,29.267,82.183,2025022113,2025-02-21 13:00:00,2025,2,21,13,9.49,33.67,5.94,5.25,6.77,612.97,47.61
Karnali_Center,29.267,82.183,2025022114,2025-02-21 14:00:00,2025,2,21,14,8.45,37.78,5.42,4.82,6.75,448.92,56.68
Karnali_Center,29.267,82.183,2025022115,2025-02-21 15:00:00,2025,2,21,15,6.92,44.6,4.54,4.06,13.5,269.85,67.6
Karnali_Center,29.267,82.183,2025022116,2025-02-21 16:00:00,2025,2,21,16,4.92,54.82,3.22,3.11,4.46,112.97,79.59
Karnali_Center,29.267,82.183,2025022117,2025-02-21 17:00:00,2025,2,21,17,2.25,72.16,1.55,2.07,25.99,3.78,89.31
Karnali_Center,29.267,82.183,2025022118,2025-02-21 18:00:00,2025,2,21,18,1.69,80.0,1.19,1.58,59.58,0.0,90.0
Karnali_Center,29.267,82.183,2025022119,2025-02-21 19:00:00,2025,2,21,19,1.42,84.49,1.0,1.32,55.59,0.0,90.0
Karnali_Center,29.267,82.183,2025022120,2025-02-21 20:00:00,2025,2,21,20,1.08,87.28,0.98,1.29,56.29,0.0,90.0
Karnali_Center,29.267,82.183,2025022121,2025-02-21 21:00:00,2025,2,21,21,0.64,89.54,1.16,1.42,41.49,0.0,90.0
Karnali_Center,29.267,82.183,2025022122,2025-02-21 22:00:00,2025,2,21,22,0.24,90.46,1.36,1.63,39.13,0.0,90.0
Karnali_Center,29.267,82.183,2025022123,2025-02-21 23:00:00,2025,2,21,23,-0.07,89.5,1.46,1.73,25.69,0.0,90.0
Karnali_Center,29.267,82.183,2025022200,2025-02-22 00:00:00,2025,2,22,0,-0.52,89.1,1.56,1.74,25.75,0.0,90.0
Karnali_Center,29.267,82.183,2025022201,2025-02-22 01:00:00,2025,2,22,1,-0.99,88.49,1.68,1.81,26.83,0.0,90.0
Karnali_Center,29.267,82.183,2025022202,2025-02-22 02:00:00,2025,2,22,2,-1.41,87.13,1.77,1.94,36.04,0.0,90.0
Karnali_Center,29.267,82.183,2025022203,2025-02-22 03:00:00,2025,2,22,3,-1.86,85.16,1.88,2.04,23.13,0.0,90.0
Karnali_Center,29.267,82.183,2025022204,2025-02-22 04:00:00,2025,2,22,4,-2.19,81.43,2.03,2.16,23.55,0.0,90.0
Karnali_Center,29.267,82.183,2025022205,2025-02-22 05:00:00,2025,2,22,5,-2.36,76.2,2.08,2.14,46.75,0.0,90.0
Karnali_Center,29.267,82.183,2025022206,2025-02-22 06:00:00,2025,2,22,6,-0.86,64.85,1.82,1.96,44.06,55.6,85.02
Karnali_Center,29.267,82.183,2025022207,2025-02-22 07:00:00,2025,2,22,7,3.0,48.42,1.61,1.39,41.54,260.67,72.77
Karnali_Center,29.267,82.183,2025022208,2025-02-22 08:00:00,2025,2,22,8,5.62,39.18,1.5,1.49,45.99,404.1,61.25
Karnali_Center,29.267,82.183,2025022209,2025-02-22 09:00:00,2025,2,22,9,7.28,32.93,2.68,2.24,38.77,623.47,51.16
Karnali_Center,29.267,82.183,2025022210,2025-02-22 10:00:00,2025,2,22,10,9.15,30.1,3.25,2.69,53.59,633.78,43.56
Karnali_Center,29.267,82.183,2025022211,2025-02-22 11:00:00,2025,2,22,11,10.43,29.61,4.29,3.63,84.67,581.4,39.93
Karnali_Center,29.267,82.183,2025022212,2025-02-22 12:00:00,2025,2,22,12,10.32,33.2,5.15,4.47,87.66,568.67,41.33
Karnali_Center,29.267,82.183,2025022213,2025-02-22 13:00:00,2025,2,22,13,9.26,39.77,5.2,4.58,92.3,595.1,47.32
Karnali_Center,29.267,82.183,2025022214,2025-02-22 14:00:00,2025,2,22,14,7.79,46.32,4.64,4.12,89.16,419.35,56.44
Karnali_Center,29.267,82.183,2025022215,2025-02-22 15:00:00,2025,2,22,15,6.0,53.74,4.01,3.59,87.9,265.12,67.4
Karnali_Center,29.267,82.183,2025022216,2025-02-22 16:00:00,2025,2,22,16,4.03,64.36,3.07,2.85,91.97,89.97,79.42
Karnali_Center,29.267,82.183,2025022217,2025-02-22 17:00:00,2025,2,22,17,2.64,75.41,1.6,2.04,97.75,3.35,89.25
Karnali_Center,29.267,82.183,2025022218,2025-02-22 18:00:00,2025,2,22,18,1.98,80.4,1.42,1.76,98.62,0.0,90.0
Karnali_Center,29.267,82.183,2025022219,2025-02-22 19:00:00,2025,2,22,19,1.5,83.92,1.28,1.48,92.93,0.0,90.0
Karnali_Center,29.267,82.183,2025022220,2025-02-22 20:00:00,2025,2,22,20,0.88,87.05,1.07,1.2,96.69,0.0,90.0
Karnali_Center,29.267,82.183,2025022221,2025-02-22 21:00:00,2025,2,22,21,0.02,90.56,1.02,1.16,97.3,0.0,90.0
Karnali_Center,29.267,82.183,2025022222,2025-02-22 22:00:00,2025,2,22,22,-0.71,93.75,1.17,1.33,96.25,0.0,90.0
Karnali_Center,29.267,82.183,2025022223,2025-02-22 23:00:00,2025,2,22,23,-1.25,94.87,1.29,1.45,91.65,0.0,90.0
Karnali_Center,29.267,82.183,2025022300,2025-02-23 00:00:00,2025,2,23,0,-1.62,94.14,1.4,1.54,88.58,0.0,90.0
Karnali_Center,29.267,82.183,2025022301,2025-02-23 01:00:00,2025,2,23,1,-1.87,91.25,1.47,1.61,65.18,0.0,90.0
Karnali_Center,29.267,82.183,2025022302,2025-02-23 02:00:00,2025,2,23,2,-1.87,86.38,1.43,1.56,68.44,0.0,90.0
Karnali_Center,29.267,82.183,2025022303,2025-02-23 03:00:00,2025,2,23,3,-1.85,82.28,1.37,1.52,67.75,0.0,90.0
Karnali_Center,29.267,82.183,2025022304,2025-02-23 04:00:00,2025,2,23,4,-1.89,79.28,1.32,1.45,73.22,0.0,90.0
Karnali_Center,29.267,82.183,2025022305,2025-02-23 05:00:00,2025,2,23,5,-1.85,76.65,1.21,1.34,58.38,0.0,90.0
Karnali_Center,29.267,82.183,2025022306,2025-02-23 06:00:00,2025,2,23,6,-0.57,70.17,1.05,1.16,60.13,48.62,84.83
Karnali_Center,29.267,82.183,2025022307,2025-02-23 07:00:00,2025,2,23,7,2.8,58.19,0.81,0.99,70.22,160.9,72.53
Karnali_Center,29.267,82.183,2025022308,2025-02-23 08:00:00,2025,2,23,8,4.83,52.09,2.2,1.98,67.22,319.55,60.98
Karnali_Center,29.267,82.183,2025022309,2025-02-23 09:00:00,2025,2,23,9,6.1,45.5,2.74,2.32,65.52,456.75,50.85
Karnali_Center,29.267,82.183,2025022310,2025-02-23 10:00:00,2025,2,23,10,7.03,41.06,3.23,2.67,60.6,527.12,43.22
Karnali_Center,29.267,82.183,2025022311,2025-02-23 11:00:00,2025,2,23,11,7.39,40.26,3.62,2.97,83.72,572.35,39.57
Karnali_Center,29.267,82.183,2025022312,2025-02-23 12:00:00,2025,2,23,12,7.52,40.08,3.83,3.16,90.34,685.22,40.99
Karnali_Center,29.267,82.183,2025022313,2025-02-23 13:00:00,2025,2,23,13,7.12,42.42,3.82,3.19,79.15,469.98,47.03
Karnali_Center,29.267,82.183,2025022314,2025-02-23 14:00:00,2025,2,23,14,6.34,46.42,3.73,3.18,88.63,375.8,56.2
Karnali_Center,29.267,82.183,2025022315,2025-02-23 15:00:00,2025,2,23,15,5.22,51.72,3.47,3.07,89.61,223.75,67.2
Karnali_Center,29.267,82.183,2025022316,2025-02-23 16:00:00,2025,2,23,16,3.61,60.83,2.91,2.68,91.08,78.47,79.25
Karnali_Center,29.267,82.183,2025022317,2025-02-23 17:00:00,2025,2,23,17,1.56,74.96,1.65,1.98,93.82,3.88,89.2
Karnali_Center,29.267,82.183,2025022318,2025-02-23 18:00:00,2025,2,23,18,0.77,82.26,1.41,1.7,95.55,0.0,90.0
Karnali_Center,29.267,82.183,2025022319,2025-02-23 19:00:00,2025,2,23,19,0.38,86.34,1.29,1.47,90.13,0.0,90.0
Karnali_Center,29.267,82.183,2025022320,2025-02-23 20:00:00,2025,2,23,20,-0.14,90.02,1.26,1.39,84.49,0.0,90.0
Karnali_Center,29.267,82.183,2025022321,2025-02-23 21:00:00,2025,2,23,21,-0.65,93.1,1.35,1.55,91.41,0.0,90.0
Karnali_Center,29.267,82.183,2025022322,2025-02-23 22:00:00,2025,2,23,22,-1.07,94.73,1.38,1.59,89.2,0.0,90.0
Karnali_Center,29.267,82.183,2025022323,2025-02-23 23:00:00,2025,2,23,23,-1.56,96.5,1.44,1.68,66.97,0.0,90.0
Karnali_Center,29.267,82.183,2025022400,2025-02-24 00:00:00,2025,2,24,0,-1.97,97.16,1.51,1.77,58.43,0.0,90.0
Karnali_Center,29.267,82.183,2025022401,2025-02-24 01:00:00,2025,2,24,1,-2.27,96.86,1.51,1.77,33.24,0.0,90.0
Karnali_Center,29.267,82.183,2025022402,2025-02-24 02:00:00,2025,2,24,2,-2.43,95.35,1.5,1.72,35.95,0.0,90.0
Karnali_Center,29.267,82.183,2025022403,2025-02-24 03:00:00,2025,2,24,3,-2.38,91.73,1.52,1.76,32.39,0.0,90.0
Karnali_Center,29.267,82.183,2025022404,2025-02-24 04:00:00,2025,2,24,4,-2.11,86.34,1.52,1.76,30.44,0.0,90.0
Karnali_Center,29.267,82.183,2025022405,2025-02-24 05:00:00,2025,2,24,5,-2.09,82.89,1.54,1.75,32.96,0.0,90.0
Karnali_Center,29.267,82.183,2025022406,2025-02-24 06:00:00,2025,2,24,6,-0.89,74.25,1.46,1.78,29.74,54.97,84.62
Karnali_Center,29.267,82.183,2025022407,2025-02-24 07:00:00,2025,2,24,7,3.08,55.2,1.49,1.5,49.26,188.43,72.29
Karnali_Center,29.267,82.183,2025022408,2025-02-24 08:00:00,2025,2,24,8,5.62,44.56,1.22,0.99,37.23,428.15,60.71
Karnali_Center,29.267,82.183,2025022409,2025-02-24 09:00:00,2025,2,24,9,7.61,36.42,2.13,1.52,26.8,669.35,50.54
Karnali_Center,29.267,82.183,2025022410,2025-02-24 10:00:00,2025,2,24,10,9.03,32.05,3.54,2.78,37.81,679.62,42.87
Karnali_Center,29.267,82.183,2025022411,2025-02-24 11:00:00,2025,2,24,11,9.66,31.36,4.56,3.71,72.34,563.72,39.2
Karnali_Center,29.267,82.183,2025022412,2025-02-24 12:00:00,2025,2,24,12,9.42,33.79,5.17,4.37,69.29,438.67,40.65
Karnali_Center,29.267,82.183,2025022413,2025-02-24 13:00:00,2025,2,24,13,8.31,39.88,5.14,4.46,84.29,449.08,46.74
Karnali_Center,29.267,82.183,2025022414,2025-02-24 14:00:00,2025,2,24,14,6.77,48.16,4.64,4.13,84.79,284.58,55.96
Karnali_Center,29.267,82.183,2025022415,2025-02-24 15:00:00,2025,2,24,15,4.97,58.54,3.82,3.47,85.72,167.05,67.0
Karnali_Center,29.267,82.183,2025022416,2025-02-24 16:00:00,2025,2,24,16,3.33,68.83,2.89,2.69,80.99,80.1,79.08
Karnali_Center,29.267,82.183,2025022417,2025-02-24 17:00:00,2025,2,24,17,1.67,80.7,1.45,1.78,74.46,4.5,89.14
Karnali_Center,29.267,82.183,2025022418,2025-02-24 18:00:00,2025,2,24,18,1.0,86.51,0.95,1.09,70.48,0.0,90.0
Karnali_Center,29.267,82.183,2025022419,2025-02-24 19:00:00,2025,2,24,19,0.62,89.7,0.46,0.58,63.51,0.0,90.0
Karnali_Center,29.267,82.183,2025022420,2025-02-24 20:00:00,2025,2,24,20,-0.26,95.49,1.04,1.29,42.35,0.0,90.0
Karnali_Center,29.267,82.183,2025022421,2025-02-24 21:00:00,2025,2,24,21,-0.79,98.14,1.29,1.52,36.06,0.0,90.0
Karnali_Center,29.267,82.183,2025022422,2025-02-24 22:00:00,2025,2,24,22,-0.99,96.91,1.4,1.56,29.6,0.0,90.0
Karnali_Center,29.267,82.183,2025022423,2025-02-24 23:00:00,2025,2,24,23,-1.18,93.65,1.56,1.7,25.17,0.0,90.0
Karnali_Center,29.267,82.183,2025022500,2025-02-25 00:00:00,2025,2,25,0,-1.11,87.71,1.54,1.66,27.63,0.0,90.0
Karnali_Center,29.267,82.183,2025022501,2025-02-25 01:00:00,2025,2,25,1,-1.54,84.19,1.84,1.93,13.32,0.0,90.0
Karnali_Center,29.267,82.183,2025022502,2025-02-25 02:00:00,2025,2,25,2,-1.85,77.97,2.08,2.12,28.06,0.0,90.0
Karnali_Center,29.267,82.183,2025022503,2025-02-25 03:00:00,2025,2,25,3,-2.1,70.38,2.27,2.28,30.33,0.0,90.0
Karnali_Center,29.267,82.183,2025022504,2025-02-25 04:00:00,2025,2,25,4,-2.45,62.97,2.49,2.46,30.33,0.0,90.0
Karnali_Center,29.267,82.183,2025022505,2025-02-25 05:00:00,2025,2,25,5,-2.45,53.95,2.49,2.43,32.58,0.0,90.0
Karnali_Center,29.267,82.183,2025022506,2025-02-25 06:00:00,2025,2,25,6,-1.1,50.93,2.44,2.66,39.12,68.15,84.42
Karnali_Center,29.267,82.183,2025022507,2025-02-25 07:00:00,2025,2,25,7,3.24,32.08,3.04,2.54,53.72,224.5,72.04
Karnali_Center,29.267,82.183,2025022508,2025-02-25 08:00:00,2025,2,25,8,7.3,18.75,2.39,2.17,58.31,395.5,60.43
Karnali_Center,29.267,82.183,2025022509,2025-02-25 09:00:00,2025,2,25,9,10.8,12.48,0.48,0.66,65.04,558.38,50.23
Karnali_Center,29.267,82.183,2025022510,2025-02-25 10:00:00,2025,2,25,10,12.66,11.67,2.18,1.48,47.41,706.08,42.51
Karnali_Center,29.267,82.183,2025022511,2025-02-25 11:00:00,2025,2,25,11,13.59,12.54,3.79,2.89,47.87,758.0,38.83
Karnali_Center,29.267,82.183,2025022512,2025-02-25 12:00:00,2025,2,25,12,13.81,14.93,4.7,3.71,80.73,709.65,40.3
Karnali_Center,29.267,82.183,2025022513,2025-02-25 13:00:00,2025,2,25,13,13.33,18.19,4.88,3.91,63.39,604.15,46.45
Karnali_Center,29.267,82.183,2025022514,2025-02-25 14:00:00,2025,2,25,14,12.38,22.25,4.61,3.71,56.82,459.62,55.72
Karnali_Center,29.267,82.183,2025022515,2025-02-25 15:00:00,2025,2,25,15,10.69,28.22,4.1,3.39,49.96,302.35,66.81
Karnali_Center,29.267,82.183,2025022516,2025-02-25 16:00:00,2025,2,25,16,7.75,40.79,2.69,2.7,34.46,150.27,78.91
Karnali_Center,29.267,82.183,2025022517,2025-02-25 17:00:00,2025,2,25,17,4.21,56.65,1.45,1.74,27.41,7.32,89.08
Karnali_Center,29.267,82.183,2025022518,2025-02-25 18:00:00,2025,2,25,18,3.8,58.79,0.49,0.63,18.86,0.0,90.0
Karnali_Center,29.267,82.183,2025022519,2025-02-25 19:00:00,2025,2,25,19,2.39,64.04,1.41,1.57,36.1,0.0,90.0
Karnali_Center,29.267,82.183,2025022520,2025-02-25 20:00:00,2025,2,25,20,1.75,62.35,1.73,1.87,30.99,0.0,90.0
Karnali_Center,29.267,82.183,2025022521,2025-02-25 21:00:00,2025,2,25,21,1.77,56.43,1.7,1.83,22.55,0.0,90.0
Karnali_Center,29.267,82.183,2025022522,2025-02-25 22:00:00,2025,2,25,22,1.6,51.2,1.89,2.01,18.73,0.0,90.0
Karnali_Center,29.267,82.183,2025022523,2025-02-25 23:00:00,2025,2,25,23,1.7,45.44,1.88,2.02,18.75,0.0,90.0
Karnali_Center,29.267,82.183,2025022600,2025-02-26 00:00:00,2025,2,26,0,1.93,40.56,1.75,1.89,17.46,0.0,90.0
Karnali_Center,29.267,82.183,2025022601,2025-02-26 01:00:00,2025,2,26,1,1.93,37.24,1.7,1.83,47.03,0.0,90.0
Karnali_Center,29.267,82.183,2025022602,2025-02-26 02:00:00,2025,2,26,2,1.8,35.06,1.71,1.84,52.61,0.0,90.0
Karnali_Center,29.267,82.183,2025022603,2025-02-26 03:00:00,2025,2,26,3,1.68,33.33,1.67,1.78,22.94,0.0,90.0
Karnali_Center,29.267,82.183,2025022604,2025-02-26 04:00:00,2025,2,26,4,1.62,31.96,1.47,1.61,19.3,0.0,90.0
Karnali_Center,29.267,82.183,2025022605,2025-02-26 05:00:00,2025,2,26,5,1.54,32.0,1.44,1.58,42.96,0.0,90.0
Karnali_Center,29.267,82.183,2025022606,2025-02-26 06:00:00,2025,2,26,6,2.67,36.6,1.48,1.7,50.23,63.8,84.2
Karnali_Center,29.267,82.183,2025022607,2025-02-26 07:00:00,2025,2,26,7,6.65,30.34,1.45,1.38,58.77,186.9,71.8
Karnali_Center,29.267,82.183,2025022608,2025-02-26 08:00:00,2025,2,26,8,9.55,27.36,1.1,0.88,65.42,322.67,60.16
Karnali_Center,29.267,82.183,2025022609,2025-02-26 09:00:00,2025,2,26,9,12.09,24.75,2.4,1.88,67.04,472.1,49.91
Karnali_Center,29.267,82.183,2025022610,2025-02-26 10:00:00,2025,2,26,10,14.01,23.92,4.16,3.43,96.93,680.4,42.16
Karnali_Center,29.267,82.183,2025022611,2025-02-26 11:00:00,2025,2,26,11,14.79,25.34,6.08,5.3,93.44,687.85,38.45
Karnali_Center,29.267,82.183,2025022612,2025-02-26 12:00:00,2025,2,26,12,14.07,29.84,6.95,6.26,99.58,576.97,39.95
Karnali_Center,29.267,82.183,2025022613,2025-02-26 13:00:00,2025,2,26,13,11.35,39.16,5.82,5.29,92.7,533.53,46.16
Karnali_Center,29.267,82.183,2025022614,2025-02-26 14:00:00,2025,2,26,14,9.34,47.52,4.37,3.91,85.38,321.42,55.48
Karnali_Center,29.267,82.183,2025022615,2025-02-26 15:00:00,2025,2,26,15,8.11,53.14,3.27,2.94,72.8,201.18,66.61
Karnali_Center,29.267,82.183,2025022616,2025-02-26 16:00:00,2025,2,26,16,6.77,59.78,2.04,2.1,54.95,126.6,78.74
Karnali_Center,29.267,82.183,2025022617,2025-02-26 17:00:00,2025,2,26,17,4.85,69.79,1.08,1.38,39.99,7.05,89.03
Karnali_Center,29.267,82.183,2025022618,2025-02-26 18:00:00,2025,2,26,18,3.85,73.34,0.82,1.03,25.24,0.0,90.0
Karnali_Center,29.267,82.183,2025022619,2025-02-26 19:00:00,2025,2,26,19,3.46,75.13,0.74,0.88,32.81,0.0,90.0
Karnali_Center,29.267,82.183,2025022620,2025-02-26 20:00:00,2025,2,26,20,2.82,77.84,1.07,1.25,36.05,0.0,90.0
Karnali_Center,29.267,82.183,2025022621,2025-02-26 21:00:00,2025,2,26,21,2.32,79.37,1.04,1.21,40.24,0.0,90.0
Karnali_Center,29.267,82.183,2025022622,2025-02-26 22:00:00,2025,2,26,22,1.83,80.83,1.33,1.52,30.96,0.0,90.0
Karnali_Center,29.267,82.183,2025022623,2025-02-26 23:00:00,2025,2,26,23,1.74,79.27,1.49,1.68,42.93,0.0,90.0
Karnali_Center,29.267,82.183,2025022700,2025-02-27 00:00:00,2025,2,27,0,2.1,75.43,1.14,1.3,21.94,0.0,90.0
Karnali_Center,29.267,82.183,2025022701,2025-02-27 01:00:00,2025,2,27,1,1.85,75.26,1.04,1.16,70.0,0.0,90.0
Karnali_Center,29.267,82.183,2025022702,2025-02-27 02:00:00,2025,2,27,2,1.11,78.47,1.41,1.56,81.11,0.0,90.0
Karnali_Center,29.267,82.183,2025022703,2025-02-27 03:00:00,2025,2,27,3,0.47,81.06,1.89,2.07,71.16,0.0,90.0
Karnali_Center,29.267,82.183,2025022704,2025-02-27 04:00:00,2025,2,27,4,0.39,79.51,1.97,2.13,24.0,0.0,90.0
Karnali_Center,29.267,82.183,2025022705,2025-02-27 05:00:00,2025,2,27,5,0.68,75.01,1.85,1.99,27.69,0.0,90.0
Karnali_Center,29.267,82.183,2025022706,2025-02-27 06:00:00,2025,2,27,6,2.39,65.92,1.55,1.75,49.3,57.58,83.98
Karnali_Center,29.267,82.183,2025022707,2025-02-27 07:00:00,2025,2,27,7,6.51,54.57,1.27,1.3,69.95,184.45,71.55
Karnali_Center,29.267,82.183,2025022708,2025-02-27 08:00:00,2025,2,27,8,9.28,45.9,2.03,1.82,83.15,343.92,59.88
Karnali_Center,29.267,82.183,2025022709,2025-02-27 09:00:00,2025,2,27,9,11.17,40.09,2.92,2.41,85.63,460.4,49.59
Karnali_Center,29.267,82.183,2025022710,2025-02-27 10:00:00,2025,2,27,10,11.65,39.82,3.89,3.24,93.79,596.83,41.8
Karnali_Center,29.267,82.183,2025022711,2025-02-27 11:00:00,2025,2,27,11,10.48,46.1,4.54,3.93,90.51,669.8,38.08
Karnali_Center,29.267,82.183,2025022712,2025-02-27 12:00:00,2025,2,27,12,9.11,55.2,4.57,4.09,97.99,586.97,39.61
Karnali_Center,29.267,82.183,2025022713,2025-02-27 13:00:00,2025,2,27,13,8.06,61.39,4.21,3.86,89.72,547.08,45.87
Karnali_Center,29.267,82.183,2025022714,2025-02-27 14:00:00,2025,2,27,14,7.54,63.12,3.52,3.21,88.15,372.52,55.25
Karnali_Center,29.267,82.183,2025022715,2025-02-27 15:00:00,2025,2,27,15,7.0,64.77,2.94,2.64,87.24,240.1,66.42
Karnali_Center,29.267,82.183,2025022716,2025-02-27 16:00:00,2025,2,27,16,5.83,70.7,2.41,2.33,93.25,80.32,78.58
Karnali_Center,29.267,82.183,2025022717,2025-02-27 17:00:00,2025,2,27,17,3.49,85.67,1.52,2.07,100.0,3.65,88.97
Karnali_Center,29.267,82.183,2025022718,2025-02-27 18:00:00,2025,2,27,18,3.11,90.19,1.45,2.07,100.0,0.0,90.0
Karnali_Center,29.267,82.183,2025022719,2025-02-27 19:00:00,2025,2,27,19,2.76,92.35,1.54,2.06,99.75,0.0,90.0
Karnali_Center,29.267,82.183,2025022720,2025-02-27 20:00:00,2025,2,27,20,2.56,93.38,1.55,2.11,99.71,0.0,90.0
Karnali_Center,29.267,82.183,2025022721,2025-02-27 21:00:00,2025,2,27,21,2.4,93.02,1.54,2.24,99.97,0.0,90.0
Karnali_Center,29.267,82.183,2025022722,2025-02-27 22:00:00,2025,2,27,22,1.89,93.1,1.54,2.21,99.9,0.0,90.0
Karnali_Center,29.267,82.183,2025022723,2025-02-27 23:00:00,2025,2,27,23,1.59,93.05,1.41,2.06,99.91,0.0,90.0
Karnali_Center,29.267,82.183,2025022800,2025-02-28 00:00:00,2025,2,28,0,1.35,93.42,1.98,2.03,88.52,0.0,90.0
Karnali_Center,29.267,82.183,2025022801,2025-02-28 01:00:00,2025,2,28,1,1.04,94.4,2.1,1.99,99.72,0.0,90.0
Karnali_Center,29.267,82.183,2025022802,2025-02-28 02:00:00,2025,2,28,2,0.7,95.41,1.97,1.9,89.26,0.0,90.0
Karnali_Center,29.267,82.183,2025022803,2025-02-28 03:00:00,2025,2,28,3,0.26,96.23,2.01,1.91,77.65,0.0,90.0
Karnali_Center,29.267,82.183,2025022804,2025-02-28 04:00:00,2025,2,28,4,0.06,95.19,2.0,1.93,99.79,0.0,90.0
Karnali_Center,29.267,82.183,2025022805,2025-02-28 05:00:00,2025,2,28,5,-0.05,95.26,2.05,2.06,83.86,0.0,90.0
Karnali_Center,29.267,82.183,2025022806,2025-02-28 06:00:00,2025,2,28,6,0.13,94.2,2.09,2.07,88.32,14.82,83.75
Karnali_Center,29.267,82.183,2025022807,2025-02-28 07:00:00,2025,2,28,7,0.6,92.96,2.08,2.13,92.89,32.9,71.29
Karnali_Center,29.267,82.183,2025022808,2025-02-28 08:00:00,2025,2,28,8,0.91,92.41,2.33,2.39,97.51,74.12,59.59
Karnali_Center,29.267,82.183,2025022809,2025-02-28 09:00:00,2025,2,28,9,1.37,90.97,2.52,2.61,96.27,115.2,49.27
Karnali_Center,29.267,82.183,2025022810,2025-02-28 10:00:00,2025,2,28,10,1.94,87.95,2.75,2.9,92.07,123.72,41.44
Karnali_Center,29.267,82.183,2025022811,2025-02-28 11:00:00,2025,2,28,11,1.98,87.47,2.8,3.01,99.77,124.68,37.7
Karnali_Center,29.267,82.183,2025022812,2025-02-28 12:00:00,2025,2,28,12,1.74,88.07,2.66,2.87,93.67,122.3,39.26
Karnali_Center,29.267,82.183,2025022813,2025-02-28 13:00:00,2025,2,28,13,1.38,89.78,2.51,2.69,99.95,53.65,45.58
Karnali_Center,29.267,82.183,2025022814,2025-02-28 14:00:00,2025,2,28,14,0.88,92.31,2.18,2.33,91.91,51.5,55.01
Karnali_Center,29.267,82.183,2025022815,2025-02-28 15:00:00,2025,2,28,15,0.47,94.34,2.01,2.14,99.22,63.58,66.23
Karnali_Center,29.267,82.183,2025022816,2025-02-28 16:00:00,2025,2,28,16,0.09,96.05,1.8,2.02,98.45,37.8,78.42
Karnali_Center,29.267,82.183,2025022817,2025-02-28 17:00:00,2025,2,28,17,-0.26,96.93,1.42,1.79,96.49,3.83,88.9
Karnali_Center,29.267,82.183,2025022818,2025-02-28 18:00:00,2025,2,28,18,-0.63,97.47,1.45,1.73,96.8,0.0,90.0
Karnali_Center,29.267,82.183,2025022819,2025-02-28 19:00:00,2025,2,28,19,-1.02,98.29,1.56,1.8,99.41,0.0,90.0
Karnali_Center,29.267,82.183,2025022820,2025-02-28 20:00:00,2025,2,28,20,-1.1,99.01,1.49,1.63,23.57,0.0,90.0
Karnali_Center,29.267,82.183,2025022821,2025-02-28 21:00:00,2025,2,28,21,-0.9,99.21,1.31,1.54,37.9,0.0,90.0
Karnali_Center,29.267,82.183,2025022822,2025-02-28 22:00:00,2025,2,28,22,-0.77,99.72,1.2,1.48,65.24,0.0,90.0
Karnali_Center,29.267,82.183,2025022823,2025-02-28 23:00:00,2025,2,28,23,-0.77,100.0,1.23,1.54,82.61,0.0,90.0
Karnali_Center,29.267,82.183,2025030100,2025-03-01 00:00:00,2025,3,1,0,-0.85,100.0,1.34,1.71,54.01,0.0,90.0
Karnali_Center,29.267,82.183,2025030101,2025-03-01 01:00:00,2025,3,1,1,-0.96,100.0,1.51,1.98,98.77,0.0,90.0
Karnali_Center,29.267,82.183,2025030102,2025-03-01 02:00:00,2025,3,1,2,-1.07,99.4,1.73,2.22,99.92,0.0,90.0
Karnali_Center,29.267,82.183,2025030103,2025-03-01 03:00:00,2025,3,1,3,-1.45,99.07,1.78,2.19,98.57,0.0,90.0
Karnali_Center,29.267,82.183,2025030104,2025-03-01 04:00:00,2025,3,1,4,-1.78,98.48,1.21,1.4,11.12,0.0,90.0
Karnali_Center,29.267,82.183,2025030105,2025-03-01 05:00:00,2025,3,1,5,-2.6,96.91,1.74,2.03,97.7,0.0,90.0
Karnali_Center,29.267,82.183,2025030106,2025-03-01 06:00:00,2025,3,1,6,-2.44,95.44,1.75,2.03,97.93,29.2,83.52
Karnali_Center,29.267,82.183,2025030107,2025-03-01 07:00:00,2025,3,1,7,-0.49,93.37,1.35,1.79,98.34,90.12,71.04
Karnali_Center,29.267,82.183,2025030108,2025-03-01 08:00:00,2025,3,1,8,0.48,91.39,0.89,1.11,98.75,162.05,59.31
Karnali_Center,29.267,82.183,2025030109,2025-03-01 09:00:00,2025,3,1,9,1.0,89.98,0.71,0.63,99.94,244.35,48.95
Karnali_Center,29.267,82.183,2025030110,2025-03-01 10:00:00,2025,3,1,10,1.63,88.83,1.07,0.88,99.38,264.12,41.07
Karnali_Center,29.267,82.183,2025030111,2025-03-01 11:00:00,2025,3,1,11,2.55,85.48,1.39,1.27,98.75,467.92,37.32
Karnali_Center,29.267,82.183,2025030112,2025-03-01 12:00:00,2025,3,1,12,3.92,75.66,2.17,2.19,99.38,398.4,38.91
Karnali_Center,29.267,82.183,2025030113,2025-03-01 13:00:00,2025,3,1,13,4.61,71.07,2.65,2.72,88.06,176.7,45.29
Karnali_Center,29.267,82.183,2025030114,2025-03-01 14:00:00,2025,3,1,14,4.9,67.75,3.02,3.13,55.61,144.95,54.78
Karnali_Center,29.267,82.183,2025030115,2025-03-01 15:00:00,2025,3,1,15,4.63,67.15,2.91,2.96,63.07,82.57,66.04
Karnali_Center,29.267,82.183,2025030116,2025-03-01 16:00:00,2025,3,1,16,3.29,78.56,1.87,2.29,63.47,32.53,78.25
Karnali_Center,29.267,82.183,2025030117,2025-03-01 17:00:00,2025,3,1,17,1.07,79.55,1.78,2.07,40.6,5.12,88.84
Karnali_Center,29.267,82.183,2025030118,2025-03-01 18:00:00,2025,3,1,18,-0.08,84.51,1.51,1.74,35.53,0.0,90.0
Karnali_Center,29.267,82.183,2025030119,2025-03-01 19:00:00,2025,3,1,19,-0.68,89.86,1.33,1.54,29.0,0.0,90.0
Karnali_Center,29.267,82.183,2025030120,2025-03-01 20:00:00,2025,3,1,20,-1.15,93.47,1.29,1.51,25.82,0.0,90.0
Karnali_Center,29.267,82.183,2025030121,2025-03-01 21:00:00,2025,3,1,21,-1.55,95.77,1.46,1.7,19.78,0.0,90.0
Karnali_Center,29.267,82.183,2025030122,2025-03-01 22:00:00,2025,3,1,22,-1.39,95.11,1.44,1.67,22.06,0.0,90.0
Karnali_Center,29.267,82.183,2025030123,2025-03-01 23:00:00,2025,3,1,23,-1.45,95.13,1.47,1.69,16.14,0.0,90.0
Karnali_Center,29.267,82.183,2025030200,2025-03-02 00:00:00,2025,3,2,0,-1.72,95.74,1.61,1.76,51.82,0.0,90.0
Karnali_Center,29.267,82.183,2025030201,2025-03-02 01:00:00,2025,3,2,1,-2.38,96.98,1.88,1.98,14.97,0.0,90.0
Karnali_Center,29.267,82.183,2025030202,2025-03-02 02:00:00,2025,3,2,2,-3.67,99.36,2.25,2.26,63.8,0.0,90.0
Karnali_Center,29.267,82.183,2025030203,2025-03-02 03:00:00,2025,3,2,3,-5.34,100.0,2.58,2.48,52.14,0.0,90.0
Karnali_Center,29.267,82.183,2025030204,2025-03-02 04:00:00,2025,3,2,4,-6.8,100.0,2.88,2.73,51.79,0.0,90.0
Karnali_Center,29.267,82.183,2025030205,2025-03-02 05:00:00,2025,3,2,5,-7.85,98.36,3.16,3.04,47.66,0.0,90.0
Karnali_Center,29.267,82.183,2025030206,2025-03-02 06:00:00,2025,3,2,6,-6.23,83.27,3.32,3.21,38.06,83.78,83.27
Karnali_Center,29.267,82.183,2025030207,2025-03-02 07:00:00,2025,3,2,7,-1.42,68.79,3.27,2.9,30.76,300.98,70.78
Karnali_Center,29.267,82.183,2025030208,2025-03-02 08:00:00,2025,3,2,8,3.19,51.68,2.3,1.96,3.75,597.67,59.02
Karnali_Center,29.267,82.183,2025030209,2025-03-02 09:00:00,2025,3,2,9,6.32,39.48,0.9,1.05,0.64,798.47,48.62
Karnali_Center,29.267,82.183,2025030210,2025-03-02 10:00:00,2025,3,2,10,8.02,35.24,0.94,0.68,9.62,922.7,40.71
Karnali_Center,29.267,82.183,2025030211,2025-03-02 11:00:00,2025,3,2,11,9.01,35.03,1.76,1.41,9.5,972.08,36.94
Karnali_Center,29.267,82.183,2025030212,2025-03-02 12:00:00,2025,3,2,12,9.75,35.21,2.15,1.84,28.57,820.92,38.56
Karnali_Center,29.267,82.183,2025030213,2025-03-02 13:00:00,2025,3,2,13,10.13,35.22,2.19,1.93,12.62,839.5,45.0
Karnali_Center,29.267,82.183,2025030214,2025-03-02 14:00:00,2025,3,2,14,10.1,35.73,2.08,1.88,21.26,612.95,54.55
Karnali_Center,29.267,82.183,2025030215,2025-03-02 15:00:00,2025,3,2,15,9.48,37.72,1.84,1.73,28.13,381.62,65.85
Karnali_Center,29.267,82.183,2025030216,2025-03-02 16:00:00,2025,3,2,16,7.61,53.35,1.3,1.64,43.53,154.02,78.09
Karnali_Center,29.267,82.183,2025030217,2025-03-02 17:00:00,2025,3,2,17,4.74,50.48,1.25,1.55,55.33,9.3,88.78
Karnali_Center,29.267,82.183,2025030218,2025-03-02 18:00:00,2025,3,2,18,3.81,50.63,1.06,1.33,70.55,0.0,90.0
Karnali_Center,29.267,82.183,2025030219,2025-03-02 19:00:00,2025,3,2,19,2.86,52.95,1.03,1.2,56.53,0.0,90.0
Karnali_Center,29.267,82.183,2025030220,2025-03-02 20:00:00,2025,3,2,20,1.58,56.01,1.34,1.41,58.12,0.0,90.0
Karnali_Center,29.267,82.183,2025030221,2025-03-02 21:00:00,2025,3,2,21,0.27,58.06,1.81,1.88,49.44,0.0,90.0
Karnali_Center,29.267,82.183,2025030222,2025-03-02 22:00:00,2025,3,2,22,-1.05,60.06,2.18,2.25,46.36,0.0,90.0
Karnali_Center,29.267,82.183,2025030223,2025-03-02 23:00:00,2025,3,2,23,-2.23,61.27,2.46,2.54,48.23,0.0,90.0
Karnali_Center,29.267,82.183,2025030300,2025-03-03 00:00:00,2025,3,3,0,-3.16,62.32,2.64,2.71,41.41,0.0,90.0
Karnali_Center,29.267,82.183,2025030301,2025-03-03 01:00:00,2025,3,3,1,-3.53,62.26,2.71,2.77,5.96,0.0,90.0
Karnali_Center,29.267,82.183,2025030302,2025-03-03 02:00:00,2025,3,3,2,-3.67,61.2,2.78,2.81,46.68,0.0,90.0
Karnali_Center,29.267,82.183,2025030303,2025-03-03 03:00:00,2025,3,3,3,-3.58,59.21,2.84,2.83,34.0,0.0,90.0
Karnali_Center,29.267,82.183,2025030304,2025-03-03 04:00:00,2025,3,3,4,-3.5,56.81,2.86,2.84,40.88,0.0,90.0
Karnali_Center,29.267,82.183,2025030305,2025-03-03 05:00:00,2025,3,3,5,-3.59,55.51,2.89,2.9,49.59,0.0,90.0
Karnali_Center,29.267,82.183,2025030306,2025-03-03 06:00:00,2025,3,3,6,-1.48,63.59,2.67,2.93,35.81,96.72,83.02
Karnali_Center,29.267,82.183,2025030307,2025-03-03 07:00:00,2025,3,3,7,3.26,42.93,3.13,2.69,29.36,328.92,70.52
Karnali_Center,29.267,82.183,2025030308,2025-03-03 08:00:00,2025,3,3,8,7.49,30.11,2.04,1.86,16.59,580.42,58.73
Karnali_Center,29.267,82.183,2025030309,2025-03-03 09:00:00,2025,3,3,9,9.78,23.12,1.35,1.34,15.28,752.3,48.3
Karnali_Center,29.267,82.183,2025030310,2025-03-03 10:00:00,2025,3,3,10,11.12,22.62,2.44,2.28,2.55,928.45,40.34
Karnali_Center,29.267,82.183,2025030311,2025-03-03 11:00:00,2025,3,3,11,11.95,24.11,3.15,2.95,5.74,976.25,36.55
Karnali_Center,29.267,82.183,2025030312,2025-03-03 12:00:00,2025,3,3,12,12.31,25.69,3.62,3.42,33.07,865.62,38.21
Karnali_Center,29.267,82.183,2025030313,2025-03-03 13:00:00,2025,3,3,13,12.25,27.22,3.92,3.71,13.49,833.5,44.71
Karnali_Center,29.267,82.183,2025030314,2025-03-03 14:00:00,2025,3,3,14,11.68,29.08,4.1,3.89,46.51,508.88,54.32
Karnali_Center,29.267,82.183,2025030315,2025-03-03 15:00:00,2025,3,3,15,10.46,31.9,3.88,3.75,50.19,322.73,65.66
Karnali_Center,29.267,82.183,2025030316,2025-03-03 16:00:00,2025,3,3,16,8.06,45.29,2.56,3.19,46.15,162.5,77.93
Karnali_Center,29.267,82.183,2025030317,2025-03-03 17:00:00,2025,3,3,17,4.22,56.16,2.07,2.58,51.19,9.9,88.71
Karnali_Center,29.267,82.183,2025030318,2025-03-03 18:00:00,2025,3,3,18,3.39,54.11,1.83,2.22,7.02,0.0,90.0
Karnali_Center,29.267,82.183,2025030319,2025-03-03 19:00:00,2025,3,3,19,2.73,55.03,1.67,2.03,61.09,0.0,90.0
Karnali_Center,29.267,82.183,2025030320,2025-03-03 20:00:00,2025,3,3,20,2.16,56.19,1.43,1.76,63.62,0.0,90.0
Karnali_Center,29.267,82.183,2025030321,2025-03-03 21:00:00,2025,3,3,21,1.54,58.08,1.24,1.55,64.26,0.0,90.0
Karnali_Center,29.267,82.183,2025030322,2025-03-03 22:00:00,2025,3,3,22,1.32,58.68,1.08,1.32,59.91,0.0,90.0
Karnali_Center,29.267,82.183,2025030323,2025-03-03 23:00:00,2025,3,3,23,0.92,60.39,1.04,1.17,52.42,0.0,90.0
Karnali_Center,29.267,82.183,2025030400,2025-03-04 00:00:00,2025,3,4,0,0.24,63.22,1.14,1.23,6.66,0.0,90.0
Karnali_Center,29.267,82.183,2025030401,2025-03-04 01:00:00,2025,3,4,1,-0.13,64.61,1.2,1.24,54.39,0.0,90.0
Karnali_Center,29.267,82.183,2025030402,2025-03-04 02:00:00,2025,3,4,2,-0.01,63.38,1.23,1.45,42.69,0.0,90.0
Karnali_Center,29.267,82.183,2025030403,2025-03-04 03:00:00,2025,3,4,3,-0.39,64.61,1.52,1.92,47.16,0.0,90.0
Karnali_Center,29.267,82.183,2025030404,2025-03-04 04:00:00,2025,3,4,4,-0.49,64.95,1.72,2.02,59.62,0.0,90.0
Karnali_Center,29.267,82.183,2025030405,2025-03-04 05:00:00,2025,3,4,5,-0.74,67.32,1.83,2.16,77.62,0.0,90.0
Karnali_Center,29.267,82.183,2025030406,2025-03-04 06:00:00,2025,3,4,6,0.63,73.12,1.78,2.26,72.97,68.75,82.77
Karnali_Center,29.267,82.183,2025030407,2025-03-04 07:00:00,2025,3,4,7,3.91,63.73,2.8,2.82,71.7,221.12,70.26
Karnali_Center,29.267,82.183,2025030408,2025-03-04 08:00:00,2025,3,4,8,5.72,59.33,3.93,3.76,67.69,409.48,58.44
Karnali_Center,29.267,82.183,2025030409,2025-03-04 09:00:00,2025,3,4,9,6.96,54.37,4.54,4.25,52.8,606.67,47.97
Karnali_Center,29.267,82.183,2025030410,2025-03-04 10:00:00,2025,3,4,10,7.97,51.28,4.99,4.62,45.08,756.85,39.97
Karnali_Center,29.267,82.183,2025030411,2025-03-04 11:00:00,2025,3,4,11,8.62,49.34,5.39,5.0,45.59,795.92,36.17
Karnali_Center,29.267,82.183,2025030412,2025-03-04 12:00:00,2025,3,4,12,8.86,48.1,5.65,5.23,45.55,809.78,37.86
Karnali_Center,29.267,82.183,2025030413,2025-03-04 13:00:00,2025,3,4,13,8.63,47.99,5.52,5.09,57.03,658.6,44.43
Karnali_Center,29.267,82.183,2025030414,2025-03-04 14:00:00,2025,3,4,14,8.14,48.42,4.96,4.55,6.82,397.6,54.09
Karnali_Center,29.267,82.183,2025030415,2025-03-04 15:00:00,2025,3,4,15,7.24,50.58,4.26,3.93,10.91,263.95,65.47
Karnali_Center,29.267,82.183,2025030416,2025-03-04 16:00:00,2025,3,4,16,5.62,56.93,3.16,3.22,16.26,137.6,77.77
Karnali_Center,29.267,82.183,2025030417,2025-03-04 17:00:00,2025,3,4,17,2.53,76.08,1.97,2.68,17.01,8.93,88.65
Karnali_Center,29.267,82.183,2025030418,2025-03-04 18:00:00,2025,3,4,18,1.78,75.85,1.83,2.33,17.98,0.0,90.0
Karnali_Center,29.267,82.183,2025030419,2025-03-04 19:00:00,2025,3,4,19,1.5,76.09,1.73,2.13,13.77,0.0,90.0
Karnali_Center,29.267,82.183,2025030420,2025-03-04 20:00:00,2025,3,4,20,1.05,77.23,1.53,1.93,14.7,0.0,90.0
Karnali_Center,29.267,82.183,2025030421,2025-03-04 21:00:00,2025,3,4,21,0.45,80.47,1.49,1.85,10.43,0.0,90.0
Karnali_Center,29.267,82.183,2025030422,2025-03-04 22:00:00,2025,3,4,22,-0.36,84.45,1.56,1.83,15.23,0.0,90.0
Karnali_Center,29.267,82.183,2025030423,2025-03-04 23:00:00,2025,3,4,23,-1.3,88.93,1.77,1.98,14.97,0.0,90.0
Karnali_Center,29.267,82.183,2025030500,2025-03-05 00:00:00,2025,3,5,0,-2.15,92.69,1.94,2.1,24.59,0.0,90.0
Karnali_Center,29.267,82.183,2025030501,2025-03-05 01:00:00,2025,3,5,1,-2.8,94.5,2.0,2.12,57.38,0.0,90.0
Karnali_Center,29.267,82.183,2025030502,2025-03-05 02:00:00,2025,3,5,2,-3.29,94.71,2.12,2.2,15.89,0.0,90.0
Karnali_Center,29.267,82.183,2025030503,2025-03-05 03:00:00,2025,3,5,3,-3.52,92.25,2.16,2.2,64.28,0.0,90.0
Karnali_Center,29.267,82.183,2025030504,2025-03-05 04:00:00,2025,3,5,4,-3.56,88.8,2.13,2.15,61.84,0.0,90.0
Karnali_Center,29.267,82.183,2025030505,2025-03-05 05:00:00,2025,3,5,5,-3.56,85.03,2.13,2.11,54.92,0.0,90.0
Karnali_Center,29.267,82.183,2025030506,2025-03-05 06:00:00,2025,3,5,6,-1.34,75.02,2.12,2.17,36.52,102.18,82.51
Karnali_Center,29.267,82.183,2025030507,2025-03-05 07:00:00,2025,3,5,7,2.79,56.05,2.2,1.74,23.72,338.9,70.0
Karnali_Center,29.267,82.183,2025030508,2025-03-05 08:00:00,2025,3,5,8,6.63,37.82,0.83,0.57,3.8,614.35,58.15
Karnali_Center,29.267,82.183,2025030509,2025-03-05 09:00:00,2025,3,5,9,8.8,30.19,1.78,1.64,8.63,793.4,47.64
Karnali_Center,29.267,82.183,2025030510,2025-03-05 10:00:00,2025,3,5,10,10.45,27.65,2.98,2.73,14.34,871.92,39.6
Karnali_Center,29.267,82.183,2025030511,2025-03-05 11:00:00,2025,3,5,11,11.57,27.17,3.7,3.39,22.69,952.08,35.78
Karnali_Center,29.267,82.183,2025030512,2025-03-05 12:00:00,2025,3,5,12,12.19,27.68,3.91,3.57,31.94,885.55,37.51
Karnali_Center,29.267,82.183,2025030513,2025-03-05 13:00:00,2025,3,5,13,12.36,28.71,3.97,3.6,43.24,818.55,44.14
Karnali_Center,29.267,82.183,2025030514,2025-03-05 14:00:00,2025,3,5,14,11.98,30.42,3.86,3.45,42.0,588.22,53.87
Karnali_Center,29.267,82.183,2025030515,2025-03-05 15:00:00,2025,3,5,15,11.0,33.51,3.44,3.06,42.48,378.2,65.29
Karnali_Center,29.267,82.183,2025030516,2025-03-05 16:00:00,2025,3,5,16,8.94,43.4,2.19,2.23,36.06,175.25,77.61
Karnali_Center,29.267,82.183,2025030517,2025-03-05 17:00:00,2025,3,5,17,4.91,59.52,1.27,1.62,37.78,11.25,88.58
Karnali_Center,29.267,82.183,2025030518,2025-03-05 18:00:00,2025,3,5,18,3.79,59.3,0.82,1.14,35.35,0.0,90.0
Karnali_Center,29.267,82.183,2025030519,2025-03-05 19:00:00,2025,3,5,19,2.7,61.94,1.12,1.33,43.3,0.0,90.0
Karnali_Center,29.267,82.183,2025030520,2025-03-05 20:00:00,2025,3,5,20,1.55,62.73,1.88,2.03,52.82,0.0,90.0
Karnali_Center,29.267,82.183,2025030521,2025-03-05 21:00:00,2025,3,5,21,0.75,59.33,2.32,2.45,55.97,0.0,90.0
Karnali_Center,29.267,82.183,2025030522,2025-03-05 22:00:00,2025,3,5,22,0.16,54.29,2.51,2.62,53.64,0.0,90.0
Karnali_Center,29.267,82.183,2025030523,2025-03-05 23:00:00,2025,3,5,23,-0.51,49.82,2.66,2.75,56.9,0.0,90.0
Karnali_Center,29.267,82.183,2025030600,2025-03-06 00:00:00,2025,3,6,0,-1.18,46.62,2.78,2.83,55.67,0.0,90.0
Karnali_Center,29.267,82.183,2025030601,2025-03-06 01:00:00,2025,3,6,1,-1.16,40.93,2.62,2.61,7.96,0.0,90.0
Karnali_Center,29.267,82.183,2025030602,2025-03-06 02:00:00,2025,3,6,2,-0.77,34.99,2.39,2.33,53.88,0.0,90.0
Karnali_Center,29.267,82.183,2025030603,2025-03-06 03:00:00,2025,3,6,3,-0.74,33.29,2.4,2.38,49.01,0.0,90.0
Karnali_Center,29.267,82.183,2025030604,2025-03-06 04:00:00,2025,3,6,4,-0.51,31.68,2.38,2.42,50.26,0.0,90.0
Karnali_Center,29.267,82.183,2025030605,2025-03-06 05:00:00,2025,3,6,5,0.03,29.36,2.26,2.36,60.76,0.0,90.0
Karnali_Center,29.267,82.183,2025030606,2025-03-06 06:00:00,2025,3,6,6,2.5,38.29,1.9,2.11,55.28,88.3,82.24
Karnali_Center,29.267,82.183,2025030607,2025-03-06 07:00:00,2025,3,6,7,7.48,28.85,1.5,1.5,54.39,262.23,69.73
Karnali_Center,29.267,82.183,2025030608,2025-03-06 08:00:00,2025,3,6,8,10.27,24.46,1.62,1.55,49.17,469.33,57.86
Karnali_Center,29.267,82.183,2025030609,2025-03-06 09:00:00,2025,3,6,9,12.0,24.03,2.79,2.48,19.85,633.05,47.3
Karnali_Center,29.267,82.183,2025030610,2025-03-06 10:00:00,2025,3,6,10,13.12,23.77,3.75,3.23,1.9,752.1,39.22
Karnali_Center,29.267,82.183,2025030611,2025-03-06 11:00:00,2025,3,6,11,13.61,24.26,4.47,3.85,29.06,797.45,35.39
Karnali_Center,29.267,82.183,2025030612,2025-03-06 12:00:00,2025,3,6,12,13.86,25.52,5.19,4.52,10.76,762.97,37.16
Karnali_Center,29.267,82.183,2025030613,2025-03-06 13:00:00,2025,3,6,13,13.36,27.25,5.66,4.99,53.85,711.72,43.86
Karnali_Center,29.267,82.183,2025030614,2025-03-06 14:00:00,2025,3,6,14,12.25,29.7,5.34,4.72,5.68,457.95,53.64
Karnali_Center,29.267,82.183,2025030615,2025-03-06 15:00:00,2025,3,6,15,10.64,32.94,4.74,4.19,4.79,283.75,65.11
Karnali_Center,29.267,82.183,2025030616,2025-03-06 16:00:00,2025,3,6,16,8.28,39.26,3.59,3.53,16.92,127.82,77.46
Karnali_Center,29.267,82.183,2025030617,2025-03-06 17:00:00,2025,3,6,17,3.87,60.86,2.04,2.66,21.37,8.07,88.51
Karnali_Center,29.267,82.183,2025030618,2025-03-06 18:00:00,2025,3,6,18,2.69,61.53,1.76,2.16,27.4,0.0,90.0
Karnali_Center,29.267,82.183,2025030619,2025-03-06 19:00:00,2025,3,6,19,1.81,62.9,1.67,2.08,27.98,0.0,90.0
Karnali_Center,29.267,82.183,2025030620,2025-03-06 20:00:00,2025,3,6,20,1.22,63.22,1.45,1.83,28.4,0.0,90.0
Karnali_Center,29.267,82.183,2025030621,2025-03-06 21:00:00,2025,3,6,21,0.76,63.23,1.24,1.58,31.99,0.0,90.0
Karnali_Center,29.267,82.183,2025030622,2025-03-06 22:00:00,2025,3,6,22,0.04,65.67,1.29,1.6,36.36,0.0,90.0
Karnali_Center,29.267,82.183,2025030623,2025-03-06 23:00:00,2025,3,6,23,-0.71,68.81,1.43,1.73,39.69,0.0,90.0
Karnali_Center,29.267,82.183,2025030700,2025-03-07 00:00:00,2025,3,7,0,-1.35,71.49,1.58,1.89,29.37,0.0,90.0
Karnali_Center,29.267,82.183,2025030701,2025-03-07 01:00:00,2025,3,7,1,-1.96,74.06,1.74,2.06,29.64,0.0,90.0
Karnali_Center,29.267,82.183,2025030702,2025-03-07 02:00:00,2025,3,7,2,-2.49,75.27,1.85,2.15,20.91,0.0,90.0
Karnali_Center,29.267,82.183,2025030703,2025-03-07 03:00:00,2025,3,7,3,-2.85,74.25,2.01,2.27,60.68,0.0,90.0
Karnali_Center,29.267,82.183,2025030704,2025-03-07 04:00:00,2025,3,7,4,-3.02,71.47,2.17,2.39,62.6,0.0,90.0
Karnali_Center,29.267,82.183,2025030705,2025-03-07 05:00:00,2025,3,7,5,-3.2,68.15,2.36,2.55,35.88,0.0,90.0
Karnali_Center,29.267,82.183,2025030706,2025-03-07 06:00:00,2025,3,7,6,-0.28,61.34,2.23,2.54,25.43,115.25,81.96
Karnali_Center,29.267,82.183,2025030707,2025-03-07 07:00:00,2025,3,7,7,4.77,36.93,2.33,2.01,22.76,353.6,69.46
Karnali_Center,29.267,82.183,2025030708,2025-03-07 08:00:00,2025,3,7,8,8.92,26.96,0.95,0.85,10.18,610.38,57.56
Karnali_Center,29.267,82.183,2025030709,2025-03-07 09:00:00,2025,3,7,9,11.17,24.31,1.89,1.4,11.36,800.72,46.97
Karnali_Center,29.267,82.183,2025030710,2025-03-07 10:00:00,2025,3,7,10,12.65,24.3,3.61,2.9,12.03,904.9,38.85
Karnali_Center,29.267,82.183,2025030711,2025-03-07 11:00:00,2025,3,7,11,13.29,26.22,4.85,3.96,31.4,920.2,35.0
Karnali_Center,29.267,82.183,2025030712,2025-03-07 12:00:00,2025,3,7,12,13.17,29.28,5.62,4.72,62.89,739.83,36.81
Karnali_Center,29.267,82.183,2025030713,2025-03-07 13:00:00,2025,3,7,13,12.54,32.71,5.88,5.05,67.67,684.83,43.58
Karnali_Center,29.267,82.183,2025030714,2025-03-07 14:00:00,2025,3,7,14,11.54,35.94,5.52,4.75,62.45,489.1,53.42
Karnali_Center,29.267,82.183,2025030715,2025-03-07 15:00:00,2025,3,7,15,10.07,39.71,4.82,4.18,62.56,300.25,64.92
Karnali_Center,29.267,82.183,2025030716,2025-03-07 16:00:00,2025,3,7,16,7.93,46.13,3.91,3.66,59.53,140.43,77.3
Karnali_Center,29.267,82.183,2025030717,2025-03-07 17:00:00,2025,3,7,17,3.99,66.53,2.22,3.1,65.41,9.15,88.44
Karnali_Center,29.267,82.183,2025030718,2025-03-07 18:00:00,2025,3,7,18,2.38,71.12,1.98,2.59,67.67,0.0,90.0
Karnali_Center,29.267,82.183,2025030719,2025-03-07 19:00:00,2025,3,7,19,1.77,72.01,1.73,2.22,72.43,0.0,90.0
Karnali_Center,29.267,82.183,2025030720,2025-03-07 20:00:00,2025,3,7,20,1.3,73.79,1.55,1.98,87.86,0.0,90.0
Karnali_Center,29.267,82.183,2025030721,2025-03-07 21:00:00,2025,3,7,21,0.79,74.42,1.41,1.82,81.48,0.0,90.0
Karnali_Center,29.267,82.183,2025030722,2025-03-07 22:00:00,2025,3,7,22,0.18,76.84,1.38,1.69,78.85,0.0,90.0
Karnali_Center,29.267,82.183,2025030723,2025-03-07 23:00:00,2025,3,7,23,-0.3,79.04,1.3,1.5,71.88,0.0,90.0
Karnali_Center,29.267,82.183,2025030800,2025-03-08 00:00:00,2025,3,8,0,-0.78,81.63,1.14,1.3,81.23,0.0,90.0
Karnali_Center,29.267,82.183,2025030801,2025-03-08 01:00:00,2025,3,8,1,-1.36,84.77,1.04,1.19,81.16,0.0,90.0
Karnali_Center,29.267,82.183,2025030802,2025-03-08 02:00:00,2025,3,8,2,-1.91,87.61,1.2,1.35,66.53,0.0,90.0
Karnali_Center,29.267,82.183,2025030803,2025-03-08 03:00:00,2025,3,8,3,-2.52,90.35,1.58,1.74,74.6,0.0,90.0
Karnali_Center,29.267,82.183,2025030804,2025-03-08 04:00:00,2025,3,8,4,-2.75,90.03,1.75,1.89,55.17,0.0,90.0
Karnali_Center,29.267,82.183,2025030805,2025-03-08 05:00:00,2025,3,8,5,-2.8,87.65,1.85,1.95,39.15,0.0,90.0
Karnali_Center,29.267,82.183,2025030806,2025-03-08 06:00:00,2025,3,8,6,-0.37,72.04,2.12,2.03,28.36,101.32,81.68
Karnali_Center,29.267,82.183,2025030807,2025-03-08 07:00:00,2025,3,8,7,4.25,44.97,2.1,1.83,28.09,317.05,69.19
Karnali_Center,29.267,82.183,2025030808,2025-03-08 08:00:00,2025,3,8,8,7.83,29.15,1.05,1.26,16.1,583.28,57.26
Karnali_Center,29.267,82.183,2025030809,2025-03-08 09:00:00,2025,3,8,9,10.2,22.15,0.08,0.52,15.12,764.22,46.64
Karnali_Center,29.267,82.183,2025030810,2025-03-08 10:00:00,2025,3,8,10,11.9,19.02,0.95,0.29,12.69,880.8,38.47
Karnali_Center,29.267,82.183,2025030811,2025-03-08 11:00:00,2025,3,8,11,13.05,18.0,1.98,1.25,15.98,930.3,34.61
Karnali_Center,29.267,82.183,2025030812,2025-03-08 12:00:00,2025,3,8,12,13.67,18.29,3.14,2.39,57.1,828.25,36.46
Karnali_Center,29.267,82.183,2025030813,2025-03-08 13:00:00,2025,3,8,13,13.6,19.76,4.07,3.32,54.04,643.72,43.29
Karnali_Center,29.267,82.183,2025030814,2025-03-08 14:00:00,2025,3,8,14,12.77,22.72,4.63,3.92,54.15,485.2,53.2
Karnali_Center,29.267,82.183,2025030815,2025-03-08 15:00:00,2025,3,8,15,11.14,27.73,4.74,4.16,57.33,301.02,64.74
Karnali_Center,29.267,82.183,2025030816,2025-03-08 16:00:00,2025,3,8,16,8.49,36.97,3.87,3.69,57.37,134.52,77.15
Karnali_Center,29.267,82.183,2025030817,2025-03-08 17:00:00,2025,3,8,17,4.13,57.28,2.12,2.76,62.49,9.93,88.37
Karnali_Center,29.267,82.183,2025030818,2025-03-08 18:00:00,2025,3,8,18,2.96,60.01,1.51,1.87,65.34,0.0,90.0
Karnali_Center,29.267,82.183,2025030819,2025-03-08 19:00:00,2025,3,8,19,2.55,59.16,0.77,0.98,38.13,0.0,90.0
Karnali_Center,29.267,82.183,2025030820,2025-03-08 20:00:00,2025,3,8,20,2.02,60.17,0.84,0.93,19.47,0.0,90.0
Karnali_Center,29.267,82.183,2025030821,2025-03-08 21:00:00,2025,3,8,21,1.55,61.07,1.1,1.14,20.2,0.0,90.0
Karnali_Center,29.267,82.183,2025030822,2025-03-08 22:00:00,2025,3,8,22,1.2,60.72,1.46,1.47,23.51,0.0,90.0
Karnali_Center,29.267,82.183,2025030823,2025-03-08 23:00:00,2025,3,8,23,1.06,58.2,1.61,1.6,18.74,0.0,90.0
Karnali_Center,29.267,82.183,2025030900,2025-03-09 00:00:00,2025,3,9,0,0.8,55.38,1.78,1.77,11.28,0.0,90.0
Karnali_Center,29.267,82.183,2025030901,2025-03-09 01:00:00,2025,3,9,1,0.57,53.03,1.9,1.9,21.8,0.0,90.0
Karnali_Center,29.267,82.183,2025030902,2025-03-09 02:00:00,2025,3,9,2,0.33,50.63,1.89,1.88,25.59,0.0,90.0
Karnali_Center,29.267,82.183,2025030903,2025-03-09 03:00:00,2025,3,9,3,0.01,48.07,1.88,1.88,22.12,0.0,90.0
Karnali_Center,29.267,82.183,2025030904,2025-03-09 04:00:00,2025,3,9,4,-0.34,46.42,1.96,1.96,29.48,0.0,90.0
Karnali_Center,29.267,82.183,2025030905,2025-03-09 05:00:00,2025,3,9,5,-0.94,46.37,2.2,2.24,20.76,0.0,90.0
Karnali_Center,29.267,82.183,2025030906,2025-03-09 06:00:00,2025,3,9,6,1.07,51.11,2.37,2.4,13.56,115.25,81.39
Karnali_Center,29.267,82.183,2025030907,2025-03-09 07:00:00,2025,3,9,7,5.66,33.32,2.59,2.23,14.18,348.23,68.92
Karnali_Center,29.267,82.183,2025030908,2025-03-09 08:00:00,2025,3,9,8,8.97,32.95,1.85,1.97,5.0,602.28,56.97
Karnali_Center,29.267,82.183,2025030909,2025-03-09 09:00:00,2025,3,9,9,11.21,30.11,2.38,2.07,8.62,781.28,46.3
Karnali_Center,29.267,82.183,2025030910,2025-03-09 10:00:00,2025,3,9,10,12.91,27.85,3.42,2.68,4.67,883.97,38.09
Karnali_Center,29.267,82.183,2025030911,2025-03-09 11:00:00,2025,3,9,11,14.0,26.86,4.24,3.29,18.4,927.03,34.22
Karnali_Center,29.267,82.183,2025030912,2025-03-09 12:00:00,2025,3,9,12,14.39,27.36,5.18,4.18,44.17,860.83,36.11
Karnali_Center,29.267,82.183,2025030913,2025-03-09 13:00:00,2025,3,9,13,14.01,29.33,5.54,4.59,48.53,660.55,43.02
Karnali_Center,29.267,82.183,2025030914,2025-03-09 14:00:00,2025,3,9,14,13.08,32.15,5.13,4.27,45.91,541.15,52.98
Karnali_Center,29.267,82.183,2025030915,2025-03-09 15:00:00,2025,3,9,15,11.6,36.2,4.42,3.73,53.42,315.48,64.57
Karnali_Center,29.267,82.183,2025030916,2025-03-09 16:00:00,2025,3,9,16,9.25,43.85,3.51,3.29,57.91,139.27,77.0
Karnali_Center,29.267,82.183,2025030917,2025-03-09 17:00:00,2025,3,9,17,5.13,62.42,1.93,2.44,67.52,10.02,88.3
Karnali_Center,29.267,82.183,2025030918,2025-03-09 18:00:00,2025,3,9,18,4.26,63.04,1.3,1.55,75.24,0.0,90.0
Karnali_Center,29.267,82.183,2025030919,2025-03-09 19:00:00,2025,3,9,19,3.86,63.02,0.72,0.9,93.23,0.0,90.0
Karnali_Center,29.267,82.183,2025030920,2025-03-09 20:00:00,2025,3,9,20,3.42,64.3,0.49,0.56,69.36,0.0,90.0
Karnali_Center,29.267,82.183,2025030921,2025-03-09 21:00:00,2025,3,9,21,2.7,67.38,0.88,0.94,65.71,0.0,90.0
Karnali_Center,29.267,82.183,2025030922,2025-03-09 22:00:00,2025,3,9,22,2.15,69.26,1.18,1.32,65.12,0.0,90.0
Karnali_Center,29.267,82.183,2025030923,2025-03-09 23:00:00,2025,3,9,23,1.72,70.4,1.56,1.7,62.43,0.0,90.0
Karnali_Center,29.267,82.183,2025031000,2025-03-10 00:00:00,2025,3,10,0,1.3,70.98,1.78,1.89,45.81,0.0,90.0
Karnali_Center,29.267,82.183,2025031001,2025-03-10 01:00:00,2025,3,10,1,1.31,68.32,1.78,1.87,74.43,0.0,90.0
Karnali_Center,29.267,82.183,2025031002,2025-03-10 02:00:00,2025,3,10,2,1.24,65.52,1.83,1.91,66.97,0.0,90.0
Karnali_Center,29.267,82.183,2025031003,2025-03-10 03:00:00,2025,3,10,3,1.3,62.65,1.81,1.89,66.28,0.0,90.0
Karnali_Center,29.267,82.183,2025031004,2025-03-10 04:00:00,2025,3,10,4,1.45,60.3,1.77,1.86,68.83,0.0,90.0
Karnali_Center,29.267,82.183,2025031005,2025-03-10 05:00:00,2025,3,10,5,1.59,58.71,1.61,1.7,64.01,0.0,90.0
Karnali_Center,29.267,82.183,2025031006,2025-03-10 06:00:00,2025,3,10,6,3.55,56.1,1.53,1.61,75.27,84.95,81.1
Karnali_Center,29.267,82.183,2025031007,2025-03-10 07:00:00,2025,3,10,7,7.1,48.35,1.24,1.42,85.47,207.77,68.65
Karnali_Center,29.267,82.183,2025031008,2025-03-10 08:00:00,2025,3,10,8,9.72,40.5,2.56,2.45,91.31,442.12,56.67
Karnali_Center,29.267,82.183,2025031009,2025-03-10 09:00:00,2025,3,10,9,11.47,35.19,3.73,3.19,81.7,550.22,45.96
Karnali_Center,29.267,82.183,2025031010,2025-03-10 10:00:00,2025,3,10,10,12.7,32.44,4.29,3.61,87.64,588.5,37.72
Karnali_Center,29.267,82.183,2025031011,2025-03-10 11:00:00,2025,3,10,11,13.45,31.32,4.7,4.01,77.42,765.0,33.83
Karnali_Center,29.267,82.183,2025031012,2025-03-10 12:00:00,2025,3,10,12,13.79,31.34,4.92,4.22,96.6,672.8,35.77
Karnali_Center,29.267,82.183,2025031013,2025-03-10 13:00:00,2025,3,10,13,13.58,32.55,4.85,4.18,16.58,575.08,42.74
Karnali_Center,29.267,82.183,2025031014,2025-03-10 14:00:00,2025,3,10,14,12.87,34.78,4.77,4.14,11.91,392.85,52.76
Karnali_Center,29.267,82.183,2025031015,2025-03-10 15:00:00,2025,3,10,15,11.69,38.33,4.37,3.86,14.07,242.23,64.39
Karnali_Center,29.267,82.183,2025031016,2025-03-10 16:00:00,2025,3,10,16,9.8,44.82,3.47,3.38,18.14,97.3,76.85
Karnali_Center,29.267,82.183,2025031017,2025-03-10 17:00:00,2025,3,10,17,6.44,64.14,2.0,2.88,19.18,8.85,88.23
Karnali_Center,29.267,82.183,2025031018,2025-03-10 18:00:00,2025,3,10,18,5.0,67.75,1.89,2.44,20.35,0.0,90.0
Karnali_Center,29.267,82.183,2025031019,2025-03-10 19:00:00,2025,3,10,19,4.46,67.26,1.6,2.02,85.6,0.0,90.0
Karnali_Center,29.267,82.183,2025031020,2025-03-10 20:00:00,2025,3,10,20,4.18,66.38,1.09,1.39,88.46,0.0,90.0
Karnali_Center,29.267,82.183,2025031021,2025-03-10 21:00:00,2025,3,10,21,3.58,68.51,0.89,1.12,38.57,0.0,90.0
Karnali_Center,29.267,82.183,2025031022,2025-03-10 22:00:00,2025,3,10,22,3.03,70.91,1.08,1.26,54.04,0.0,90.0
Karnali_Center,29.267,82.183,2025031023,2025-03-10 23:00:00,2025,3,10,23,2.46,73.18,1.38,1.54,35.42,0.0,90.0
Karnali_Center,29.267,82.183,2025031100,2025-03-11 00:00:00,2025,3,11,0,2.01,74.54,1.53,1.66,32.96,0.0,90.0
Karnali_Center,29.267,82.183,2025031101,2025-03-11 01:00:00,2025,3,11,1,1.67,74.82,1.64,1.75,28.23,0.0,90.0
Karnali_Center,29.267,82.183,2025031102,2025-03-11 02:00:00,2025,3,11,2,1.26,74.94,1.78,1.86,46.04,0.0,90.0
Karnali_Center,29.267,82.183,2025031103,2025-03-11 03:00:00,2025,3,11,3,0.86,74.61,1.95,2.0,36.67,0.0,90.0
Karnali_Center,29.267,82.183,2025031104,2025-03-11 04:00:00,2025,3,11,4,0.79,72.14,1.96,1.96,33.76,0.0,90.0
Karnali_Center,29.267,82.183,2025031105,2025-03-11 05:00:00,2025,3,11,5,0.88,68.51,1.89,1.86,37.81,0.0,90.0
Karnali_Center,29.267,82.183,2025031106,2025-03-11 06:00:00,2025,3,11,6,2.95,63.55,1.91,1.86,25.46,115.35,80.79
Karnali_Center,29.267,82.183,2025031107,2025-03-11 07:00:00,2025,3,11,7,7.22,46.88,1.58,1.29,22.45,333.88,68.38
Karnali_Center,29.267,82.183,2025031108,2025-03-11 08:00:00,2025,3,11,8,10.34,38.15,1.09,1.06,9.35,602.12,56.37
Karnali_Center,29.267,82.183,2025031109,2025-03-11 09:00:00,2025,3,11,9,12.55,32.15,2.65,2.26,8.87,787.38,45.62
Karnali_Center,29.267,82.183,2025031110,2025-03-11 10:00:00,2025,3,11,10,13.73,29.53,3.83,3.18,19.18,901.92,37.34
Karnali_Center,29.267,82.183,2025031111,2025-03-11 11:00:00,2025,3,11,11,14.4,29.16,4.61,3.89,66.52,811.42,33.43
Karnali_Center,29.267,82.183,2025031112,2025-03-11 12:00:00,2025,3,11,12,13.79,31.56,4.87,4.18,67.48,825.85,35.42
Karnali_Center,29.267,82.183,2025031113,2025-03-11 13:00:00,2025,3,11,13,14.01,33.47,5.13,4.44,65.46,721.6,42.46
Karnali_Center,29.267,82.183,2025031114,2025-03-11 14:00:00,2025,3,11,14,13.69,36.51,5.33,4.69,73.0,523.72,52.55
Karnali_Center,29.267,82.183,2025031115,2025-03-11 15:00:00,2025,3,11,15,12.35,42.33,5.29,4.81,75.46,316.58,64.22
Karnali_Center,29.267,82.183,2025031116,2025-03-11 16:00:00,2025,3,11,16,9.88,53.39,4.35,4.1,75.18,146.3,76.7
Karnali_Center,29.267,82.183,2025031117,2025-03-11 17:00:00,2025,3,11,17,6.67,71.95,2.12,2.99,83.46,10.43,88.15
Karnali_Center,29.267,82.183,2025031118,2025-03-11 18:00:00,2025,3,11,18,5.26,80.65,1.74,2.52,89.39,0.0,90.0
Karnali_Center,29.267,82.183,2025031119,2025-03-11 19:00:00,2025,3,11,19,4.56,85.55,1.48,2.1,94.67,0.0,90.0
Karnali_Center,29.267,82.183,2025031120,2025-03-11 20:00:00,2025,3,11,20,3.88,90.03,1.32,1.78,97.06,0.0,90.0
Karnali_Center,29.267,82.183,2025031121,2025-03-11 21:00:00,2025,3,11,21,3.45,92.5,1.26,1.66,98.06,0.0,90.0
Karnali_Center,29.267,82.183,2025031122,2025-03-11 22:00:00,2025,3,11,22,3.24,93.24,1.17,1.51,91.59,0.0,90.0
Karnali_Center,29.267,82.183,2025031123,2025-03-11 23:00:00,2025,3,11,23,3.08,93.51,1.06,1.34,66.2,0.0,90.0
Karnali_Center,29.267,82.183,2025031200,2025-03-12 00:00:00,2025,3,12,0,2.82,93.97,1.05,1.29,56.47,0.0,90.0
Karnali_Center,29.267,82.183,2025031201,2025-03-12 01:00:00,2025,3,12,1,2.44,94.9,1.13,1.31,30.43,0.0,90.0
Karnali_Center,29.267,82.183,2025031202,2025-03-12 02:00:00,2025,3,12,2,1.75,97.48,1.35,1.48,38.24,0.0,90.0
Karnali_Center,29.267,82.183,2025031203,2025-03-12 03:00:00,2025,3,12,3,1.37,97.94,1.49,1.57,37.56,0.0,90.0
Karnali_Center,29.267,82.183,2025031204,2025-03-12 04:00:00,2025,3,12,4,1.3,96.22,1.49,1.52,28.65,0.0,90.0
Karnali_Center,29.267,82.183,2025031205,2025-03-12 05:00:00,2025,3,12,5,1.24,94.26,1.54,1.56,35.97,0.0,90.0
Karnali_Center,29.267,82.183,2025031206,2025-03-12 06:00:00,2025,3,12,6,3.54,82.24,1.53,1.47,28.62,107.93,80.48
Karnali_Center,29.267,82.183,2025031207,2025-03-12 07:00:00,2025,3,12,7,7.53,64.37,0.5,0.66,25.86,323.58,68.11
Karnali_Center,29.267,82.183,2025031208,2025-03-12 08:00:00,2025,3,12,8,10.68,48.29,2.35,2.29,15.78,578.65,56.07
Karnali_Center,29.267,82.183,2025031209,2025-03-12 09:00:00,2025,3,12,9,12.49,40.84,3.06,2.63,7.82,774.12,45.29
Karnali_Center,29.267,82.183,2025031210,2025-03-12 10:00:00,2025,3,12,10,13.73,37.41,3.76,3.18,3.2,916.88,36.95
Karnali_Center,29.267,82.183,2025031211,2025-03-12 11:00:00,2025,3,12,11,14.64,35.85,4.64,3.97,51.75,857.25,33.04
Karnali_Center,29.267,82.183,2025031212,2025-03-12 12:00:00,2025,3,12,12,14.76,36.29,5.32,4.71,69.23,764.33,35.07
Karnali_Center,29.267,82.183,2025031213,2025-03-12 13:00:00,2025,3,12,13,14.17,38.16,5.63,5.11,79.35,689.47,42.19
Karnali_Center,29.267,82.183,2025031214,2025-03-12 14:00:00,2025,3,12,14,13.35,40.3,5.71,5.29,13.34,516.83,52.33
Karnali_Center,29.267,82.183,2025031215,2025-03-12 15:00:00,2025,3,12,15,12.07,44.31,5.34,5.02,65.92,329.38,64.04
Karnali_Center,29.267,82.183,2025031216,2025-03-12 16:00:00,2025,3,12,16,10.19,52.42,4.35,4.21,63.02,149.23,76.55
Karnali_Center,29.267,82.183,2025031217,2025-03-12 17:00:00,2025,3,12,17,7.5,68.98,2.25,3.23,68.55,11.77,88.08
Karnali_Center,29.267,82.183,2025031218,2025-03-12 18:00:00,2025,3,12,18,6.12,76.49,2.07,3.05,67.18,0.0,90.0
Karnali_Center,29.267,82.183,2025031219,2025-03-12 19:00:00,2025,3,12,19,5.45,80.32,2.05,2.88,61.61,0.0,90.0
Karnali_Center,29.267,82.183,2025031220,2025-03-12 20:00:00,2025,3,12,20,4.94,83.67,1.97,2.7,64.32,0.0,90.0
Karnali_Center,29.267,82.183,2025031221,2025-03-12 21:00:00,2025,3,12,21,4.59,85.34,1.9,2.59,66.69,0.0,90.0
Karnali_Center,29.267,82.183,2025031222,2025-03-12 22:00:00,2025,3,12,22,4.4,85.63,1.69,2.2,76.07,0.0,90.0
Karnali_Center,29.267,82.183,2025031223,2025-03-12 23:00:00,2025,3,12,23,4.06,86.96,1.44,1.73,69.2,0.0,90.0
Karnali_Center,29.267,82.183,2025031300,2025-03-13 00:00:00,2025,3,13,0,3.29,91.03,1.36,1.61,68.1,0.0,90.0
Karnali_Center,29.267,82.183,2025031301,2025-03-13 01:00:00,2025,3,13,1,2.57,95.14,1.43,1.7,45.82,0.0,90.0
Karnali_Center,29.267,82.183,2025031302,2025-03-13 02:00:00,2025,3,13,2,2.02,98.42,1.57,1.83,69.14,0.0,90.0
Karnali_Center,29.267,82.183,2025031303,2025-03-13 03:00:00,2025,3,13,3,1.82,99.51,1.59,1.85,72.41,0.0,90.0
Karnali_Center,29.267,82.183,2025031304,2025-03-13 04:00:00,2025,3,13,4,1.8,99.67,1.59,1.83,85.89,0.0,90.0
Karnali_Center,29.267,82.183,2025031305,2025-03-13 05:00:00,2025,3,13,5,1.92,98.2,1.59,1.85,83.41,0.0,90.0
Karnali_Center,29.267,82.183,2025031306,2025-03-13 06:00:00,2025,3,13,6,4.24,84.76,1.49,1.8,83.11,83.12,80.17
Karnali_Center,29.267,82.183,2025031307,2025-03-13 07:00:00,2025,3,13,7,7.73,67.17,2.88,3.04,80.62,192.7,67.83
Karnali_Center,29.267,82.183,2025031308,2025-03-13 08:00:00,2025,3,13,8,9.38,57.55,3.9,3.59,76.45,360.62,55.77
Karnali_Center,29.267,82.183,2025031309,2025-03-13 09:00:00,2025,3,13,9,10.53,51.29,4.58,4.13,62.63,531.8,44.95
Karnali_Center,29.267,82.183,2025031310,2025-03-13 10:00:00,2025,3,13,10,11.54,46.42,5.57,5.09,83.32,636.05,36.57
Karnali_Center,29.267,82.183,2025031311,2025-03-13 11:00:00,2025,3,13,11,12.19,43.46,6.23,5.75,91.07,711.75,32.65
Karnali_Center,29.267,82.183,2025031312,2025-03-13 12:00:00,2025,3,13,12,12.23,43.29,6.44,6.0,69.65,631.5,34.72
Karnali_Center,29.267,82.183,2025031313,2025-03-13 13:00:00,2025,3,13,13,11.81,45.28,6.41,6.02,92.48,540.9,41.92
Karnali_Center,29.267,82.183,2025031314,2025-03-13 14:00:00,2025,3,13,14,10.42,53.79,6.0,5.7,89.29,239.73,52.12
Karnali_Center,29.267,82.183,2025031315,2025-03-13 15:00:00,2025,3,13,15,8.75,64.01,5.35,5.14,90.57,185.12,63.87
Karnali_Center,29.267,82.183,2025031316,2025-03-13 16:00:00,2025,3,13,16,6.99,74.93,4.34,4.08,95.58,102.07,76.4
Karnali_Center,29.267,82.183,2025031317,2025-03-13 17:00:00,2025,3,13,17,5.48,85.37,3.05,2.98,97.82,10.95,88.0
Karnali_Center,29.267,82.183,2025031318,2025-03-13 18:00:00,2025,3,13,18,4.88,90.67,2.47,2.52,98.67,0.0,90.0
Karnali_Center,29.267,82.183,2025031319,2025-03-13 19:00:00,2025,3,13,19,4.65,93.02,2.55,2.65,98.01,0.0,90.0
Karnali_Center,29.267,82.183,2025031320,2025-03-13 20:00:00,2025,3,13,20,4.67,93.63,2.54,2.85,84.71,0.0,90.0
Karnali_Center,29.267,82.183,2025031321,2025-03-13 21:00:00,2025,3,13,21,4.39,95.24,2.02,2.98,73.16,0.0,90.0
Karnali_Center,29.267,82.183,2025031322,2025-03-13 22:00:00,2025,3,13,22,3.63,96.87,2.15,3.05,72.64,0.0,90.0
Karnali_Center,29.267,82.183,2025031323,2025-03-13 23:00:00,2025,3,13,23,2.56,99.04,2.07,2.59,77.29,0.0,90.0
Karnali_Center,29.267,82.183,2025031400,2025-03-14 00:00:00,2025,3,14,0,2.26,98.77,1.69,2.05,49.25,0.0,90.0
Karnali_Center,29.267,82.183,2025031401,2025-03-14 01:00:00,2025,3,14,1,1.72,100.0,1.42,1.69,62.32,0.0,90.0
Karnali_Center,29.267,82.183,2025031402,2025-03-14 02:00:00,2025,3,14,2,0.92,100.0,1.57,1.82,53.34,0.0,90.0
Karnali_Center,29.267,82.183,2025031403,2025-03-14 03:00:00,2025,3,14,3,0.31,100.0,1.8,2.0,43.65,0.0,90.0
Karnali_Center,29.267,82.183,2025031404,2025-03-14 04:00:00,2025,3,14,4,-0.04,100.0,1.86,2.0,40.26,0.0,90.0
Karnali_Center,29.267,82.183,2025031405,2025-03-14 05:00:00,2025,3,14,5,-0.36,100.0,1.92,2.07,40.14,0.0,90.0
Karnali_Center,29.267,82.183,2025031406,2025-03-14 06:00:00,2025,3,14,6,2.33,85.19,1.89,1.99,27.65,142.82,79.85
Karnali_Center,29.267,82.183,2025031407,2025-03-14 07:00:00,2025,3,14,7,6.27,59.97,1.03,0.97,23.85,371.95,67.56
Karnali_Center,29.267,82.183,2025031408,2025-03-14 08:00:00,2025,3,14,8,9.09,40.53,2.54,2.43,10.74,629.47,55.47
Karnali_Center,29.267,82.183,2025031409,2025-03-14 09:00:00,2025,3,14,9,10.74,34.42,3.42,3.07,14.1,819.28,44.61
Karnali_Center,29.267,82.183,2025031410,2025-03-14 10:00:00,2025,3,14,10,11.93,33.12,4.04,3.56,16.05,894.17,36.19
Karnali_Center,29.267,82.183,2025031411,2025-03-14 11:00:00,2025,3,14,11,12.73,33.29,4.45,3.91,40.44,923.35,32.25
Karnali_Center,29.267,82.183,2025031412,2025-03-14 12:00:00,2025,3,14,12,13.14,34.36,4.78,4.23,59.15,846.78,34.38
Karnali_Center,29.267,82.183,2025031413,2025-03-14 13:00:00,2025,3,14,13,12.99,36.52,4.95,4.44,76.06,720.03,41.65
Karnali_Center,29.267,82.183,2025031414,2025-03-14 14:00:00,2025,3,14,14,12.33,39.16,4.67,4.23,26.24,510.38,51.91
Karnali_Center,29.267,82.183,2025031415,2025-03-14 15:00:00,2025,3,14,15,11.21,42.51,4.01,3.66,12.18,332.45,63.7
Karnali_Center,29.267,82.183,2025031416,2025-03-14 16:00:00,2025,3,14,16,9.65,47.85,3.13,3.01,27.57,160.7,76.25
Karnali_Center,29.267,82.183,2025031417,2025-03-14 17:00:00,2025,3,14,17,6.76,65.5,1.72,2.33,30.59,13.23,87.93
Karnali_Center,29.267,82.183,2025031418,2025-03-14 18:00:00,2025,3,14,18,5.84,65.13,1.52,1.93,31.91,0.0,90.0
Karnali_Center,29.267,82.183,2025031419,2025-03-14 19:00:00,2025,3,14,19,5.61,64.22,1.31,1.68,44.78,0.0,90.0
Karnali_Center,29.267,82.183,2025031420,2025-03-14 20:00:00,2025,3,14,20,5.09,65.17,1.1,1.42,65.87,0.0,90.0
Karnali_Center,29.267,82.183,2025031421,2025-03-14 21:00:00,2025,3,14,21,4.4,67.03,1.02,1.24,89.48,0.0,90.0
Karnali_Center,29.267,82.183,2025031422,2025-03-14 22:00:00,2025,3,14,22,3.73,69.67,1.28,1.44,94.99,0.0,90.0
Karnali_Center,29.267,82.183,2025031423,2025-03-14 23:00:00,2025,3,14,23,2.89,72.84,1.46,1.62,93.71,0.0,90.0
Karnali_Center,29.267,82.183,2025031500,2025-03-15 00:00:00,2025,3,15,0,2.29,75.03,1.52,1.66,74.38,0.0,90.0
Karnali_Center,29.267,82.183,2025031501,2025-03-15 01:00:00,2025,3,15,1,1.9,75.96,1.58,1.7,74.42,0.0,90.0
Karnali_Center,29.267,82.183,2025031502,2025-03-15 02:00:00,2025,3,15,2,1.87,74.94,1.56,1.68,96.85,0.0,90.0
Karnali_Center,29.267,82.183,2025031503,2025-03-15 03:00:00,2025,3,15,3,2.05,73.32,1.56,1.69,88.22,0.0,90.0
Karnali_Center,29.267,82.183,2025031504,2025-03-15 04:00:00,2025,3,15,4,1.95,73.39,1.62,1.78,96.32,0.0,90.0
Karnali_Center,29.267,82.183,2025031505,2025-03-15 05:00:00,2025,3,15,5,1.88,73.64,1.68,1.85,100.0,0.0,90.0
Karnali_Center,29.267,82.183,2025031506,2025-03-15 06:00:00,2025,3,15,6,3.87,70.15,1.7,1.8,98.55,36.05,79.52
Karnali_Center,29.267,82.183,2025031507,2025-03-15 07:00:00,2025,3,15,7,6.82,57.19,1.78,1.7,97.11,106.75,67.29
Karnali_Center,29.267,82.183,2025031508,2025-03-15 08:00:00,2025,3,15,8,9.13,54.48,3.4,3.48,99.79,89.9,55.17
Karnali_Center,29.267,82.183,2025031509,2025-03-15 09:00:00,2025,3,15,9,10.76,49.67,4.44,4.37,100.0,399.85,44.27
Karnali_Center,29.267,82.183,2025031510,2025-03-15 10:00:00,2025,3,15,10,11.84,45.98,4.85,4.73,40.14,461.2,35.81
Karnali_Center,29.267,82.183,2025031511,2025-03-15 11:00:00,2025,3,15,11,12.17,44.81,5.51,5.5,98.26,439.42,31.86
Karnali_Center,29.267,82.183,2025031512,2025-03-15 12:00:00,2025,3,15,12,12.18,44.99,6.24,6.26,100.0,336.25,34.03
Karnali_Center,29.267,82.183,2025031513,2025-03-15 13:00:00,2025,3,15,13,11.98,45.07,6.51,6.53,100.0,309.3,41.38
Karnali_Center,29.267,82.183,2025031514,2025-03-15 14:00:00,2025,3,15,14,11.31,46.15,6.29,6.35,100.0,110.72,51.71
Karnali_Center,29.267,82.183,2025031515,2025-03-15 15:00:00,2025,3,15,15,10.18,48.83,5.47,5.49,100.0,159.77,63.54
Karnali_Center,29.267,82.183,2025031516,2025-03-15 16:00:00,2025,3,15,16,8.92,54.49,3.74,3.9,100.0,62.83,76.11
Karnali_Center,29.267,82.183,2025031517,2025-03-15 17:00:00,2025,3,15,17,6.29,69.72,1.9,2.64,100.0,11.7,87.85
Karnali_Center,29.267,82.183,2025031518,2025-03-15 18:00:00,2025,3,15,18,5.28,69.63,1.66,2.11,99.79,0.0,90.0
Karnali_Center,29.267,82.183,2025031519,2025-03-15 19:00:00,2025,3,15,19,4.53,70.69,1.59,1.88,99.17,0.0,90.0
Karnali_Center,29.267,82.183,2025031520,2025-03-15 20:00:00,2025,3,15,20,3.89,72.39,1.6,1.85,99.91,0.0,90.0
Karnali_Center,29.267,82.183,2025031521,2025-03-15 21:00:00,2025,3,15,21,3.63,72.84,1.55,1.79,99.4,0.0,90.0
Karnali_Center,29.267,82.183,2025031522,2025-03-15 22:00:00,2025,3,15,22,3.5,72.76,1.46,1.71,81.72,0.0,90.0
Karnali_Center,29.267,82.183,2025031523,2025-03-15 23:00:00,2025,3,15,23,3.38,74.52,1.34,1.52,98.72,0.0,90.0
Karnali_Center,29.267,82.183,2025031600,2025-03-16 00:00:00,2025,3,16,0,2.4,82.66,1.44,1.71,84.54,0.0,90.0
Karnali_Center,29.267,82.183,2025031601,2025-03-16 01:00:00,2025,3,16,1,1.39,91.49,1.48,1.86,99.9,0.0,90.0
Karnali_Center,29.267,82.183,2025031602,2025-03-16 02:00:00,2025,3,16,2,0.7,94.99,1.62,2.1,95.32,0.0,90.0
Karnali_Center,29.267,82.183,2025031603,2025-03-16 03:00:00,2025,3,16,3,0.33,96.05,1.59,2.13,45.99,0.0,90.0
Karnali_Center,29.267,82.183,2025031604,2025-03-16 04:00:00,2025,3,16,4,-0.05,96.01,1.68,1.86,75.15,0.0,90.0
Karnali_Center,29.267,82.183,2025031605,2025-03-16 05:00:00,2025,3,16,5,-0.32,96.47,1.59,1.97,66.49,0.0,90.0
Karnali_Center,29.267,82.183,2025031606,2025-03-16 06:00:00,2025,3,16,6,1.55,89.43,2.11,1.99,99.59,26.7,79.19
Karnali_Center,29.267,82.183,2025031607,2025-03-16 07:00:00,2025,3,16,7,4.35,82.36,2.85,2.92,99.17,101.22,67.01
Karnali_Center,29.267,82.183,2025031608,2025-03-16 08:00:00,2025,3,16,8,6.87,73.71,5.12,5.65,98.76,224.25,54.87
Karnali_Center,29.267,82.183,2025031609,2025-03-16 09:00:00,2025,3,16,9,8.22,67.44,6.55,7.02,99.38,176.5,43.93
Karnali_Center,29.267,82.183,2025031610,2025-03-16 10:00:00,2025,3,16,10,8.97,63.79,7.01,7.46,70.83,254.55,35.43
Karnali_Center,29.267,82.183,2025031611,2025-03-16 11:00:00,2025,3,16,11,9.5,60.85,7.22,7.7,99.95,269.75,31.46
Karnali_Center,29.267,82.183,2025031612,2025-03-16 12:00:00,2025,3,16,12,9.76,58.69,6.98,7.43,100.0,195.88,33.69
Karnali_Center,29.267,82.183,2025031613,2025-03-16 13:00:00,2025,3,16,13,9.59,59.01,6.64,7.04,90.33,154.98,41.11
Karnali_Center,29.267,82.183,2025031614,2025-03-16 14:00:00,2025,3,16,14,9.12,60.66,6.33,6.71,98.76,70.7,51.5
Karnali_Center,29.267,82.183,2025031615,2025-03-16 15:00:00,2025,3,16,15,8.26,63.75,5.73,6.02,96.76,50.97,63.37
Karnali_Center,29.267,82.183,2025031616,2025-03-16 16:00:00,2025,3,16,16,7.02,70.52,4.13,4.3,94.78,58.3,75.97
Karnali_Center,29.267,82.183,2025031617,2025-03-16 17:00:00,2025,3,16,17,4.46,88.19,2.03,2.69,92.76,10.62,87.77
Karnali_Center,29.267,82.183,2025031618,2025-03-16 18:00:00,2025,3,16,18,3.13,90.29,2.04,2.58,90.57,0.0,90.0
Karnali_Center,29.267,82.183,2025031619,2025-03-16 19:00:00,2025,3,16,19,2.54,91.54,1.95,2.48,86.17,0.0,90.0
Karnali_Center,29.267,82.183,2025031620,2025-03-16 20:00:00,2025,3,16,20,1.85,93.06,1.89,2.35,92.11,0.0,90.0
Karnali_Center,29.267,82.183,2025031621,2025-03-16 21:00:00,2025,3,16,21,1.46,92.46,1.81,2.19,84.0,0.0,90.0
Karnali_Center,29.267,82.183,2025031622,2025-03-16 22:00:00,2025,3,16,22,1.1,91.72,1.74,2.09,40.89,0.0,90.0
Karnali_Center,29.267,82.183,2025031623,2025-03-16 23:00:00,2025,3,16,23,0.82,90.18,1.71,2.03,80.81,0.0,90.0
Karnali_Center,29.267,82.183,2025031700,2025-03-17 00:00:00,2025,3,17,0,0.69,89.75,1.64,1.98,83.92,0.0,90.0
Karnali_Center,29.267,82.183,2025031701,2025-03-17 01:00:00,2025,3,17,1,0.44,90.62,1.65,2.05,56.53,0.0,90.0
Karnali_Center,29.267,82.183,2025031702,2025-03-17 02:00:00,2025,3,17,2,0.47,90.57,1.28,1.56,95.31,0.0,90.0
Karnali_Center,29.267,82.183,2025031703,2025-03-17 03:00:00,2025,3,17,3,0.21,92.3,1.04,1.24,69.83,0.0,90.0
Karnali_Center,29.267,82.183,2025031704,2025-03-17 04:00:00,2025,3,17,4,-0.53,97.57,1.08,1.17,53.09,0.0,90.0
Karnali_Center,29.267,82.183,2025031705,2025-03-17 05:00:00,2025,3,17,5,-1.79,100.0,1.58,1.67,66.31,4.12,89.37
Karnali_Center,29.267,82.183,2025031706,2025-03-17 06:00:00,2025,3,17,6,0.4,92.07,2.11,2.11,57.02,121.6,79.48
Karnali_Center,29.267,82.183,2025031707,2025-03-17 07:00:00,2025,3,17,7,4.05,63.8,1.46,1.48,50.49,294.77,66.73
Karnali_Center,29.267,82.183,2025031708,2025-03-17 08:00:00,2025,3,17,8,5.22,51.03,1.09,0.92,32.15,596.65,54.56
Karnali_Center,29.267,82.183,2025031709,2025-03-17 09:00:00,2025,3,17,9,6.19,51.49,1.68,1.55,18.27,836.75,43.59
Karnali_Center,29.267,82.183,2025031710,2025-03-17 10:00:00,2025,3,17,10,7.66,48.92,2.95,2.88,16.12,935.38,35.04
Karnali_Center,29.267,82.183,2025031711,2025-03-17 11:00:00,2025,3,17,11,8.5,48.22,3.94,3.81,46.85,913.53,31.06
Karnali_Center,29.267,82.183,2025031712,2025-03-17 12:00:00,2025,3,17,12,8.48,50.09,4.78,4.62,81.51,568.38,33.35
Karnali_Center,29.267,82.183,2025031713,2025-03-17 13:00:00,2025,3,17,13,8.14,51.76,5.14,4.94,71.25,444.1,40.85
Karnali_Center,29.267,82.183,2025031714,2025-03-17 14:00:00,2025,3,17,14,7.61,52.21,5.02,4.77,97.47,267.92,51.3
Karnali_Center,29.267,82.183,2025031715,2025-03-17 15:00:00,2025,3,17,15,6.75,53.63,4.53,4.27,94.46,171.27,63.21
Karnali_Center,29.267,82.183,2025031716,2025-03-17 16:00:00,2025,3,17,16,5.47,58.34,3.5,3.44,87.76,100.25,75.83
Karnali_Center,29.267,82.183,2025031717,2025-03-17 17:00:00,2025,3,17,17,3.14,77.44,1.89,2.47,77.69,14.73,87.69
Karnali_Center,29.267,82.183,2025031718,2025-03-17 18:00:00,2025,3,17,18,2.29,77.23,1.63,2.09,71.14,0.0,90.0
Karnali_Center,29.267,82.183,2025031719,2025-03-17 19:00:00,2025,3,17,19,2.19,74.0,1.42,1.74,53.85,0.0,90.0
Karnali_Center,29.267,82.183,2025031720,2025-03-17 20:00:00,2025,3,17,20,2.0,72.78,1.0,1.27,44.31,0.0,90.0
Karnali_Center,29.267,82.183,2025031721,2025-03-17 21:00:00,2025,3,17,21,1.8,72.52,0.59,0.76,43.33,0.0,90.0
Karnali_Center,29.267,82.183,2025031722,2025-03-17 22:00:00,2025,3,17,22,0.68,76.62,1.05,1.2,40.18,0.0,90.0
Karnali_Center,29.267,82.183,2025031723,2025-03-17 23:00:00,2025,3,17,23,-0.01,77.7,1.43,1.53,38.06,0.0,90.0
Karnali_Center,29.267,82.183,2025031800,2025-03-18 00:00:00,2025,3,18,0,-0.63,78.15,1.61,1.65,34.19,0.0,90.0
Karnali_Center,29.267,82.183,2025031801,2025-03-18 01:00:00,2025,3,18,1,-1.48,79.12,1.91,1.89,14.02,0.0,90.0
Karnali_Center,29.267,82.183,2025031802,2025-03-18 02:00:00,2025,3,18,2,-2.39,79.57,2.33,2.27,33.29,0.0,90.0
Karnali_Center,29.267,82.183,2025031803,2025-03-18 03:00:00,2025,3,18,3,-3.37,79.12,2.82,2.69,42.66,0.0,90.0
Karnali_Center,29.267,82.183,2025031804,2025-03-18 04:00:00,2025,3,18,4,-4.28,77.11,3.23,3.02,42.85,0.0,90.0
Karnali_Center,29.267,82.183,2025031805,2025-03-18 05:00:00,2025,3,18,5,-4.91,74.02,3.58,3.48,35.76,5.72,89.29
Karnali_Center,29.267,82.183,2025031806,2025-03-18 06:00:00,2025,3,18,6,-0.87,56.79,3.94,3.62,27.73,158.73,79.22
Karnali_Center,29.267,82.183,2025031807,2025-03-18 07:00:00,2025,3,18,7,3.86,40.41,3.88,2.91,27.18,385.8,66.46
Karnali_Center,29.267,82.183,2025031808,2025-03-18 08:00:00,2025,3,18,8,8.61,30.67,0.99,0.84,18.09,631.83,54.26
Karnali_Center,29.267,82.183,2025031809,2025-03-18 09:00:00,2025,3,18,9,10.87,28.31,2.03,1.91,12.86,843.28,43.25
Karnali_Center,29.267,82.183,2025031810,2025-03-18 10:00:00,2025,3,18,10,12.21,28.34,3.43,3.03,12.35,913.92,34.66
Karnali_Center,29.267,82.183,2025031811,2025-03-18 11:00:00,2025,3,18,11,13.07,28.99,4.12,3.61,19.2,965.25,30.67
Karnali_Center,29.267,82.183,2025031812,2025-03-18 12:00:00,2025,3,18,12,13.5,30.33,4.65,4.11,49.0,811.83,33.01
Karnali_Center,29.267,82.183,2025031813,2025-03-18 13:00:00,2025,3,18,13,13.47,32.62,4.86,4.35,38.23,768.03,40.59
Karnali_Center,29.267,82.183,2025031814,2025-03-18 14:00:00,2025,3,18,14,12.85,35.66,4.67,4.2,40.07,560.1,51.1
Karnali_Center,29.267,82.183,2025031815,2025-03-18 15:00:00,2025,3,18,15,11.64,39.7,4.17,3.81,39.32,388.38,63.04
Karnali_Center,29.267,82.183,2025031816,2025-03-18 16:00:00,2025,3,18,16,9.84,46.11,3.3,3.2,30.01,210.95,75.68
Karnali_Center,29.267,82.183,2025031817,2025-03-18 17:00:00,2025,3,18,17,6.12,65.9,1.88,2.47,27.07,22.92,87.61
Karnali_Center,29.267,82.183,2025031818,2025-03-18 18:00:00,2025,3,18,18,5.22,64.49,1.32,1.62,22.44,0.0,90.0
Karnali_Center,29.267,82.183,2025031819,2025-03-18 19:00:00,2025,3,18,19,4.73,65.43,0.8,1.01,27.9,0.0,90.0
Karnali_Center,29.267,82.183,2025031820,2025-03-18 20:00:00,2025,3,18,20,4.01,67.85,1.03,1.22,34.26,0.0,90.0
Karnali_Center,29.267,82.183,2025031821,2025-03-18 21:00:00,2025,3,18,21,3.48,69.86,1.29,1.46,33.82,0.0,90.0
Karnali_Center,29.267,82.183,2025031822,2025-03-18 22:00:00,2025,3,18,22,2.96,71.58,1.54,1.73,35.07,0.0,90.0
Karnali_Center,29.267,82.183,2025031823,2025-03-18 23:00:00,2025,3,18,23,2.4,73.2,1.75,1.93,37.73,0.0,90.0
Karnali_Center,29.267,82.183,2025031900,2025-03-19 00:00:00,2025,3,19,0,2.06,73.84,1.84,2.01,38.52,0.0,90.0
Karnali_Center,29.267,82.183,2025031901,2025-03-19 01:00:00,2025,3,19,1,1.93,73.17,1.83,1.99,21.49,0.0,90.0
Karnali_Center,29.267,82.183,2025031902,2025-03-19 02:00:00,2025,3,19,2,1.69,73.24,1.82,1.95,78.55,0.0,90.0
Karnali_Center,29.267,82.183,2025031903,2025-03-19 03:00:00,2025,3,19,3,1.61,73.16,1.92,2.06,73.71,0.0,90.0
Karnali_Center,29.267,82.183,2025031904,2025-03-19 04:00:00,2025,3,19,4,1.64,72.68,2.03,2.21,85.58,0.0,90.0
Karnali_Center,29.267,82.183,2025031905,2025-03-19 05:00:00,2025,3,19,5,1.65,71.66,2.11,2.34,81.42,5.3,89.2
Karnali_Center,29.267,82.183,2025031906,2025-03-19 06:00:00,2025,3,19,6,4.09,69.59,2.05,2.31,77.96,120.82,78.96
Karnali_Center,29.267,82.183,2025031907,2025-03-19 07:00:00,2025,3,19,7,8.2,46.59,1.41,1.23,76.09,270.15,66.18
Karnali_Center,29.267,82.183,2025031908,2025-03-19 08:00:00,2025,3,19,8,11.36,29.8,1.76,1.71,70.95,479.25,53.96
Karnali_Center,29.267,82.183,2025031909,2025-03-19 09:00:00,2025,3,19,9,12.94,25.47,3.27,2.97,50.61,692.33,42.91
Karnali_Center,29.267,82.183,2025031910,2025-03-19 10:00:00,2025,3,19,10,13.96,24.91,4.23,3.81,60.51,747.03,34.28
Karnali_Center,29.267,82.183,2025031911,2025-03-19 11:00:00,2025,3,19,11,14.52,25.83,5.11,4.64,82.84,834.97,30.27
Karnali_Center,29.267,82.183,2025031912,2025-03-19 12:00:00,2025,3,19,12,14.6,27.35,5.79,5.3,85.48,729.9,32.67
Karnali_Center,29.267,82.183,2025031913,2025-03-19 13:00:00,2025,3,19,13,14.08,29.13,6.0,5.53,76.84,677.35,40.33
Karnali_Center,29.267,82.183,2025031914,2025-03-19 14:00:00,2025,3,19,14,13.23,30.63,5.82,5.43,26.77,441.5,50.9
Karnali_Center,29.267,82.183,2025031915,2025-03-19 15:00:00,2025,3,19,15,11.92,32.56,5.32,5.03,32.98,280.12,62.88
Karnali_Center,29.267,82.183,2025031916,2025-03-19 16:00:00,2025,3,19,16,10.06,36.3,4.16,4.04,30.42,153.52,75.55
Karnali_Center,29.267,82.183,2025031917,2025-03-19 17:00:00,2025,3,19,17,6.27,54.88,2.08,2.7,38.17,16.83,87.53
Karnali_Center,29.267,82.183,2025031918,2025-03-19 18:00:00,2025,3,19,18,5.25,53.49,1.46,1.82,60.76,0.0,90.0
Karnali_Center,29.267,82.183,2025031919,2025-03-19 19:00:00,2025,3,19,19,5.05,51.4,0.89,1.09,47.79,0.0,90.0
Karnali_Center,29.267,82.183,2025031920,2025-03-19 20:00:00,2025,3,19,20,4.37,52.97,0.83,0.96,39.68,0.0,90.0
Karnali_Center,29.267,82.183,2025031921,2025-03-19 21:00:00,2025,3,19,21,3.32,56.76,1.14,1.29,37.85,0.0,90.0
Karnali_Center,29.267,82.183,2025031922,2025-03-19 22:00:00,2025,3,19,22,2.52,59.13,1.5,1.66,34.43,0.0,90.0
Karnali_Center,29.267,82.183,2025031923,2025-03-19 23:00:00,2025,3,19,23,1.56,62.47,1.84,2.0,36.82,0.0,90.0
Karnali_Center,29.267,82.183,2025032000,2025-03-20 00:00:00,2025,3,20,0,0.74,65.54,2.06,2.2,15.99,0.0,90.0
Karnali_Center,29.267,82.183,2025032001,2025-03-20 01:00:00,2025,3,20,1,-0.11,69.38,2.27,2.38,23.47,0.0,90.0
Karnali_Center,29.267,82.183,2025032002,2025-03-20 02:00:00,2025,3,20,2,-0.92,73.34,2.47,2.55,23.46,0.0,90.0
Karnali_Center,29.267,82.183,2025032003,2025-03-20 03:00:00,2025,3,20,3,-1.55,75.56,2.62,2.65,27.66,0.0,90.0
Karnali_Center,29.267,82.183,2025032004,2025-03-20 04:00:00,2025,3,20,4,-2.04,76.25,2.76,2.75,28.87,0.0,90.0
Karnali_Center,29.267,82.183,2025032005,2025-03-20 05:00:00,2025,3,20,5,-2.12,73.62,2.8,2.8,25.51,7.65,89.11
Karnali_Center,29.267,82.183,2025032006,2025-03-20 06:00:00,2025,3,20,6,2.05,60.47,2.68,2.5,18.52,173.48,78.7
Karnali_Center,29.267,82.183,2025032007,2025-03-20 07:00:00,2025,3,20,7,7.51,31.7,1.97,1.92,20.47,411.27,65.91
Karnali_Center,29.267,82.183,2025032008,2025-03-20 08:00:00,2025,3,20,8,10.97,20.32,2.9,3.09,15.85,657.75,53.66
Karnali_Center,29.267,82.183,2025032009,2025-03-20 09:00:00,2025,3,20,9,12.64,18.68,4.1,3.87,17.49,813.33,42.57
Karnali_Center,29.267,82.183,2025032010,2025-03-20 10:00:00,2025,3,20,10,13.73,18.86,5.02,4.68,25.02,871.0,33.89
Karnali_Center,29.267,82.183,2025032011,2025-03-20 11:00:00,2025,3,20,11,14.31,19.86,5.83,5.44,43.46,849.97,29.88
Karnali_Center,29.267,82.183,2025032012,2025-03-20 12:00:00,2025,3,20,12,14.37,21.54,6.31,5.91,46.56,935.97,32.33
Karnali_Center,29.267,82.183,2025032013,2025-03-20 13:00:00,2025,3,20,13,13.94,23.37,6.38,6.01,72.65,757.42,40.07
Karnali_Center,29.267,82.183,2025032014,2025-03-20 14:00:00,2025,3,20,14,13.01,25.28,6.09,5.78,3.09,556.67,50.7
Karnali_Center,29.267,82.183,2025032015,2025-03-20 15:00:00,2025,3,20,15,11.71,27.61,5.41,5.19,5.39,362.1,62.73
Karnali_Center,29.267,82.183,2025032016,2025-03-20 16:00:00,2025,3,20,16,9.89,31.46,4.13,4.09,7.6,183.2,75.41
Karnali_Center,29.267,82.183,2025032017,2025-03-20 17:00:00,2025,3,20,17,6.14,50.17,2.06,2.79,8.1,18.9,87.45
Karnali_Center,29.267,82.183,2025032018,2025-03-20 18:00:00,2025,3,20,18,5.18,47.91,1.57,2.0,10.93,0.0,90.0
Karnali_Center,29.267,82.183,2025032019,2025-03-20 19:00:00,2025,3,20,19,4.71,46.83,1.11,1.44,29.08,0.0,90.0
Karnali_Center,29.267,82.183,2025032020,2025-03-20 20:00:00,2025,3,20,20,3.97,48.35,1.07,1.28,33.83,0.0,90.0
Karnali_Center,29.267,82.183,2025032021,2025-03-20 21:00:00,2025,3,20,21,3.14,50.66,1.39,1.55,28.81,0.0,90.0
Karnali_Center,29.267,82.183,2025032022,2025-03-20 22:00:00,2025,3,20,22,2.22,53.42,1.67,1.82,26.31,0.0,90.0
Karnali_Center,29.267,82.183,2025032023,2025-03-20 23:00:00,2025,3,20,23,1.38,56.01,1.87,2.0,32.45,0.0,90.0
Karnali_Center,29.267,82.183,2025032100,2025-03-21 00:00:00,2025,3,21,0,0.58,58.39,2.04,2.13,13.87,0.0,90.0
Karnali_Center,29.267,82.183,2025032101,2025-03-21 01:00:00,2025,3,21,1,-0.13,60.57,2.16,2.23,47.95,0.0,90.0
Karnali_Center,29.267,82.183,2025032102,2025-03-21 02:00:00,2025,3,21,2,-0.69,62.21,2.22,2.25,25.38,0.0,90.0
Karnali_Center,29.267,82.183,2025032103,2025-03-21 03:00:00,2025,3,21,3,-1.12,63.42,2.28,2.29,41.06,0.0,90.0
Karnali_Center,29.267,82.183,2025032104,2025-03-21 04:00:00,2025,3,21,4,-1.48,64.28,2.32,2.3,40.35,0.0,90.0
Karnali_Center,29.267,82.183,2025032105,2025-03-21 05:00:00,2025,3,21,5,-1.56,64.08,2.31,2.29,39.87,8.02,89.01
Karnali_Center,29.267,82.183,2025032106,2025-03-21 06:00:00,2025,3,21,6,1.89,58.42,2.18,2.07,40.79,155.8,78.44
Karnali_Center,29.267,82.183,2025032107,2025-03-21 07:00:00,2025,3,21,7,6.63,35.99,1.33,1.5,44.53,349.2,65.63
Karnali_Center,29.267,82.183,2025032108,2025-03-21 08:00:00,2025,3,21,8,9.44,28.46,2.38,2.43,40.41,581.2,53.36
Karnali_Center,29.267,82.183,2025032109,2025-03-21 09:00:00,2025,3,21,9,11.14,26.19,3.32,3.07,50.79,669.4,42.23
Karnali_Center,29.267,82.183,2025032110,2025-03-21 10:00:00,2025,3,21,10,12.36,25.2,4.15,3.71,69.84,771.5,33.51
Karnali_Center,29.267,82.183,2025032111,2025-03-21 11:00:00,2025,3,21,11,13.06,25.12,4.98,4.48,82.49,751.35,29.48
Karnali_Center,29.267,82.183,2025032112,2025-03-21 12:00:00,2025,3,21,12,13.24,25.71,5.75,5.26,93.47,767.55,31.99
Karnali_Center,29.267,82.183,2025032113,2025-03-21 13:00:00,2025,3,21,13,12.89,26.9,6.14,5.68,88.22,645.2,39.82
Karnali_Center,29.267,82.183,2025032114,2025-03-21 14:00:00,2025,3,21,14,11.92,28.66,6.0,5.62,88.82,464.88,50.51
Karnali_Center,29.267,82.183,2025032115,2025-03-21 15:00:00,2025,3,21,15,10.44,31.17,5.28,4.99,91.18,304.15,62.57
Karnali_Center,29.267,82.183,2025032116,2025-03-21 16:00:00,2025,3,21,16,8.7,34.74,3.91,3.81,90.58,140.55,75.27
Karnali_Center,29.267,82.183,2025032117,2025-03-21 17:00:00,2025,3,21,17,5.48,51.15,1.9,2.5,90.92,17.33,87.37
Karnali_Center,29.267,82.183,2025032118,2025-03-21 18:00:00,2025,3,21,18,4.68,48.43,1.21,1.53,90.07,0.0,90.0
Karnali_Center,29.267,82.183,2025032119,2025-03-21 19:00:00,2025,3,21,19,4.67,44.69,0.53,0.69,69.4,0.0,90.0
Karnali_Center,29.267,82.183,2025032120,2025-03-21 20:00:00,2025,3,21,20,3.65,47.87,0.79,0.92,58.5,0.0,90.0
Karnali_Center,29.267,82.183,2025032121,2025-03-21 21:00:00,2025,3,21,21,2.52,51.7,1.3,1.47,43.97,0.0,90.0
Karnali_Center,29.267,82.183,2025032122,2025-03-21 22:00:00,2025,3,21,22,1.6,54.68,1.61,1.77,45.76,0.0,90.0
Karnali_Center,29.267,82.183,2025032123,2025-03-21 23:00:00,2025,3,21,23,0.72,57.5,1.87,1.99,45.38,0.0,90.0
Karnali_Center,29.267,82.183,2025032200,2025-03-22 00:00:00,2025,3,22,0,-0.05,59.85,2.08,2.17,54.5,0.0,90.0
Karnali_Center,29.267,82.183,2025032201,2025-03-22 01:00:00,2025,3,22,1,-0.68,61.81,2.24,2.29,22.83,0.0,90.0
Karnali_Center,29.267,82.183,2025032202,2025-03-22 02:00:00,2025,3,22,2,-1.2,63.45,2.35,2.37,21.88,0.0,90.0
Karnali_Center,29.267,82.183,2025032203,2025-03-22 03:00:00,2025,3,22,3,-1.69,64.56,2.43,2.44,37.2,0.0,90.0
Karnali_Center,29.267,82.183,2025032204,2025-03-22 04:00:00,2025,3,22,4,-2.36,65.54,2.66,2.6,34.79,0.0,90.0
Karnali_Center,29.267,82.183,2025032205,2025-03-22 05:00:00,2025,3,22,5,-3.15,66.64,3.13,2.92,29.61,8.32,88.91
Karnali_Center,29.267,82.183,2025032206,2025-03-22 06:00:00,2025,3,22,6,0.26,55.35,3.54,3.06,26.18,163.98,78.17
Karnali_Center,29.267,82.183,2025032207,2025-03-22 07:00:00,2025,3,22,7,4.74,39.05,3.01,2.47,27.45,399.73,65.36
Karnali_Center,29.267,82.183,2025032208,2025-03-22 08:00:00,2025,3,22,8,8.29,30.8,2.55,2.71,16.17,671.55,53.06
Karnali_Center,29.267,82.183,2025032209,2025-03-22 09:00:00,2025,3,22,9,9.95,27.63,2.8,2.86,24.38,830.12,41.9
Karnali_Center,29.267,82.183,2025032210,2025-03-22 10:00:00,2025,3,22,10,11.1,26.36,3.2,3.02,31.26,890.42,33.13
Karnali_Center,29.267,82.183,2025032211,2025-03-22 11:00:00,2025,3,22,11,11.51,26.74,3.7,3.3,75.52,853.35,29.09
Karnali_Center,29.267,82.183,2025032212,2025-03-22 12:00:00,2025,3,22,12,11.06,29.19,4.06,3.54,88.38,653.38,31.66
Karnali_Center,29.267,82.183,2025032213,2025-03-22 13:00:00,2025,3,22,13,10.02,33.24,4.11,3.56,63.47,520.72,39.57
Karnali_Center,29.267,82.183,2025032214,2025-03-22 14:00:00,2025,3,22,14,8.7,37.86,3.76,3.26,54.83,341.62,50.32
Karnali_Center,29.267,82.183,2025032215,2025-03-22 15:00:00,2025,3,22,15,7.36,42.4,3.21,2.83,50.47,205.5,62.41
Karnali_Center,29.267,82.183,2025032216,2025-03-22 16:00:00,2025,3,22,16,5.87,47.76,2.42,2.22,43.51,120.05,75.13
Karnali_Center,29.267,82.183,2025032217,2025-03-22 17:00:00,2025,3,22,17,4.05,61.63,1.29,1.68,74.85,14.9,87.29
Karnali_Center,29.267,82.183,2025032218,2025-03-22 18:00:00,2025,3,22,18,3.13,65.36,0.9,1.15,73.25,0.0,90.0
Karnali_Center,29.267,82.183,2025032219,2025-03-22 19:00:00,2025,3,22,19,2.77,63.38,0.52,0.65,70.06,0.0,90.0
Karnali_Center,29.267,82.183,2025032220,2025-03-22 20:00:00,2025,3,22,20,2.33,64.15,0.18,0.22,63.98,0.0,90.0
Karnali_Center,29.267,82.183,2025032221,2025-03-22 21:00:00,2025,3,22,21,2.0,65.51,0.47,0.44,58.97,0.0,90.0
Karnali_Center,29.267,82.183,2025032222,2025-03-22 22:00:00,2025,3,22,22,1.56,64.7,0.96,0.96,50.2,0.0,90.0
Karnali_Center,29.267,82.183,2025032223,2025-03-22 23:00:00,2025,3,22,23,1.21,64.06,1.38,1.41,34.78,0.0,90.0
Karnali_Center,29.267,82.183,2025032300,2025-03-23 00:00:00,2025,3,23,0,0.58,61.37,1.74,1.75,28.72,0.0,90.0
Karnali_Center,29.267,82.183,2025032301,2025-03-23 01:00:00,2025,3,23,1,-0.31,58.85,2.18,2.04,11.01,0.0,90.0
Karnali_Center,29.267,82.183,2025032302,2025-03-23 02:00:00,2025,3,23,2,-1.26,58.82,2.48,2.29,28.28,0.0,90.0
Karnali_Center,29.267,82.183,2025032303,2025-03-23 03:00:00,2025,3,23,3,-2.08,58.5,2.66,2.46,25.0,0.0,90.0
Karnali_Center,29.267,82.183,2025032304,2025-03-23 04:00:00,2025,3,23,4,-2.82,57.75,2.83,2.64,26.17,0.0,90.0
Karnali_Center,29.267,82.183,2025032305,2025-03-23 05:00:00,2025,3,23,5,-3.42,57.02,3.08,2.86,23.41,8.02,88.8
Karnali_Center,29.267,82.183,2025032306,2025-03-23 06:00:00,2025,3,23,6,0.32,45.63,3.4,2.8,17.64,156.15,77.91
Karnali_Center,29.267,82.183,2025032307,2025-03-23 07:00:00,2025,3,23,7,5.26,26.67,3.13,2.74,21.91,388.17,65.08
Karnali_Center,29.267,82.183,2025032308,2025-03-23 08:00:00,2025,3,23,8,10.28,16.53,1.63,2.2,16.09,634.15,52.77
Karnali_Center,29.267,82.183,2025032309,2025-03-23 09:00:00,2025,3,23,9,13.27,14.78,0.31,0.93,12.3,820.38,41.56
Karnali_Center,29.267,82.183,2025032310,2025-03-23 10:00:00,2025,3,23,10,15.01,14.76,1.2,0.24,13.88,908.97,32.75
Karnali_Center,29.267,82.183,2025032311,2025-03-23 11:00:00,2025,3,23,11,16.0,15.3,2.11,1.18,23.72,994.92,28.69
Karnali_Center,29.267,82.183,2025032312,2025-03-23 12:00:00,2025,3,23,12,16.34,16.33,2.86,1.95,67.33,876.42,31.33
Karnali_Center,29.267,82.183,2025032313,2025-03-23 13:00:00,2025,3,23,13,16.1,17.7,3.37,2.55,65.14,765.3,39.32
Karnali_Center,29.267,82.183,2025032314,2025-03-23 14:00:00,2025,3,23,14,15.33,19.59,3.66,2.97,68.12,559.4,50.13
Karnali_Center,29.267,82.183,2025032315,2025-03-23 15:00:00,2025,3,23,15,14.06,22.28,3.58,3.05,59.76,356.9,62.26
Karnali_Center,29.267,82.183,2025032316,2025-03-23 16:00:00,2025,3,23,16,12.06,27.13,3.21,2.91,44.45,197.75,75.0
Karnali_Center,29.267,82.183,2025032317,2025-03-23 17:00:00,2025,3,23,17,7.78,46.24,1.8,2.35,37.68,22.38,87.2
Karnali_Center,29.267,82.183,2025032318,2025-03-23 18:00:00,2025,3,23,18,6.01,49.06,1.25,1.58,27.36,0.0,90.0
Karnali_Center,29.267,82.183,2025032319,2025-03-23 19:00:00,2025,3,23,19,5.49,47.18,0.4,0.6,33.4,0.0,90.0
Karnali_Center,29.267,82.183,2025032320,2025-03-23 20:00:00,2025,3,23,20,4.65,48.68,0.89,0.79,33.27,0.0,90.0
Karnali_Center,29.267,82.183,2025032321,2025-03-23 21:00:00,2025,3,23,21,3.17,50.68,1.86,1.83,34.36,0.0,90.0
Karnali_Center,29.267,82.183,2025032322,2025-03-23 22:00:00,2025,3,23,22,1.86,49.48,2.41,2.44,33.49,0.0,90.0
Karnali_Center,29.267,82.183,2025032323,2025-03-23 23:00:00,2025,3,23,23,0.28,48.19,2.88,2.96,42.21,0.0,90.0
Karnali_Center,29.267,82.183,2025032400,2025-03-24 00:00:00,2025,3,24,0,-1.35,49.69,3.43,3.47,38.85,0.0,90.0
Karnali_Center,29.267,82.183,2025032401,2025-03-24 01:00:00,2025,3,24,1,-2.62,50.05,3.86,4.02,6.82,0.0,90.0
Karnali_Center,29.267,82.183,2025032402,2025-03-24 02:00:00,2025,3,24,2,-3.49,49.02,4.09,4.41,40.23,0.0,90.0
Karnali_Center,29.267,82.183,2025032403,2025-03-24 03:00:00,2025,3,24,3,-4.05,47.69,4.2,4.65,36.71,0.0,90.0
Karnali_Center,29.267,82.183,2025032404,2025-03-24 04:00:00,2025,3,24,4,-4.5,46.82,4.27,4.83,38.19,0.0,90.0
Karnali_Center,29.267,82.183,2025032405,2025-03-24 05:00:00,2025,3,24,5,-4.5,45.74,4.32,5.02,31.36,11.25,88.69
Karnali_Center,29.267,82.183,2025032406,2025-03-24 06:00:00,2025,3,24,6,0.42,31.39,5.32,4.7,20.28,191.57,77.65
Karnali_Center,29.267,82.183,2025032407,2025-03-24 07:00:00,2025,3,24,7,5.8,21.96,4.67,3.53,21.16,436.05,64.81
Karnali_Center,29.267,82.183,2025032408,2025-03-24 08:00:00,2025,3,24,8,11.97,13.23,2.26,2.34,15.05,681.28,52.47
Karnali_Center,29.267,82.183,2025032409,2025-03-24 09:00:00,2025,3,24,9,15.25,11.69,0.88,1.2,18.64,851.95,41.23
Karnali_Center,29.267,82.183,2025032410,2025-03-24 10:00:00,2025,3,24,10,17.14,11.71,1.35,0.75,24.31,970.85,32.37
Karnali_Center,29.267,82.183,2025032411,2025-03-24 11:00:00,2025,3,24,11,18.3,12.15,2.19,1.29,33.11,1006.55,28.3
Karnali_Center,29.267,82.183,2025032412,2025-03-24 12:00:00,2025,3,24,12,18.78,12.95,3.3,2.33,55.84,955.38,31.0
Karnali_Center,29.267,82.183,2025032413,2025-03-24 13:00:00,2025,3,24,13,18.41,14.71,4.47,3.57,48.49,826.9,39.07
Karnali_Center,29.267,82.183,2025032414,2025-03-24 14:00:00,2025,3,24,14,17.22,17.92,5.17,4.39,48.64,650.17,49.94
Karnali_Center,29.267,82.183,2025032415,2025-03-24 15:00:00,2025,3,24,15,15.3,22.72,5.19,4.55,45.49,430.05,62.11
Karnali_Center,29.267,82.183,2025032416,2025-03-24 16:00:00,2025,3,24,16,12.63,29.96,4.3,3.96,40.13,220.38,74.87
Karnali_Center,29.267,82.183,2025032417,2025-03-24 17:00:00,2025,3,24,17,8.2,49.23,2.18,2.71,38.95,26.5,87.12
Karnali_Center,29.267,82.183,2025032418,2025-03-24 18:00:00,2025,3,24,18,6.85,50.99,1.38,1.67,35.9,0.0,90.0
Karnali_Center,29.267,82.183,2025032419,2025-03-24 19:00:00,2025,3,24,19,6.92,47.65,0.48,0.64,40.39,0.0,90.0
Karnali_Center,29.267,82.183,2025032420,2025-03-24 20:00:00,2025,3,24,20,6.21,49.8,0.64,0.68,42.49,0.0,90.0
Karnali_Center,29.267,82.183,2025032421,2025-03-24 21:00:00,2025,3,24,21,5.03,52.58,1.26,1.33,38.82,0.0,90.0
Karnali_Center,29.267,82.183,2025032422,2025-03-24 22:00:00,2025,3,24,22,4.56,52.11,1.6,1.64,35.75,0.0,90.0
Karnali_Center,29.267,82.183,2025032423,2025-03-24 23:00:00,2025,3,24,23,3.93,51.71,1.85,1.88,43.85,0.0,90.0
Karnali_Center,29.267,82.183,2025032500,2025-03-25 00:00:00,2025,3,25,0,3.27,50.68,2.09,2.1,6.04,0.0,90.0
Karnali_Center,29.267,82.183,2025032501,2025-03-25 01:00:00,2025,3,25,1,2.59,49.22,2.29,2.31,27.7,0.0,90.0
Karnali_Center,29.267,82.183,2025032502,2025-03-25 02:00:00,2025,3,25,2,1.97,47.47,2.47,2.5,36.4,0.0,90.0
Karnali_Center,29.267,82.183,2025032503,2025-03-25 03:00:00,2025,3,25,3,1.48,46.09,2.6,2.63,38.04,0.0,90.0
Karnali_Center,29.267,82.183,2025032504,2025-03-25 04:00:00,2025,3,25,4,1.14,44.8,2.67,2.72,41.82,0.0,90.0
Karnali_Center,29.267,82.183,2025032505,2025-03-25 05:00:00,2025,3,25,5,1.14,43.6,2.68,2.74,32.11,12.35,88.57
Karnali_Center,29.267,82.183,2025032506,2025-03-25 06:00:00,2025,3,25,6,5.26,41.83,2.58,2.59,16.77,197.25,77.39
Karnali_Center,29.267,82.183,2025032507,2025-03-25 07:00:00,2025,3,25,7,10.39,26.1,1.81,1.42,12.88,447.73,64.54
Karnali_Center,29.267,82.183,2025032508,2025-03-25 08:00:00,2025,3,25,8,13.83,25.2,1.13,0.93,3.14,694.4,52.17
Karnali_Center,29.267,82.183,2025032509,2025-03-25 09:00:00,2025,3,25,9,15.85,24.04,2.66,2.06,3.21,873.67,40.89
Karnali_Center,29.267,82.183,2025032510,2025-03-25 10:00:00,2025,3,25,10,17.18,23.85,4.0,3.12,13.16,973.88,31.99
Karnali_Center,29.267,82.183,2025032511,2025-03-25 11:00:00,2025,3,25,11,17.86,24.58,5.0,4.0,23.27,1004.7,27.91
Karnali_Center,29.267,82.183,2025032512,2025-03-25 12:00:00,2025,3,25,12,17.85,26.38,5.7,4.68,44.14,928.12,30.67
Karnali_Center,29.267,82.183,2025032513,2025-03-25 13:00:00,2025,3,25,13,17.34,28.62,5.86,4.9,42.34,748.58,38.83
Karnali_Center,29.267,82.183,2025032514,2025-03-25 14:00:00,2025,3,25,14,16.51,31.19,5.66,4.79,43.73,658.42,49.76
Karnali_Center,29.267,82.183,2025032515,2025-03-25 15:00:00,2025,3,25,15,15.13,35.2,5.04,4.32,37.66,441.98,61.96
Karnali_Center,29.267,82.183,2025032516,2025-03-25 16:00:00,2025,3,25,16,13.12,41.25,3.92,3.5,27.57,220.65,74.73
Karnali_Center,29.267,82.183,2025032517,2025-03-25 17:00:00,2025,3,25,17,9.38,58.27,1.96,2.46,27.84,25.92,87.03
Karnali_Center,29.267,82.183,2025032518,2025-03-25 18:00:00,2025,3,25,18,7.92,60.7,1.36,1.68,22.13,0.0,90.0
Karnali_Center,29.267,82.183,2025032519,2025-03-25 19:00:00,2025,3,25,19,7.35,61.69,1.04,1.33,23.52,0.0,90.0
Karnali_Center,29.267,82.183,2025032520,2025-03-25 20:00:00,2025,3,25,20,6.34,65.79,1.26,1.52,28.35,0.0,90.0
Karnali_Center,29.267,82.183,2025032521,2025-03-25 21:00:00,2025,3,25,21,5.41,69.38,1.6,1.83,21.2,0.0,90.0
Karnali_Center,29.267,82.183,2025032522,2025-03-25 22:00:00,2025,3,25,22,4.58,72.53,1.87,2.07,31.13,0.0,90.0
Karnali_Center,29.267,82.183,2025032523,2025-03-25 23:00:00,2025,3,25,23,3.94,74.11,2.09,2.25,26.86,0.0,90.0
Karnali_Center,29.267,82.183,2025032600,2025-03-26 00:00:00,2025,3,26,0,3.57,73.08,2.21,2.33,4.35,0.0,90.0
Karnali_Center,29.267,82.183,2025032601,2025-03-26 01:00:00,2025,3,26,1,3.25,70.67,2.29,2.37,20.63,0.0,90.0
Karnali_Center,29.267,82.183,2025032602,2025-03-26 02:00:00,2025,3,26,2,2.99,67.54,2.36,2.42,31.35,0.0,90.0
Karnali_Center,29.267,82.183,2025032603,2025-03-26 03:00:00,2025,3,26,3,2.66,64.47,2.47,2.52,34.77,0.0,90.0
Karnali_Center,29.267,82.183,2025032604,2025-03-26 04:00:00,2025,3,26,4,2.38,61.19,2.55,2.59,33.52,0.0,90.0
Karnali_Center,29.267,82.183,2025032605,2025-03-26 05:00:00,2025,3,26,5,2.44,57.17,2.53,2.58,25.69,12.98,88.44
Karnali_Center,29.267,82.183,2025032606,2025-03-26 06:00:00,2025,3,26,6,6.29,54.66,2.31,2.38,12.99,201.2,77.13
Karnali_Center,29.267,82.183,2025032607,2025-03-26 07:00:00,2025,3,26,7,10.79,39.34,1.49,1.23,11.51,452.33,64.27
Karnali_Center,29.267,82.183,2025032608,2025-03-26 08:00:00,2025,3,26,8,14.22,32.41,0.97,0.73,3.12,701.0,51.88
Karnali_Center,29.267,82.183,2025032609,2025-03-26 09:00:00,2025,3,26,9,16.27,26.99,2.63,2.09,5.99,876.12,40.56
Karnali_Center,29.267,82.183,2025032610,2025-03-26 10:00:00,2025,3,26,10,17.65,24.95,3.86,3.14,12.1,995.58,31.61
Karnali_Center,29.267,82.183,2025032611,2025-03-26 11:00:00,2025,3,26,11,18.37,24.76,4.84,4.03,34.69,1018.72,27.51
Karnali_Center,29.267,82.183,2025032612,2025-03-26 12:00:00,2025,3,26,12,18.48,25.82,5.51,4.73,48.26,856.92,30.34
Karnali_Center,29.267,82.183,2025032613,2025-03-26 13:00:00,2025,3,26,13,18.06,27.66,5.71,4.99,63.66,847.7,38.59
Karnali_Center,29.267,82.183,2025032614,2025-03-26 14:00:00,2025,3,26,14,17.32,29.67,5.46,4.84,12.52,634.05,49.58
Karnali_Center,29.267,82.183,2025032615,2025-03-26 15:00:00,2025,3,26,15,16.14,31.98,4.87,4.38,15.96,420.8,61.81
Karnali_Center,29.267,82.183,2025032616,2025-03-26 16:00:00,2025,3,26,16,14.37,35.85,3.85,3.6,18.72,205.43,74.6
Karnali_Center,29.267,82.183,2025032617,2025-03-26 17:00:00,2025,3,26,17,10.49,53.18,2.01,2.57,21.64,22.95,86.95
Karnali_Center,29.267,82.183,2025032618,2025-03-26 18:00:00,2025,3,26,18,9.06,53.89,1.51,1.86,26.58,0.0,90.0
Karnali_Center,29.267,82.183,2025032619,2025-03-26 19:00:00,2025,3,26,19,8.45,54.34,1.23,1.56,17.06,0.0,90.0
Karnali_Center,29.267,82.183,2025032620,2025-03-26 20:00:00,2025,3,26,20,7.51,57.07,1.34,1.62,12.01,0.0,90.0
Karnali_Center,29.267,82.183,2025032621,2025-03-26 21:00:00,2025,3,26,21,6.55,59.65,1.6,1.79,10.98,0.0,90.0
Karnali_Center,29.267,82.183,2025032622,2025-03-26 22:00:00,2025,3,26,22,5.65,61.82,1.87,1.99,8.28,0.0,90.0
Karnali_Center,29.267,82.183,2025032623,2025-03-26 23:00:00,2025,3,26,23,4.8,63.29,2.11,2.21,5.86,0.0,90.0
Karnali_Center,29.267,82.183,2025032700,2025-03-27 00:00:00,2025,3,27,0,4.07,63.61,2.31,2.39,26.06,0.0,90.0
Karnali_Center,29.267,82.183,2025032701,2025-03-27 01:00:00,2025,3,27,1,3.48,62.74,2.45,2.52,2.59,0.0,90.0
Karnali_Center,29.267,82.183,2025032702,2025-03-27 02:00:00,2025,3,27,2,2.95,61.44,2.54,2.58,26.97,0.0,90.0
Karnali_Center,29.267,82.183,2025032703,2025-03-27 03:00:00,2025,3,27,3,2.46,59.65,2.62,2.62,38.51,0.0,90.0
Karnali_Center,29.267,82.183,2025032704,2025-03-27 04:00:00,2025,3,27,4,2.09,57.53,2.69,2.67,38.02,0.0,90.0
Karnali_Center,29.267,82.183,2025032705,2025-03-27 05:00:00,2025,3,27,5,2.05,55.61,2.73,2.72,30.13,16.0,88.32
Karnali_Center,29.267,82.183,2025032706,2025-03-27 06:00:00,2025,3,27,6,6.2,51.3,2.76,2.63,18.61,209.38,76.87
Karnali_Center,29.267,82.183,2025032707,2025-03-27 07:00:00,2025,3,27,7,10.79,34.03,2.51,2.01,17.69,458.45,64.0
Karnali_Center,29.267,82.183,2025032708,2025-03-27 08:00:00,2025,3,27,8,14.82,24.29,0.73,0.82,8.7,705.83,51.59
Karnali_Center,29.267,82.183,2025032709,2025-03-27 09:00:00,2025,3,27,9,17.1,20.64,1.35,1.14,7.66,883.88,40.23
Karnali_Center,29.267,82.183,2025032710,2025-03-27 10:00:00,2025,3,27,10,18.69,18.98,3.11,2.62,13.07,971.4,31.23
Karnali_Center,29.267,82.183,2025032711,2025-03-27 11:00:00,2025,3,27,11,19.58,18.6,4.52,3.9,27.74,974.7,27.12
Karnali_Center,29.267,82.183,2025032712,2025-03-27 12:00:00,2025,3,27,12,19.76,19.23,5.61,5.0,52.99,970.55,30.02
Karnali_Center,29.267,82.183,2025032713,2025-03-27 13:00:00,2025,3,27,13,19.3,20.9,6.19,5.64,58.83,842.85,38.35
Karnali_Center,29.267,82.183,2025032714,2025-03-27 14:00:00,2025,3,27,14,18.44,23.08,5.99,5.56,0.71,642.6,49.4
Karnali_Center,29.267,82.183,2025032715,2025-03-27 15:00:00,2025,3,27,15,17.15,25.85,5.23,4.94,1.53,422.73,61.66
Karnali_Center,29.267,82.183,2025032716,2025-03-27 16:00:00,2025,3,27,16,15.34,29.69,4.02,3.91,12.13,216.8,74.47
Karnali_Center,29.267,82.183,2025032717,2025-03-27 17:00:00,2025,3,27,17,11.67,47.86,2.07,2.81,16.33,27.48,86.86
Karnali_Center,29.267,82.183,2025032718,2025-03-27 18:00:00,2025,3,27,18,10.21,48.9,1.66,2.08,23.0,0.0,90.0
Karnali_Center,29.267,82.183,2025032719,2025-03-27 19:00:00,2025,3,27,19,9.66,48.08,1.38,1.7,46.87,0.0,90.0
Karnali_Center,29.267,82.183,2025032720,2025-03-27 20:00:00,2025,3,27,20,8.89,48.84,1.33,1.6,22.39,0.0,90.0
Karnali_Center,29.267,82.183,2025032721,2025-03-27 21:00:00,2025,3,27,21,8.15,50.07,1.34,1.56,13.57,0.0,90.0
Karnali_Center,29.267,82.183,2025032722,2025-03-27 22:00:00,2025,3,27,22,7.38,51.41,1.42,1.6,21.97,0.0,90.0
Karnali_Center,29.267,82.183,2025032723,2025-03-27 23:00:00,2025,3,27,23,6.76,52.57,1.48,1.62,60.1,0.0,90.0
Karnali_Center,29.267,82.183,2025032800,2025-03-28 00:00:00,2025,3,28,0,6.32,53.31,1.5,1.61,59.2,0.0,90.0
Karnali_Center,29.267,82.183,2025032801,2025-03-28 01:00:00,2025,3,28,1,6.0,53.74,1.48,1.58,25.46,0.0,90.0
Karnali_Center,29.267,82.183,2025032802,2025-03-28 02:00:00,2025,3,28,2,5.28,55.82,1.67,1.76,18.82,0.0,90.0
Karnali_Center,29.267,82.183,2025032803,2025-03-28 03:00:00,2025,3,28,3,4.68,57.26,1.82,1.91,34.95,0.0,90.0
Karnali_Center,29.267,82.183,2025032804,2025-03-28 04:00:00,2025,3,28,4,4.14,58.37,1.96,2.06,32.58,0.0,90.0
Karnali_Center,29.267,82.183,2025032805,2025-03-28 05:00:00,2025,3,28,5,3.8,58.95,2.07,2.16,26.3,16.83,88.18
Karnali_Center,29.267,82.183,2025032806,2025-03-28 06:00:00,2025,3,28,6,7.0,55.02,2.01,2.02,16.0,213.25,76.61
Karnali_Center,29.267,82.183,2025032807,2025-03-28 07:00:00,2025,3,28,7,11.14,34.07,1.22,0.9,14.61,466.9,63.73
Karnali_Center,29.267,82.183,2025032808,2025-03-28 08:00:00,2025,3,28,8,13.48,25.95,1.78,1.66,8.77,713.75,51.29
Karnali_Center,29.267,82.183,2025032809,2025-03-28 09:00:00,2025,3,28,9,15.37,21.71,3.31,3.01,14.93,874.38,39.9
Karnali_Center,29.267,82.183,2025032810,2025-03-28 10:00:00,2025,3,28,10,16.75,19.69,4.54,4.1,18.98,978.6,30.85
Karnali_Center,29.267,82.183,2025032811,2025-03-28 11:00:00,2025,3,28,11,17.57,18.97,5.6,5.13,34.82,1002.47,26.73
Karnali_Center,29.267,82.183,2025032812,2025-03-28 12:00:00,2025,3,28,12,17.82,19.12,6.26,5.84,57.51,939.47,29.7
Karnali_Center,29.267,82.183,2025032813,2025-03-28 13:00:00,2025,3,28,13,17.59,19.67,6.22,5.87,53.84,806.85,38.11
Karnali_Center,29.267,82.183,2025032814,2025-03-28 14:00:00,2025,3,28,14,16.89,20.43,5.58,5.3,0.2,690.78,49.22
Karnali_Center,29.267,82.183,2025032815,2025-03-28 15:00:00,2025,3,28,15,15.68,22.06,4.73,4.53,0.48,460.8,61.52
Karnali_Center,29.267,82.183,2025032816,2025-03-28 16:00:00,2025,3,28,16,13.9,25.1,3.71,3.66,2.78,231.32,74.34
Karnali_Center,29.267,82.183,2025032817,2025-03-28 17:00:00,2025,3,28,17,10.07,42.3,1.98,2.65,2.64,32.5,86.77
Karnali_Center,29.267,82.183,2025032818,2025-03-28 18:00:00,2025,3,28,18,8.86,41.05,1.48,1.84,19.28,0.0,90.0
Karnali_Center,29.267,82.183,2025032819,2025-03-28 19:00:00,2025,3,28,19,8.24,40.72,1.15,1.44,22.78,0.0,90.0
Karnali_Center,29.267,82.183,2025032820,2025-03-28 20:00:00,2025,3,28,20,7.47,41.82,1.21,1.48,22.05,0.0,90.0
Karnali_Center,29.267,82.183,2025032821,2025-03-28 21:00:00,2025,3,28,21,6.79,42.76,1.26,1.5,24.03,0.0,90.0
Karnali_Center,29.267,82.183,2025032822,2025-03-28 22:00:00,2025,3,28,22,6.12,43.92,1.27,1.48,24.06,0.0,90.0
Karnali_Center,29.267,82.183,2025032823,2025-03-28 23:00:00,2025,3,28,23,5.48,45.14,1.27,1.45,26.13,0.0,90.0
Karnali_Center,29.267,82.183,2025032900,2025-03-29 00:00:00,2025,3,29,0,4.96,45.86,1.32,1.47,24.52,0.0,90.0
Karnali_Center,29.267,82.183,2025032901,2025-03-29 01:00:00,2025,3,29,1,4.58,45.98,1.45,1.57,4.36,0.0,90.0
Karnali_Center,29.267,82.183,2025032902,2025-03-29 02:00:00,2025,3,29,2,3.73,47.79,1.77,1.88,30.19,0.0,90.0
Karnali_Center,29.267,82.183,2025032903,2025-03-29 03:00:00,2025,3,29,3,2.8,49.64,2.08,2.18,29.13,0.0,90.0
Karnali_Center,29.267,82.183,2025032904,2025-03-29 04:00:00,2025,3,29,4,2.08,50.32,2.3,2.38,29.8,0.0,90.0
Karnali_Center,29.267,82.183,2025032905,2025-03-29 05:00:00,2025,3,29,5,1.75,49.9,2.44,2.51,24.58,20.88,88.04
Karnali_Center,29.267,82.183,2025032906,2025-03-29 06:00:00,2025,3,29,6,5.58,46.73,2.46,2.54,13.93,231.27,76.35
Karnali_Center,29.267,82.183,2025032907,2025-03-29 07:00:00,2025,3,29,7,10.7,23.16,2.18,1.86,16.07,481.25,63.46
Karnali_Center,29.267,82.183,2025032908,2025-03-29 08:00:00,2025,3,29,8,13.74,14.34,0.68,0.46,12.0,724.75,51.0
Karnali_Center,29.267,82.183,2025032909,2025-03-29 09:00:00,2025,3,29,9,15.89,11.98,2.1,1.71,10.7,896.75,39.57
Karnali_Center,29.267,82.183,2025032910,2025-03-29 10:00:00,2025,3,29,10,17.37,11.31,3.66,3.09,18.71,957.45,30.48
Karnali_Center,29.267,82.183,2025032911,2025-03-29 11:00:00,2025,3,29,11,18.15,11.37,4.56,3.91,31.3,1024.0,26.35
Karnali_Center,29.267,82.183,2025032912,2025-03-29 12:00:00,2025,3,29,12,18.4,11.84,5.06,4.4,56.33,965.1,29.38
Karnali_Center,29.267,82.183,2025032913,2025-03-29 13:00:00,2025,3,29,13,18.17,12.39,5.32,4.72,48.01,806.1,37.88
Karnali_Center,29.267,82.183,2025032914,2025-03-29 14:00:00,2025,3,29,14,17.29,13.27,5.24,4.72,0.94,698.62,49.04
Karnali_Center,29.267,82.183,2025032915,2025-03-29 15:00:00,2025,3,29,15,15.79,14.79,4.61,4.21,46.94,466.98,61.38
Karnali_Center,29.267,82.183,2025032916,2025-03-29 16:00:00,2025,3,29,16,13.7,17.3,3.39,3.26,47.11,248.48,74.21
Karnali_Center,29.267,82.183,2025032917,2025-03-29 17:00:00,2025,3,29,17,10.03,34.78,1.69,2.2,56.27,30.83,86.68
Karnali_Center,29.267,82.183,2025032918,2025-03-29 18:00:00,2025,3,29,18,8.77,32.59,1.09,1.35,60.3,0.0,90.0
Karnali_Center,29.267,82.183,2025032919,2025-03-29 19:00:00,2025,3,29,19,7.95,33.83,1.23,1.45,22.68,0.0,90.0
Karnali_Center,29.267,82.183,2025032920,2025-03-29 20:00:00,2025,3,29,20,6.73,38.55,1.8,2.03,24.41,0.0,90.0
Karnali_Center,29.267,82.183,2025032921,2025-03-29 21:00:00,2025,3,29,21,5.81,40.82,2.13,2.37,37.89,0.0,90.0
Karnali_Center,29.267,82.183,2025032922,2025-03-29 22:00:00,2025,3,29,22,5.36,40.95,2.21,2.44,48.37,0.0,90.0
Karnali_Center,29.267,82.183,2025032923,2025-03-29 23:00:00,2025,3,29,23,5.2,39.45,2.16,2.37,65.7,0.0,90.0
Karnali_Center,29.267,82.183,2025033000,2025-03-30 00:00:00,2025,3,30,0,5.03,38.98,2.19,2.41,25.07,0.0,90.0
Karnali_Center,29.267,82.183,2025033001,2025-03-30 01:00:00,2025,3,30,1,4.99,38.41,2.17,2.41,63.15,0.0,90.0
Karnali_Center,29.267,82.183,2025033002,2025-03-30 02:00:00,2025,3,30,2,4.93,35.9,2.09,2.32,77.52,0.0,90.0
Karnali_Center,29.267,82.183,2025033003,2025-03-30 03:00:00,2025,3,30,3,4.69,34.88,2.13,2.34,86.77,0.0,90.0
Karnali_Center,29.267,82.183,2025033004,2025-03-30 04:00:00,2025,3,30,4,4.43,34.16,2.17,2.34,88.59,0.0,90.0
Karnali_Center,29.267,82.183,2025033005,2025-03-30 05:00:00,2025,3,30,5,4.13,33.35,2.22,2.38,81.45,16.48,87.9
Karnali_Center,29.267,82.183,2025033006,2025-03-30 06:00:00,2025,3,30,6,7.41,38.01,2.0,2.23,71.97,192.48,76.1
Karnali_Center,29.267,82.183,2025033007,2025-03-30 07:00:00,2025,3,30,7,11.87,18.31,1.18,1.05,68.12,396.67,63.19
Karnali_Center,29.267,82.183,2025033008,2025-03-30 08:00:00,2025,3,30,8,14.59,13.6,2.54,2.42,61.57,628.55,50.72
Karnali_Center,29.267,82.183,2025033009,2025-03-30 09:00:00,2025,3,30,9,15.69,12.94,3.08,2.82,71.98,792.35,39.25
Karnali_Center,29.267,82.183,2025033010,2025-03-30 10:00:00,2025,3,30,10,17.33,12.71,3.84,3.45,72.04,904.83,30.1
Karnali_Center,29.267,82.183,2025033011,2025-03-30 11:00:00,2025,3,30,11,18.43,12.83,4.77,4.29,85.64,934.88,25.96
Karnali_Center,29.267,82.183,2025033012,2025-03-30 12:00:00,2025,3,30,12,18.77,13.25,5.55,5.05,86.85,894.97,29.06
Karnali_Center,29.267,82.183,2025033013,2025-03-30 13:00:00,2025,3,30,13,18.47,13.87,5.87,5.39,66.53,793.97,37.65
Karnali_Center,29.267,82.183,2025033014,2025-03-30 14:00:00,2025,3,30,14,17.58,14.84,5.63,5.23,66.67,593.35,48.87
Karnali_Center,29.267,82.183,2025033015,2025-03-30 15:00:00,2025,3,30,15,16.16,16.3,4.96,4.66,70.89,375.58,61.24
Karnali_Center,29.267,82.183,2025033016,2025-03-30 16:00:00,2025,3,30,16,14.12,18.52,3.84,3.71,72.25,198.52,74.09
Karnali_Center,29.267,82.183,2025033017,2025-03-30 17:00:00,2025,3,30,17,10.06,35.07,1.93,2.52,79.34,24.45,86.59
Karnali_Center,29.267,82.183,2025033018,2025-03-30 18:00:00,2025,3,30,18,9.13,34.17,1.23,1.53,83.06,0.0,90.0
Karnali_Center,29.267,82.183,2025033019,2025-03-30 19:00:00,2025,3,30,19,8.98,31.62,0.68,0.8,61.93,0.0,90.0
Karnali_Center,29.267,82.183,2025033020,2025-03-30 20:00:00,2025,3,30,20,7.64,35.54,1.19,1.34,71.83,0.0,90.0
Karnali_Center,29.267,82.183,2025033021,2025-03-30 21:00:00,2025,3,30,21,6.05,38.04,1.68,1.83,81.56,0.0,90.0
Karnali_Center,29.267,82.183,2025033022,2025-03-30 22:00:00,2025,3,30,22,5.02,39.4,1.92,2.04,70.88,0.0,90.0
Karnali_Center,29.267,82.183,2025033023,2025-03-30 23:00:00,2025,3,30,23,4.11,40.99,2.09,2.19,65.22,0.0,90.0
Karnali_Center,29.267,82.183,2025033100,2025-03-31 00:00:00,2025,3,31,0,3.28,42.08,2.25,2.35,27.55,0.0,90.0
Karnali_Center,29.267,82.183,2025033101,2025-03-31 01:00:00,2025,3,31,1,2.59,42.44,2.37,2.43,31.71,0.0,90.0
Karnali_Center,29.267,82.183,2025033102,2025-03-31 02:00:00,2025,3,31,2,2.2,41.52,2.42,2.44,9.58,0.0,90.0
Karnali_Center,29.267,82.183,2025033103,2025-03-31 03:00:00,2025,3,31,3,2.01,40.11,2.42,2.43,30.3,0.0,90.0
Karnali_Center,29.267,82.183,2025033104,2025-03-31 04:00:00,2025,3,31,4,1.83,38.98,2.41,2.45,25.42,0.0,90.0
Karnali_Center,29.267,82.183,2025033105,2025-03-31 05:00:00,2025,3,31,5,1.82,39.19,2.4,2.46,20.75,23.02,87.75
Karnali_Center,29.267,82.183,2025033106,2025-03-31 06:00:00,2025,3,31,6,5.64,39.33,2.21,2.28,10.3,237.18,75.84
Karnali_Center,29.267,82.183,2025033107,2025-03-31 07:00:00,2025,3,31,7,10.42,20.37,0.97,0.59,12.15,489.88,62.93
Karnali_Center,29.267,82.183,2025033108,2025-03-31 08:00:00,2025,3,31,8,13.84,14.29,1.95,1.85,9.03,727.95,50.43
Karnali_Center,29.267,82.183,2025033109,2025-03-31 09:00:00,2025,3,31,9,15.51,13.42,3.07,2.75,12.25,894.72,38.93
Karnali_Center,29.267,82.183,2025033110,2025-03-31 10:00:00,2025,3,31,10,16.72,13.34,4.08,3.58,19.75,994.6,29.73
Karnali_Center,29.267,82.183,2025033111,2025-03-31 11:00:00,2025,3,31,11,17.45,13.54,4.98,4.42,41.83,1039.7,25.57
Karnali_Center,29.267,82.183,2025033112,2025-03-31 12:00:00,2025,3,31,12,17.66,14.03,5.69,5.13,47.64,984.22,28.75
Karnali_Center,29.267,82.183,2025033113,2025-03-31 13:00:00,2025,3,31,13,17.3,14.81,6.0,5.47,48.62,880.97,37.42
Karnali_Center,29.267,82.183,2025033114,2025-03-31 14:00:00,2025,3,31,14,16.47,15.73,5.78,5.33,48.92,712.4,48.7
Karnali_Center,29.267,82.183,2025033115,2025-03-31 15:00:00,2025,3,31,15,15.13,16.93,5.05,4.7,40.95,486.8,61.1
Karnali_Center,29.267,82.183,2025033116,2025-03-31 16:00:00,2025,3,31,16,13.24,18.69,3.9,3.72,30.08,254.23,73.96
Karnali_Center,29.267,82.183,2025033117,2025-03-31 17:00:00,2025,3,31,17,9.29,34.94,2.06,2.71,31.79,37.38,86.5
Karnali_Center,29.267,82.183,2025033118,2025-03-31 18:00:00,2025,3,31,18,7.91,33.09,1.54,1.9,25.8,0.0,90.0
Karnali_Center,29.267,82.183,2025033119,2025-03-31 19:00:00,2025,3,31,19,7.81,30.28,1.04,1.29,18.56,0.0,90.0
Karnali_Center,29.267,82.183,2025033120,2025-03-31 20:00:00,2025,3,31,20,7.24,30.01,0.87,1.03,22.34,0.0,90.0
Karnali_Center,29.267,82.183,2025033121,2025-03-31 21:00:00,2025,3,31,21,5.8,33.76,1.2,1.31,22.76,0.0,90.0
Karnali_Center,29.267,82.183,2025033122,2025-03-31 22:00:00,2025,3,31,22,4.83,35.57,1.58,1.67,24.18,0.0,90.0
Karnali_Center,29.267,82.183,2025033123,2025-03-31 23:00:00,2025,3,31,23,3.74,38.38,1.87,1.97,19.95,0.0,90.0
Karnali_Center,29.267,82.183,2025040100,2025-04-01 00:00:00,2025,4,1,0,2.77,40.77,2.11,2.2,3.61,0.0,90.0
Karnali_Center,29.267,82.183,2025040101,2025-04-01 01:00:00,2025,4,1,1,1.89,42.72,2.3,2.38,13.86,0.0,90.0
Karnali_Center,29.267,82.183,2025040102,2025-04-01 02:00:00,2025,4,1,2,1.03,44.54,2.47,2.54,2.37,0.0,90.0
Karnali_Center,29.267,82.183,2025040103,2025-04-01 03:00:00,2025,4,1,3,0.23,45.88,2.63,2.66,32.83,0.0,90.0
Karnali_Center,29.267,82.183,2025040104,2025-04-01 04:00:00,2025,4,1,4,-0.45,46.67,2.74,2.77,29.79,0.0,90.0
Karnali_Center,29.267,82.183,2025040105,2025-04-01 05:00:00,2025,4,1,5,-0.63,47.4,2.78,2.85,5.81,27.5,87.6
Karnali_Center,29.267,82.183,2025040106,2025-04-01 06:00:00,2025,4,1,6,4.06,37.78,2.93,2.71,2.39,253.75,75.59
Karnali_Center,29.267,82.183,2025040107,2025-04-01 07:00:00,2025,4,1,7,8.92,21.79,2.25,1.81,10.75,502.35,62.67
Karnali_Center,29.267,82.183,2025040108,2025-04-01 08:00:00,2025,4,1,8,12.5,15.66,0.33,0.36,9.89,735.72,50.15
Karnali_Center,29.267,82.183,2025040109,2025-04-01 09:00:00,2025,4,1,9,14.76,13.38,2.49,2.15,16.98,892.55,38.61
Karnali_Center,29.267,82.183,2025040110,2025-04-01 10:00:00,2025,4,1,10,16.18,12.78,3.81,3.25,25.36,966.72,29.36
Karnali_Center,29.267,82.183,2025040111,2025-04-01 11:00:00,2025,4,1,11,17.0,12.84,4.71,4.06,32.5,1047.4,25.19
Karnali_Center,29.267,82.183,2025040112,2025-04-01 12:00:00,2025,4,1,12,17.28,13.43,5.3,4.66,43.64,842.0,28.44
Karnali_Center,29.267,82.183,2025040113,2025-04-01 13:00:00,2025,4,1,13,16.98,14.45,5.52,4.9,51.31,851.6,37.2
Karnali_Center,29.267,82.183,2025040114,2025-04-01 14:00:00,2025,4,1,14,16.16,15.85,5.2,4.65,0.76,630.28,48.53
Karnali_Center,29.267,82.183,2025040115,2025-04-01 15:00:00,2025,4,1,15,14.89,17.6,4.5,4.03,1.28,418.2,60.96
Karnali_Center,29.267,82.183,2025040116,2025-04-01 16:00:00,2025,4,1,16,13.04,20.16,3.53,3.26,1.24,240.93,73.84
Karnali_Center,29.267,82.183,2025040117,2025-04-01 17:00:00,2025,4,1,17,9.3,35.79,1.83,2.3,1.31,35.0,86.41
Karnali_Center,29.267,82.183,2025040118,2025-04-01 18:00:00,2025,4,1,18,8.05,33.62,1.08,1.31,1.71,0.0,90.0
Karnali_Center,29.267,82.183,2025040119,2025-04-01 19:00:00,2025,4,1,19,7.85,31.16,0.06,0.08,22.46,0.0,90.0
Karnali_Center,29.267,82.183,2025040120,2025-04-01 20:00:00,2025,4,1,20,6.26,34.64,1.12,1.26,24.72,0.0,90.0
Karnali_Center,29.267,82.183,2025040121,2025-04-01 21:00:00,2025,4,1,21,5.07,38.15,1.69,1.82,24.14,0.0,90.0
Karnali_Center,29.267,82.183,2025040122,2025-04-01 22:00:00,2025,4,1,22,4.08,40.31,1.97,2.09,14.31,0.0,90.0
Karnali_Center,29.267,82.183,2025040123,2025-04-01 23:00:00,2025,4,1,23,3.25,41.67,2.14,2.24,16.18,0.0,90.0
Karnali_Center,29.267,82.183,2025040200,2025-04-02 00:00:00,2025,4,2,0,2.57,42.3,2.24,2.34,35.53,0.0,90.0
Karnali_Center,29.267,82.183,2025040201,2025-04-02 01:00:00,2025,4,2,1,1.91,42.84,2.34,2.44,52.07,0.0,90.0
Karnali_Center,29.267,82.183,2025040202,2025-04-02 02:00:00,2025,4,2,2,1.22,43.44,2.46,2.53,75.69,0.0,90.0
Karnali_Center,29.267,82.183,2025040203,2025-04-02 03:00:00,2025,4,2,3,0.51,43.91,2.59,2.66,92.42,0.0,90.0
Karnali_Center,29.267,82.183,2025040204,2025-04-02 04:00:00,2025,4,2,4,-0.08,43.6,2.68,2.72,93.03,0.0,90.0
Karnali_Center,29.267,82.183,2025040205,2025-04-02 05:00:00,2025,4,2,5,-0.13,43.61,2.68,2.75,70.98,21.48,87.45
Karnali_Center,29.267,82.183,2025040206,2025-04-02 06:00:00,2025,4,2,6,4.41,37.31,2.59,2.44,47.83,231.12,75.34
Karnali_Center,29.267,82.183,2025040207,2025-04-02 07:00:00,2025,4,2,7,9.51,18.91,1.83,1.76,33.26,439.08,62.41
Karnali_Center,29.267,82.183,2025040208,2025-04-02 08:00:00,2025,4,2,8,12.83,14.16,1.96,2.02,11.86,733.25,49.87
Karnali_Center,29.267,82.183,2025040209,2025-04-02 09:00:00,2025,4,2,9,15.0,12.71,3.16,2.87,17.46,879.7,38.29
Karnali_Center,29.267,82.183,2025040210,2025-04-02 10:00:00,2025,4,2,10,16.42,12.54,4.13,3.63,32.58,877.5,29.0
Karnali_Center,29.267,82.183,2025040211,2025-04-02 11:00:00,2025,4,2,11,17.27,12.76,4.78,4.18,48.32,889.88,24.81
Karnali_Center,29.267,82.183,2025040212,2025-04-02 12:00:00,2025,4,2,12,17.56,13.21,5.13,4.52,61.97,866.95,28.13
Karnali_Center,29.267,82.183,2025040213,2025-04-02 13:00:00,2025,4,2,13,17.36,13.78,5.2,4.6,3.13,754.2,36.98
Karnali_Center,29.267,82.183,2025040214,2025-04-02 14:00:00,2025,4,2,14,16.56,14.73,4.99,4.44,6.73,579.4,48.37
Karnali_Center,29.267,82.183,2025040215,2025-04-02 15:00:00,2025,4,2,15,15.21,16.26,4.41,3.97,6.64,386.98,60.82
Karnali_Center,29.267,82.183,2025040216,2025-04-02 16:00:00,2025,4,2,16,13.31,18.47,3.61,3.35,5.53,235.8,73.71
Karnali_Center,29.267,82.183,2025040217,2025-04-02 17:00:00,2025,4,2,17,9.43,34.76,1.91,2.44,3.51,34.88,86.32
Karnali_Center,29.267,82.183,2025040218,2025-04-02 18:00:00,2025,4,2,18,7.92,33.13,1.32,1.63,3.87,0.0,90.0
Karnali_Center,29.267,82.183,2025040219,2025-04-02 19:00:00,2025,4,2,19,7.88,29.66,0.55,0.7,2.92,0.0,90.0
Karnali_Center,29.267,82.183,2025040220,2025-04-02 20:00:00,2025,4,2,20,6.73,31.87,0.77,0.83,31.74,0.0,90.0
Karnali_Center,29.267,82.183,2025040221,2025-04-02 21:00:00,2025,4,2,21,5.11,36.05,1.62,1.75,4.54,0.0,90.0
Karnali_Center,29.267,82.183,2025040222,2025-04-02 22:00:00,2025,4,2,22,3.86,39.05,2.04,2.15,5.91,0.0,90.0
Karnali_Center,29.267,82.183,2025040223,2025-04-02 23:00:00,2025,4,2,23,2.78,41.35,2.31,2.39,5.25,0.0,90.0
Karnali_Center,29.267,82.183,2025040300,2025-04-03 00:00:00,2025,4,3,0,1.91,42.65,2.47,2.52,20.07,0.0,90.0
Karnali_Center,29.267,82.183,2025040301,2025-04-03 01:00:00,2025,4,3,1,1.15,43.27,2.59,2.63,4.59,0.0,90.0
Karnali_Center,29.267,82.183,2025040302,2025-04-03 02:00:00,2025,4,3,2,0.4,43.81,2.74,2.78,61.46,0.0,90.0
Karnali_Center,29.267,82.183,2025040303,2025-04-03 03:00:00,2025,4,3,3,-0.26,43.95,2.86,2.92,21.73,0.0,90.0
Karnali_Center,29.267,82.183,2025040304,2025-04-03 04:00:00,2025,4,3,4,-0.73,43.69,2.9,2.96,27.22,0.0,90.0
Karnali_Center,29.267,82.183,2025040305,2025-04-03 05:00:00,2025,4,3,5,-0.59,43.41,2.85,2.95,21.22,28.83,87.29
Karnali_Center,29.267,82.183,2025040306,2025-04-03 06:00:00,2025,4,3,6,4.5,34.69,2.83,2.67,12.88,248.02,75.08
Karnali_Center,29.267,82.183,2025040307,2025-04-03 07:00:00,2025,4,3,7,9.8,18.68,1.81,1.41,21.29,481.23,62.15
Karnali_Center,29.267,82.183,2025040308,2025-04-03 08:00:00,2025,4,3,8,12.91,15.05,1.11,1.05,3.14,753.45,49.59
Karnali_Center,29.267,82.183,2025040309,2025-04-03 09:00:00,2025,4,3,9,14.78,13.68,2.83,2.37,3.87,926.78,37.97
Karnali_Center,29.267,82.183,2025040310,2025-04-03 10:00:00,2025,4,3,10,16.03,13.26,3.95,3.35,13.59,1013.33,28.63
Karnali_Center,29.267,82.183,2025040311,2025-04-03 11:00:00,2025,4,3,11,16.73,13.46,4.65,4.0,61.63,866.0,24.43
Karnali_Center,29.267,82.183,2025040312,2025-04-03 12:00:00,2025,4,3,12,16.93,14.0,5.08,4.43,67.77,824.1,27.83
Karnali_Center,29.267,82.183,2025040313,2025-04-03 13:00:00,2025,4,3,13,16.63,14.8,5.22,4.61,15.51,719.17,36.76
Karnali_Center,29.267,82.183,2025040314,2025-04-03 14:00:00,2025,4,3,14,15.83,15.89,5.02,4.49,13.51,547.65,48.21
Karnali_Center,29.267,82.183,2025040315,2025-04-03 15:00:00,2025,4,3,15,14.6,17.2,4.5,4.09,17.95,359.6,60.69
Karnali_Center,29.267,82.183,2025040316,2025-04-03 16:00:00,2025,4,3,16,12.83,19.38,3.71,3.5,20.26,218.75,73.59
Karnali_Center,29.267,82.183,2025040317,2025-04-03 17:00:00,2025,4,3,17,9.05,35.68,2.07,2.72,17.23,30.52,86.22
Karnali_Center,29.267,82.183,2025040318,2025-04-03 18:00:00,2025,4,3,18,7.5,35.11,1.68,2.08,42.42,0.0,90.0
Karnali_Center,29.267,82.183,2025040319,2025-04-03 19:00:00,2025,4,3,19,7.15,33.25,1.22,1.54,31.07,0.0,90.0
Karnali_Center,29.267,82.183,2025040320,2025-04-03 20:00:00,2025,4,3,20,7.11,30.94,0.8,1.02,7.77,0.0,90.0
Karnali_Center,29.267,82.183,2025040321,2025-04-03 21:00:00,2025,4,3,21,6.74,30.56,0.26,0.37,15.49,0.0,90.0
Karnali_Center,29.267,82.183,2025040322,2025-04-03 22:00:00,2025,4,3,22,5.85,32.61,0.66,0.66,6.21,0.0,90.0
Karnali_Center,29.267,82.183,2025040323,2025-04-03 23:00:00,2025,4,3,23,4.52,36.03,1.2,1.3,17.21,0.0,90.0
Karnali_Center,29.267,82.183,2025040400,2025-04-04 00:00:00,2025,4,4,0,3.72,37.8,1.47,1.58,15.23,0.0,90.0
Karnali_Center,29.267,82.183,2025040401,2025-04-04 01:00:00,2025,4,4,1,3.07,39.1,1.66,1.75,5.54,0.0,90.0
Karnali_Center,29.267,82.183,2025040402,2025-04-04 02:00:00,2025,4,4,2,2.32,40.74,1.86,1.96,41.2,0.0,90.0
Karnali_Center,29.267,82.183,2025040403,2025-04-04 03:00:00,2025,4,4,3,1.74,41.79,2.01,2.11,21.58,0.0,90.0
Karnali_Center,29.267,82.183,2025040404,2025-04-04 04:00:00,2025,4,4,4,1.3,42.28,2.08,2.19,21.07,0.0,90.0
Karnali_Center,29.267,82.183,2025040405,2025-04-04 05:00:00,2025,4,4,5,1.25,43.32,2.11,2.26,29.89,25.58,87.12
Karnali_Center,29.267,82.183,2025040406,2025-04-04 06:00:00,2025,4,4,6,4.89,40.58,1.95,1.86,39.71,207.35,74.84
Karnali_Center,29.267,82.183,2025040407,2025-04-04 07:00:00,2025,4,4,7,9.28,27.07,0.56,1.02,52.33,307.12,61.89
Karnali_Center,29.267,82.183,2025040408,2025-04-04 08:00:00,2025,4,4,8,11.84,24.25,2.51,2.3,51.45,535.5,49.31
Karnali_Center,29.267,82.183,2025040409,2025-04-04 09:00:00,2025,4,4,9,13.29,22.95,3.05,2.64,63.51,688.75,37.66
Karnali_Center,29.267,82.183,2025040410,2025-04-04 10:00:00,2025,4,4,10,14.38,22.22,3.59,3.06,3.48,735.12,28.27
Karnali_Center,29.267,82.183,2025040411,2025-04-04 11:00:00,2025,4,4,11,15.0,21.94,4.08,3.52,24.46,679.75,24.05
Karnali_Center,29.267,82.183,2025040412,2025-04-04 12:00:00,2025,4,4,12,15.19,22.25,4.4,3.87,61.82,660.12,27.53
Karnali_Center,29.267,82.183,2025040413,2025-04-04 13:00:00,2025,4,4,13,14.92,23.3,4.54,4.09,38.47,529.97,36.55
Karnali_Center,29.267,82.183,2025040414,2025-04-04 14:00:00,2025,4,4,14,13.97,25.77,4.45,4.13,34.95,394.75,48.04
Karnali_Center,29.267,82.183,2025040415,2025-04-04 15:00:00,2025,4,4,15,12.87,28.45,4.0,3.82,33.8,252.88,60.55
Karnali_Center,29.267,82.183,2025040416,2025-04-04 16:00:00,2025,4,4,16,11.55,31.38,3.31,3.31,22.69,151.07,73.46
Karnali_Center,29.267,82.183,2025040417,2025-04-04 17:00:00,2025,4,4,17,9.17,45.24,1.8,2.53,21.44,21.9,86.13
Karnali_Center,29.267,82.183,2025040418,2025-04-04 18:00:00,2025,4,4,18,7.82,47.55,1.38,1.85,14.37,0.0,90.0
Karnali_Center,29.267,82.183,2025040419,2025-04-04 19:00:00,2025,4,4,19,7.3,43.88,1.0,1.33,11.02,0.0,90.0
Karnali_Center,29.267,82.183,2025040420,2025-04-04 20:00:00,2025,4,4,20,6.71,43.48,0.75,0.97,7.39,0.0,90.0
Karnali_Center,29.267,82.183,2025040421,2025-04-04 21:00:00,2025,4,4,21,5.65,46.65,1.17,1.39,29.53,0.0,90.0
Karnali_Center,29.267,82.183,2025040422,2025-04-04 22:00:00,2025,4,4,22,4.47,50.5,1.67,1.86,8.07,0.0,90.0
Karnali_Center,29.267,82.183,2025040423,2025-04-04 23:00:00,2025,4,4,23,3.46,53.6,1.95,2.09,13.55,0.0,90.0
Karnali_Center,29.267,82.183,2025040500,2025-04-05 00:00:00,2025,4,5,0,2.62,56.23,2.14,2.25,5.45,0.0,90.0
Karnali_Center,29.267,82.183,2025040501,2025-04-05 01:00:00,2025,4,5,1,1.91,58.14,2.27,2.37,14.52,0.0,90.0
Karnali_Center,29.267,82.183,2025040502,2025-04-05 02:00:00,2025,4,5,2,1.27,59.47,2.39,2.51,9.39,0.0,90.0
Karnali_Center,29.267,82.183,2025040503,2025-04-05 03:00:00,2025,4,5,3,0.66,60.33,2.53,2.66,20.62,0.0,90.0
Karnali_Center,29.267,82.183,2025040504,2025-04-05 04:00:00,2025,4,5,4,0.14,60.06,2.65,2.79,23.25,0.0,90.0
Karnali_Center,29.267,82.183,2025040505,2025-04-05 05:00:00,2025,4,5,5,0.25,58.14,2.69,2.92,18.32,25.5,86.96
Karnali_Center,29.267,82.183,2025040506,2025-04-05 06:00:00,2025,4,5,6,5.14,42.02,3.1,2.79,9.65,237.75,74.59
Karnali_Center,29.267,82.183,2025040507,2025-04-05 07:00:00,2025,4,5,7,10.4,27.26,2.12,2.0,20.4,462.2,61.64
Karnali_Center,29.267,82.183,2025040508,2025-04-05 08:00:00,2025,4,5,8,13.79,21.58,0.93,0.94,5.0,730.08,49.04
Karnali_Center,29.267,82.183,2025040509,2025-04-05 09:00:00,2025,4,5,9,15.67,19.25,1.75,1.06,6.67,898.2,37.35
Karnali_Center,29.267,82.183,2025040510,2025-04-05 10:00:00,2025,4,5,10,17.1,18.1,2.95,2.08,43.26,846.53,27.91
Karnali_Center,29.267,82.183,2025040511,2025-04-05 11:00:00,2025,4,5,11,18.07,17.74,4.2,3.26,63.04,813.88,23.67
Karnali_Center,29.267,82.183,2025040512,2025-04-05 12:00:00,2025,4,5,12,18.4,18.39,5.24,4.27,65.99,813.1,27.23
Karnali_Center,29.267,82.183,2025040513,2025-04-05 13:00:00,2025,4,5,13,18.06,19.89,5.96,5.04,70.38,694.15,36.34
Karnali_Center,29.267,82.183,2025040514,2025-04-05 14:00:00,2025,4,5,14,16.96,22.26,6.15,5.37,76.59,525.83,47.89
Karnali_Center,29.267,82.183,2025040515,2025-04-05 15:00:00,2025,4,5,15,15.29,25.63,5.66,5.11,67.72,341.17,60.42
Karnali_Center,29.267,82.183,2025040516,2025-04-05 16:00:00,2025,4,5,16,13.34,29.85,4.35,4.05,52.41,205.6,73.34
Karnali_Center,29.267,82.183,2025040517,2025-04-05 17:00:00,2025,4,5,17,10.19,44.01,2.05,2.67,49.21,27.38,86.03
Karnali_Center,29.267,82.183,2025040518,2025-04-05 18:00:00,2025,4,5,18,8.44,47.58,1.38,1.69,42.21,0.0,90.0
Karnali_Center,29.267,82.183,2025040519,2025-04-05 19:00:00,2025,4,5,19,7.76,47.02,0.97,1.22,42.92,0.0,90.0
Karnali_Center,29.267,82.183,2025040520,2025-04-05 20:00:00,2025,4,5,20,6.82,49.0,1.3,1.54,44.65,0.0,90.0
Karnali_Center,29.267,82.183,2025040521,2025-04-05 21:00:00,2025,4,5,21,5.72,51.45,1.74,1.95,48.64,0.0,90.0
Karnali_Center,29.267,82.183,2025040522,2025-04-05 22:00:00,2025,4,5,22,4.84,53.06,1.99,2.14,18.2,0.0,90.0
Karnali_Center,29.267,82.183,2025040523,2025-04-05 23:00:00,2025,4,5,23,4.14,53.59,2.14,2.25,20.71,0.0,90.0
Karnali_Center,29.267,82.183,2025040600,2025-04-06 00:00:00,2025,4,6,0,3.57,53.14,2.24,2.33,3.16,0.0,90.0
Karnali_Center,29.267,82.183,2025040601,2025-04-06 01:00:00,2025,4,6,1,2.97,52.23,2.38,2.48,10.96,0.0,90.0
Karnali_Center,29.267,82.183,2025040602,2025-04-06 02:00:00,2025,4,6,2,2.37,50.99,2.52,2.61,2.72,0.0,90.0
Karnali_Center,29.267,82.183,2025040603,2025-04-06 03:00:00,2025,4,6,3,1.9,48.29,2.64,2.71,22.63,0.0,90.0
Karnali_Center,29.267,82.183,2025040604,2025-04-06 04:00:00,2025,4,6,4,1.57,44.74,2.72,2.79,22.47,0.0,90.0
Karnali_Center,29.267,82.183,2025040605,2025-04-06 05:00:00,2025,4,6,5,1.78,41.94,2.73,2.85,16.5,27.35,86.79
Karnali_Center,29.267,82.183,2025040606,2025-04-06 06:00:00,2025,4,6,6,6.76,32.52,2.77,2.75,12.43,229.1,74.34
Karnali_Center,29.267,82.183,2025040607,2025-04-06 07:00:00,2025,4,6,7,12.01,18.33,1.98,1.76,14.71,471.7,61.39
Karnali_Center,29.267,82.183,2025040608,2025-04-06 08:00:00,2025,4,6,8,15.91,16.67,1.04,0.86,2.53,719.03,48.77
Karnali_Center,29.267,82.183,2025040609,2025-04-06 09:00:00,2025,4,6,9,17.96,15.87,2.45,1.76,2.58,895.85,37.04
Karnali_Center,29.267,82.183,2025040610,2025-04-06 10:00:00,2025,4,6,10,19.29,16.14,3.84,2.96,7.93,1007.55,27.55
Karnali_Center,29.267,82.183,2025040611,2025-04-06 11:00:00,2025,4,6,11,19.93,17.49,4.9,3.93,42.07,972.38,23.3
Karnali_Center,29.267,82.183,2025040612,2025-04-06 12:00:00,2025,4,6,12,19.94,19.34,5.6,4.64,59.18,789.95,26.93
Karnali_Center,29.267,82.183,2025040613,2025-04-06 13:00:00,2025,4,6,13,19.36,21.48,5.89,4.98,71.47,630.95,36.13
Karnali_Center,29.267,82.183,2025040614,2025-04-06 14:00:00,2025,4,6,14,18.24,23.86,5.52,4.74,79.92,460.12,47.73
Karnali_Center,29.267,82.183,2025040615,2025-04-06 15:00:00,2025,4,6,15,16.72,26.69,4.63,4.06,86.49,254.7,60.29
Karnali_Center,29.267,82.183,2025040616,2025-04-06 16:00:00,2025,4,6,16,14.93,30.15,3.47,3.2,88.54,173.0,73.22
Karnali_Center,29.267,82.183,2025040617,2025-04-06 17:00:00,2025,4,6,17,11.97,43.69,1.68,2.15,94.85,22.38,85.94
Karnali_Center,29.267,82.183,2025040618,2025-04-06 18:00:00,2025,4,6,18,10.78,43.39,0.98,1.21,99.25,0.0,90.0
Karnali_Center,29.267,82.183,2025040619,2025-04-06 19:00:00,2025,4,6,19,10.36,43.09,0.57,0.68,98.69,0.0,90.0
Karnali_Center,29.267,82.183,2025040620,2025-04-06 20:00:00,2025,4,6,20,8.86,46.76,1.1,1.27,89.66,0.0,90.0
Karnali_Center,29.267,82.183,2025040621,2025-04-06 21:00:00,2025,4,6,21,8.27,48.25,1.38,1.52,54.27,0.0,90.0
Karnali_Center,29.267,82.183,2025040622,2025-04-06 22:00:00,2025,4,6,22,7.62,49.88,1.5,1.62,55.49,0.0,90.0
Karnali_Center,29.267,82.183,2025040623,2025-04-06 23:00:00,2025,4,6,23,6.84,50.97,1.59,1.68,50.38,0.0,90.0
Karnali_Center,29.267,82.183,2025040700,2025-04-07 00:00:00,2025,4,7,0,6.23,51.93,1.61,1.71,45.74,0.0,90.0
Karnali_Center,29.267,82.183,2025040701,2025-04-07 01:00:00,2025,4,7,1,5.68,52.93,1.66,1.76,26.27,0.0,90.0
Karnali_Center,29.267,82.183,2025040702,2025-04-07 02:00:00,2025,4,7,2,5.08,54.0,1.77,1.88,30.3,0.0,90.0
Karnali_Center,29.267,82.183,2025040703,2025-04-07 03:00:00,2025,4,7,3,4.45,55.47,1.93,2.05,21.87,0.0,90.0
Karnali_Center,29.267,82.183,2025040704,2025-04-07 04:00:00,2025,4,7,4,3.99,56.17,2.03,2.14,17.38,0.0,90.0
Karnali_Center,29.267,82.183,2025040705,2025-04-07 05:00:00,2025,4,7,5,4.05,55.41,2.07,2.2,13.22,27.73,86.61
Karnali_Center,29.267,82.183,2025040706,2025-04-07 06:00:00,2025,4,7,6,7.94,46.91,2.05,2.05,3.92,237.68,74.1
Karnali_Center,29.267,82.183,2025040707,2025-04-07 07:00:00,2025,4,7,7,12.56,31.99,0.75,0.75,4.83,477.3,61.14
Karnali_Center,29.267,82.183,2025040708,2025-04-07 08:00:00,2025,4,7,8,15.73,25.67,2.07,1.47,0.64,722.47,48.5
Karnali_Center,29.267,82.183,2025040709,2025-04-07 09:00:00,2025,4,7,9,17.8,22.56,3.65,2.7,2.6,895.4,36.74
Karnali_Center,29.267,82.183,2025040710,2025-04-07 10:00:00,2025,4,7,10,19.13,21.21,4.91,3.77,4.23,1019.58,27.19
Karnali_Center,29.267,82.183,2025040711,2025-04-07 11:00:00,2025,4,7,11,19.73,21.17,5.96,4.8,20.6,994.92,22.92
Karnali_Center,29.267,82.183,2025040712,2025-04-07 12:00:00,2025,4,7,12,19.64,22.14,6.55,5.42,51.21,765.35,26.64
Karnali_Center,29.267,82.183,2025040713,2025-04-07 13:00:00,2025,4,7,13,19.13,23.57,6.5,5.45,62.36,727.22,35.92
Karnali_Center,29.267,82.183,2025040714,2025-04-07 14:00:00,2025,4,7,14,18.13,25.58,5.91,5.01,66.7,509.62,47.58
Karnali_Center,29.267,82.183,2025040715,2025-04-07 15:00:00,2025,4,7,15,16.66,28.69,4.85,4.2,69.17,365.92,60.16
Karnali_Center,29.267,82.183,2025040716,2025-04-07 16:00:00,2025,4,7,16,14.77,32.81,3.53,3.19,70.8,193.07,73.1
Karnali_Center,29.267,82.183,2025040717,2025-04-07 17:00:00,2025,4,7,17,11.78,47.11,1.75,2.2,83.11,24.05,85.84
Karnali_Center,29.267,82.183,2025040718,2025-04-07 18:00:00,2025,4,7,18,10.5,47.33,1.15,1.43,88.96,0.0,90.0
Karnali_Center,29.267,82.183,2025040719,2025-04-07 19:00:00,2025,4,7,19,10.32,46.09,0.52,0.7,84.36,0.0,90.0
Karnali_Center,29.267,82.183,2025040720,2025-04-07 20:00:00,2025,4,7,20,9.2,49.51,0.73,0.93,74.81,0.0,90.0
Karnali_Center,29.267,82.183,2025040721,2025-04-07 21:00:00,2025,4,7,21,8.18,51.76,1.14,1.33,65.01,0.0,90.0
Karnali_Center,29.267,82.183,2025040722,2025-04-07 22:00:00,2025,4,7,22,7.36,53.59,1.32,1.49,7.52,0.0,90.0
Karnali_Center,29.267,82.183,2025040723,2025-04-07 23:00:00,2025,4,7,23,6.65,55.53,1.46,1.62,61.27,0.0,90.0
Karnali_Center,29.267,82.183,2025040800,2025-04-08 00:00:00,2025,4,8,0,5.99,57.36,1.6,1.76,11.53,0.0,90.0
Karnali_Center,29.267,82.183,2025040801,2025-04-08 01:00:00,2025,4,8,1,5.42,59.02,1.72,1.86,58.76,0.0,90.0
Karnali_Center,29.267,82.183,2025040802,2025-04-08 02:00:00,2025,4,8,2,5.06,59.99,1.76,1.91,39.79,0.0,90.0
Karnali_Center,29.267,82.183,2025040803,2025-04-08 03:00:00,2025,4,8,3,4.78,60.52,1.8,1.94,27.25,0.0,90.0
Karnali_Center,29.267,82.183,2025040804,2025-04-08 04:00:00,2025,4,8,4,4.55,60.86,1.83,1.97,26.66,0.0,90.0
Karnali_Center,29.267,82.183,2025040805,2025-04-08 05:00:00,2025,4,8,5,4.65,60.08,1.82,1.98,20.5,21.3,86.43
Karnali_Center,29.267,82.183,2025040806,2025-04-08 06:00:00,2025,4,8,6,7.59,53.63,1.64,1.7,12.82,162.07,73.86
Karnali_Center,29.267,82.183,2025040807,2025-04-08 07:00:00,2025,4,8,7,11.27,41.72,0.52,0.65,20.28,325.4,60.89
Karnali_Center,29.267,82.183,2025040808,2025-04-08 08:00:00,2025,4,8,8,14.26,36.87,2.02,1.44,44.59,525.0,48.24
Karnali_Center,29.267,82.183,2025040809,2025-04-08 09:00:00,2025,4,8,9,16.1,34.08,3.23,2.33,17.15,788.97,36.44
Karnali_Center,29.267,82.183,2025040810,2025-04-08 10:00:00,2025,4,8,10,17.34,32.65,4.18,3.08,59.86,696.72,26.84
Karnali_Center,29.267,82.183,2025040811,2025-04-08 11:00:00,2025,4,8,11,18.08,32.25,4.76,3.59,89.73,695.67,22.55
Karnali_Center,29.267,82.183,2025040812,2025-04-08 12:00:00,2025,4,8,12,18.26,33.19,4.99,3.84,77.98,652.88,26.35
Karnali_Center,29.267,82.183,2025040813,2025-04-08 13:00:00,2025,4,8,13,17.88,35.26,4.82,3.75,90.2,574.12,35.72
Karnali_Center,29.267,82.183,2025040814,2025-04-08 14:00:00,2025,4,8,14,16.98,38.13,4.5,3.58,85.59,403.17,47.42
Karnali_Center,29.267,82.183,2025040815,2025-04-08 15:00:00,2025,4,8,15,15.81,41.91,4.18,3.45,87.8,338.27,60.03
Karnali_Center,29.267,82.183,2025040816,2025-04-08 16:00:00,2025,4,8,16,14.24,47.59,3.6,3.17,91.66,156.05,72.98
Karnali_Center,29.267,82.183,2025040817,2025-04-08 17:00:00,2025,4,8,17,11.93,58.6,2.09,2.53,97.11,21.62,85.74
Karnali_Center,29.267,82.183,2025040818,2025-04-08 18:00:00,2025,4,8,18,9.97,66.25,1.46,1.86,99.25,0.0,90.0
Karnali_Center,29.267,82.183,2025040819,2025-04-08 19:00:00,2025,4,8,19,9.66,67.11,0.88,1.1,99.12,0.0,90.0
Karnali_Center,29.267,82.183,2025040820,2025-04-08 20:00:00,2025,4,8,20,9.35,68.65,0.4,0.48,98.75,0.0,90.0
Karnali_Center,29.267,82.183,2025040821,2025-04-08 21:00:00,2025,4,8,21,8.3,73.38,0.87,0.99,99.68,0.0,90.0
Karnali_Center,29.267,82.183,2025040822,2025-04-08 22:00:00,2025,4,8,22,7.38,77.53,1.36,1.54,99.81,0.0,90.0
Karnali_Center,29.267,82.183,2025040823,2025-04-08 23:00:00,2025,4,8,23,6.54,80.9,1.65,1.84,96.07,0.0,90.0
Karnali_Center,29.267,82.183,2025040900,2025-04-09 00:00:00,2025,4,9,0,5.81,83.04,1.82,2.01,94.78,0.0,90.0
Karnali_Center,29.267,82.183,2025040901,2025-04-09 01:00:00,2025,4,9,1,5.24,83.74,1.92,2.1,92.41,0.0,90.0
Karnali_Center,29.267,82.183,2025040902,2025-04-09 02:00:00,2025,4,9,2,4.96,82.31,1.88,2.06,95.3,0.0,90.0
Karnali_Center,29.267,82.183,2025040903,2025-04-09 03:00:00,2025,4,9,3,4.86,79.95,1.83,1.99,86.3,0.0,90.0
Karnali_Center,29.267,82.183,2025040904,2025-04-09 04:00:00,2025,4,9,4,4.9,77.22,1.76,1.9,85.82,0.0,90.0
Karnali_Center,29.267,82.183,2025040905,2025-04-09 05:00:00,2025,4,9,5,5.36,72.88,1.61,1.76,76.66,23.05,86.25
Karnali_Center,29.267,82.183,2025040906,2025-04-09 06:00:00,2025,4,9,6,8.31,61.97,1.26,1.28,69.38,163.35,73.62
Karnali_Center,29.267,82.183,2025040907,2025-04-09 07:00:00,2025,4,9,7,11.85,51.91,0.83,0.66,63.42,320.15,60.65
Karnali_Center,29.267,82.183,2025040908,2025-04-09 08:00:00,2025,4,9,8,14.29,43.75,2.09,1.38,57.49,466.05,47.98
Karnali_Center,29.267,82.183,2025040909,2025-04-09 09:00:00,2025,4,9,9,16.25,38.48,3.09,2.14,14.89,860.97,36.15
Karnali_Center,29.267,82.183,2025040910,2025-04-09 10:00:00,2025,4,9,10,17.83,35.29,4.1,3.01,89.61,535.05,26.49
Karnali_Center,29.267,82.183,2025040911,2025-04-09 11:00:00,2025,4,9,11,18.63,34.66,4.92,3.81,90.99,870.55,22.19
Karnali_Center,29.267,82.183,2025040912,2025-04-09 12:00:00,2025,4,9,12,18.62,36.37,5.2,4.19,84.18,542.78,26.07
Karnali_Center,29.267,82.183,2025040913,2025-04-09 13:00:00,2025,4,9,13,17.87,39.83,4.95,4.11,92.04,553.38,35.52
Karnali_Center,29.267,82.183,2025040914,2025-04-09 14:00:00,2025,4,9,14,16.51,44.62,4.58,3.89,84.23,443.23,47.27
Karnali_Center,29.267,82.183,2025040915,2025-04-09 15:00:00,2025,4,9,15,14.75,50.7,3.94,3.44,82.69,250.27,59.91
Karnali_Center,29.267,82.183,2025040916,2025-04-09 16:00:00,2025,4,9,16,13.11,57.17,3.09,2.78,82.39,112.9,72.86
Karnali_Center,29.267,82.183,2025040917,2025-04-09 17:00:00,2025,4,9,17,11.57,65.48,1.92,1.98,99.71,8.05,85.64
Karnali_Center,29.267,82.183,2025040918,2025-04-09 18:00:00,2025,4,9,18,10.4,73.98,1.05,1.38,100.0,0.0,90.0
Karnali_Center,29.267,82.183,2025040919,2025-04-09 19:00:00,2025,4,9,19,9.81,76.23,0.81,0.98,100.0,0.0,90.0
Karnali_Center,29.267,82.183,2025040920,2025-04-09 20:00:00,2025,4,9,20,9.2,78.54,0.62,0.81,100.0,0.0,90.0
Karnali_Center,29.267,82.183,2025040921,2025-04-09 21:00:00,2025,4,9,21,8.55,80.82,0.59,0.78,100.0,0.0,90.0
Karnali_Center,29.267,82.183,2025040922,2025-04-09 22:00:00,2025,4,9,22,7.93,83.3,0.55,0.71,100.0,0.0,90.0
Karnali_Center,29.267,82.183,2025040923,2025-04-09 23:00:00,2025,4,9,23,7.25,86.1,0.66,0.81,100.0,0.0,90.0
Karnali_Center,29.267,82.183,2025041000,2025-04-10 00:00:00,2025,4,10,0,6.65,88.47,0.96,1.14,100.0,0.0,90.0
Karnali_Center,29.267,82.183,2025041001,2025-04-10 01:00:00,2025,4,10,1,5.9,91.84,1.24,1.48,100.0,0.0,90.0
Karnali_Center,29.267,82.183,2025041002,2025-04-10 02:00:00,2025,4,10,2,5.3,93.74,1.45,1.72,100.0,0.0,90.0
Karnali_Center,29.267,82.183,2025041003,2025-04-10 03:00:00,2025,4,10,3,5.34,93.82,1.2,1.63,100.0,0.0,90.0
Karnali_Center,29.267,82.183,2025041004,2025-04-10 04:00:00,2025,4,10,4,4.86,95.2,1.04,1.5,99.64,0.0,90.0
Karnali_Center,29.267,82.183,2025041005,2025-04-10 05:00:00,2025,4,10,5,4.04,94.0,1.75,1.97,97.39,17.02,86.07
Karnali_Center,29.267,82.183,2025041006,2025-04-10 06:00:00,2025,4,10,6,4.34,89.03,2.24,2.29,97.14,102.97,73.39
Karnali_Center,29.267,82.183,2025041007,2025-04-10 07:00:00,2025,4,10,7,6.23,78.9,1.8,1.89,96.14,220.82,60.41
Karnali_Center,29.267,82.183,2025041008,2025-04-10 08:00:00,2025,4,10,8,8.53,70.3,1.23,0.96,99.22,320.7,47.72
Karnali_Center,29.267,82.183,2025041009,2025-04-10 09:00:00,2025,4,10,9,9.98,65.22,2.26,1.71,96.58,438.5,35.85
Karnali_Center,29.267,82.183,2025041010,2025-04-10 10:00:00,2025,4,10,10,11.57,59.95,3.03,2.31,97.86,483.2,26.14
Karnali_Center,29.267,82.183,2025041011,2025-04-10 11:00:00,2025,4,10,11,12.95,56.22,3.62,2.79,98.14,470.45,21.82
Karnali_Center,29.267,82.183,2025041012,2025-04-10 12:00:00,2025,4,10,12,13.62,55.88,4.12,3.27,62.78,570.3,25.78
Karnali_Center,29.267,82.183,2025041013,2025-04-10 13:00:00,2025,4,10,13,13.4,58.64,4.24,3.44,99.59,462.67,35.33
Karnali_Center,29.267,82.183,2025041014,2025-04-10 14:00:00,2025,4,10,14,12.52,63.74,4.14,3.47,99.66,370.58,47.13
Karnali_Center,29.267,82.183,2025041015,2025-04-10 15:00:00,2025,4,10,15,11.27,71.09,3.94,3.45,94.6,246.2,59.78
Karnali_Center,29.267,82.183,2025041016,2025-04-10 16:00:00,2025,4,10,16,9.68,81.37,3.28,3.0,91.64,118.97,72.74
Karnali_Center,29.267,82.183,2025041017,2025-04-10 17:00:00,2025,4,10,17,8.45,91.56,2.15,2.21,88.79,22.3,85.54
Karnali_Center,29.267,82.183,2025041018,2025-04-10 18:00:00,2025,4,10,18,7.89,96.77,1.65,2.04,87.04,0.0,90.0
Karnali_Center,29.267,82.183,2025041019,2025-04-10 19:00:00,2025,4,10,19,7.64,97.93,1.65,2.12,99.62,0.0,90.0
Karnali_Center,29.267,82.183,2025041020,2025-04-10 20:00:00,2025,4,10,20,7.36,98.61,1.81,2.28,99.46,0.0,90.0
Karnali_Center,29.267,82.183,2025041021,2025-04-10 21:00:00,2025,4,10,21,7.04,98.96,1.98,2.68,94.83,0.0,90.0
Karnali_Center,29.267,82.183,2025041022,2025-04-10 22:00:00,2025,4,10,22,6.57,99.86,1.85,2.72,91.82,0.0,90.0
Karnali_Center,29.267,82.183,2025041023,2025-04-10 23:00:00,2025,4,10,23,6.33,99.57,1.82,2.65,91.69,0.0,90.0
Karnali_Center,29.267,82.183,2025041100,2025-04-11 00:00:00,2025,4,11,0,6.24,98.83,1.5,2.33,89.22,0.0,90.0
Karnali_Center,29.267,82.183,2025041101,2025-04-11 01:00:00,2025,4,11,1,6.25,97.99,1.11,1.84,99.72,0.0,90.0
Karnali_Center,29.267,82.183,2025041102,2025-04-11 02:00:00,2025,4,11,2,6.12,97.61,0.9,1.55,100.0,0.0,90.0
Karnali_Center,29.267,82.183,2025041103,2025-04-11 03:00:00,2025,4,11,3,5.76,98.18,0.85,1.38,99.25,0.0,90.0
Karnali_Center,29.267,82.183,2025041104,2025-04-11 04:00:00,2025,4,11,4,5.23,99.3,0.92,1.28,99.17,0.0,90.0
Karnali_Center,29.267,82.183,2025041105,2025-04-11 05:00:00,2025,4,11,5,5.02,98.58,1.04,1.38,99.0,19.6,85.88
Karnali_Center,29.267,82.183,2025041106,2025-04-11 06:00:00,2025,4,11,6,6.91,88.38,1.16,1.14,99.6,105.22,73.15
Karnali_Center,29.267,82.183,2025041107,2025-04-11 07:00:00,2025,4,11,7,9.22,74.99,0.82,0.56,99.38,231.15,60.17
Karnali_Center,29.267,82.183,2025041108,2025-04-11 08:00:00,2025,4,11,8,11.21,61.56,2.22,1.74,99.96,452.38,47.46
Karnali_Center,29.267,82.183,2025041109,2025-04-11 09:00:00,2025,4,11,9,12.37,54.96,3.25,2.62,100.0,567.72,35.56
Karnali_Center,29.267,82.183,2025041110,2025-04-11 10:00:00,2025,4,11,10,13.43,51.26,3.98,3.23,99.03,585.0,25.8
Karnali_Center,29.267,82.183,2025041111,2025-04-11 11:00:00,2025,4,11,11,14.13,49.46,4.5,3.7,70.55,708.92,21.46
Karnali_Center,29.267,82.183,2025041112,2025-04-11 12:00:00,2025,4,11,12,14.27,50.18,4.79,4.01,97.63,626.95,25.51
Karnali_Center,29.267,82.183,2025041113,2025-04-11 13:00:00,2025,4,11,13,13.5,53.16,4.75,4.06,95.57,520.0,35.14
Karnali_Center,29.267,82.183,2025041114,2025-04-11 14:00:00,2025,4,11,14,12.26,58.12,4.26,3.7,97.24,392.35,46.98
Karnali_Center,29.267,82.183,2025041115,2025-04-11 15:00:00,2025,4,11,15,10.91,64.86,3.49,3.1,94.98,245.62,59.66
Karnali_Center,29.267,82.183,2025041116,2025-04-11 16:00:00,2025,4,11,16,9.8,71.29,2.6,2.37,94.9,116.62,72.63
Karnali_Center,29.267,82.183,2025041117,2025-04-11 17:00:00,2025,4,11,17,8.89,78.63,1.59,1.68,93.89,21.12,85.44
Karnali_Center,29.267,82.183,2025041118,2025-04-11 18:00:00,2025,4,11,18,7.89,86.89,0.95,1.3,92.86,0.0,90.0
Karnali_Center,29.267,82.183,2025041119,2025-04-11 19:00:00,2025,4,11,19,7.48,88.19,0.7,0.91,90.91,0.0,90.0
Karnali_Center,29.267,82.183,2025041120,2025-04-11 20:00:00,2025,4,11,20,7.06,90.36,0.42,0.55,89.51,0.0,90.0
Karnali_Center,29.267,82.183,2025041121,2025-04-11 21:00:00,2025,4,11,21,6.6,92.46,0.31,0.4,85.98,0.0,90.0
Karnali_Center,29.267,82.183,2025041122,2025-04-11 22:00:00,2025,4,11,22,6.03,94.83,0.53,0.64,81.85,0.0,90.0
Karnali_Center,29.267,82.183,2025041123,2025-04-11 23:00:00,2025,4,11,23,5.67,95.71,0.83,0.98,65.66,0.0,90.0
Karnali_Center,29.267,82.183,2025041200,2025-04-12 00:00:00,2025,4,12,0,5.34,95.98,1.03,1.24,44.04,0.0,90.0
Karnali_Center,29.267,82.183,2025041201,2025-04-12 01:00:00,2025,4,12,1,5.06,94.96,1.11,1.31,73.73,0.0,90.0
Karnali_Center,29.267,82.183,2025041202,2025-04-12 02:00:00,2025,4,12,2,4.57,94.98,1.29,1.52,95.94,0.0,90.0
Karnali_Center,29.267,82.183,2025041203,2025-04-12 03:00:00,2025,4,12,3,3.89,95.33,1.57,1.82,100.0,0.0,90.0
Karnali_Center,29.267,82.183,2025041204,2025-04-12 04:00:00,2025,4,12,4,3.11,95.2,1.71,1.91,100.0,0.0,90.0
Karnali_Center,29.267,82.183,2025041205,2025-04-12 05:00:00,2025,4,12,5,3.16,92.24,1.7,1.94,100.0,25.17,85.69
Karnali_Center,29.267,82.183,2025041206,2025-04-12 06:00:00,2025,4,12,6,6.69,74.03,1.74,1.83,97.58,164.15,72.92
Karnali_Center,29.267,82.183,2025041207,2025-04-12 07:00:00,2025,4,12,7,9.44,59.8,2.03,2.09,90.5,274.17,59.93
Karnali_Center,29.267,82.183,2025041208,2025-04-12 08:00:00,2025,4,12,8,11.61,49.76,2.81,2.57,57.53,504.05,47.21
Karnali_Center,29.267,82.183,2025041209,2025-04-12 09:00:00,2025,4,12,9,13.05,44.51,3.66,3.2,43.53,510.38,35.28
Karnali_Center,29.267,82.183,2025041210,2025-04-12 10:00:00,2025,4,12,10,13.76,43.66,4.25,3.7,37.24,578.62,25.46
Karnali_Center,29.267,82.183,2025041211,2025-04-12 11:00:00,2025,4,12,11,13.95,44.61,4.79,4.26,36.75,854.7,21.1
Karnali_Center,29.267,82.183,2025041212,2025-04-12 12:00:00,2025,4,12,12,13.82,45.9,5.29,4.81,32.23,576.42,25.23
Karnali_Center,29.267,82.183,2025041213,2025-04-12 13:00:00,2025,4,12,13,13.57,47.29,5.69,5.24,62.85,492.9,34.95
Karnali_Center,29.267,82.183,2025041214,2025-04-12 14:00:00,2025,4,12,14,12.81,50.06,5.7,5.32,85.99,487.75,46.84
Karnali_Center,29.267,82.183,2025041215,2025-04-12 15:00:00,2025,4,12,15,11.54,54.77,5.24,4.92,84.85,304.8,59.54
Karnali_Center,29.267,82.183,2025041216,2025-04-12 16:00:00,2025,4,12,16,9.92,61.23,4.26,4.03,85.57,149.3,72.51
Karnali_Center,29.267,82.183,2025041217,2025-04-12 17:00:00,2025,4,12,17,8.13,72.76,2.5,2.68,90.95,23.27,85.34
Karnali_Center,29.267,82.183,2025041218,2025-04-12 18:00:00,2025,4,12,18,7.19,81.72,1.28,1.79,69.15,0.0,90.0
Karnali_Center,29.267,82.183,2025041219,2025-04-12 19:00:00,2025,4,12,19,6.61,82.64,0.95,1.27,54.52,0.0,90.0
Karnali_Center,29.267,82.183,2025041220,2025-04-12 20:00:00,2025,4,12,20,6.36,81.95,0.34,0.4,40.94,0.0,90.0
Karnali_Center,29.267,82.183,2025041221,2025-04-12 21:00:00,2025,4,12,21,5.4,86.55,0.63,0.76,41.54,0.0,90.0
Karnali_Center,29.267,82.183,2025041222,2025-04-12 22:00:00,2025,4,12,22,4.17,92.34,1.22,1.44,27.71,0.0,90.0
Karnali_Center,29.267,82.183,2025041223,2025-04-12 23:00:00,2025,4,12,23,3.06,97.11,1.66,1.92,9.64,0.0,90.0
Karnali_Center,29.267,82.183,2025041300,2025-04-13 00:00:00,2025,4,13,0,2.04,100.0,1.99,2.27,30.99,0.0,90.0
Karnali_Center,29.267,82.183,2025041301,2025-04-13 01:00:00,2025,4,13,1,1.1,100.0,2.23,2.52,18.33,0.0,90.0
Karnali_Center,29.267,82.183,2025041302,2025-04-13 02:00:00,2025,4,13,2,0.36,100.0,2.41,2.69,29.26,0.0,90.0
Karnali_Center,29.267,82.183,2025041303,2025-04-13 03:00:00,2025,4,13,3,-0.21,100.0,2.53,2.78,31.88,0.0,90.0
Karnali_Center,29.267,82.183,2025041304,2025-04-13 04:00:00,2025,4,13,4,-0.57,95.58,2.58,2.8,35.76,0.0,90.0
Karnali_Center,29.267,82.183,2025041305,2025-04-13 05:00:00,2025,4,13,5,0.08,84.92,2.47,2.75,25.51,41.08,85.5
Karnali_Center,29.267,82.183,2025041306,2025-04-13 06:00:00,2025,4,13,6,4.65,62.99,2.71,2.39,14.82,261.1,72.7
Karnali_Center,29.267,82.183,2025041307,2025-04-13 07:00:00,2025,4,13,7,9.02,40.36,1.82,2.06,12.66,514.83,59.7
Karnali_Center,29.267,82.183,2025041308,2025-04-13 08:00:00,2025,4,13,8,11.82,30.66,2.41,2.38,11.05,746.1,46.96
Karnali_Center,29.267,82.183,2025041309,2025-04-13 09:00:00,2025,4,13,9,13.59,28.19,3.05,2.65,12.75,890.22,35.0
Karnali_Center,29.267,82.183,2025041310,2025-04-13 10:00:00,2025,4,13,10,14.92,28.1,3.6,2.95,16.08,987.8,25.13
Karnali_Center,29.267,82.183,2025041311,2025-04-13 11:00:00,2025,4,13,11,15.87,28.85,4.04,3.23,54.35,845.58,20.74
Karnali_Center,29.267,82.183,2025041312,2025-04-13 12:00:00,2025,4,13,12,16.27,30.22,4.36,3.49,71.67,728.88,24.96
Karnali_Center,29.267,82.183,2025041313,2025-04-13 13:00:00,2025,4,13,13,15.97,32.49,4.56,3.69,68.54,657.4,34.76
Karnali_Center,29.267,82.183,2025041314,2025-04-13 14:00:00,2025,4,13,14,15.01,36.3,4.5,3.72,59.89,505.4,46.7
Karnali_Center,29.267,82.183,2025041315,2025-04-13 15:00:00,2025,4,13,15,13.56,41.73,4.15,3.53,69.53,367.92,59.41
Karnali_Center,29.267,82.183,2025041316,2025-04-13 16:00:00,2025,4,13,16,11.78,49.43,3.64,3.24,62.28,179.62,72.39
Karnali_Center,29.267,82.183,2025041317,2025-04-13 17:00:00,2025,4,13,17,9.71,61.66,2.39,2.63,54.19,34.7,85.23
Karnali_Center,29.267,82.183,2025041318,2025-04-13 18:00:00,2025,4,13,18,8.15,74.94,1.34,1.97,47.09,0.0,90.0
Karnali_Center,29.267,82.183,2025041319,2025-04-13 19:00:00,2025,4,13,19,7.84,77.56,1.12,1.72,76.52,0.0,90.0
Karnali_Center,29.267,82.183,2025041320,2025-04-13 20:00:00,2025,4,13,20,7.22,80.38,1.1,1.58,68.59,0.0,90.0
Karnali_Center,29.267,82.183,2025041321,2025-04-13 21:00:00,2025,4,13,21,6.56,83.38,0.98,1.35,74.84,0.0,90.0
Karnali_Center,29.267,82.183,2025041322,2025-04-13 22:00:00,2025,4,13,22,6.18,84.81,0.66,0.93,75.45,0.0,90.0
Karnali_Center,29.267,82.183,2025041323,2025-04-13 23:00:00,2025,4,13,23,5.74,85.6,0.44,0.63,50.55,0.0,90.0
Karnali_Center,29.267,82.183,2025041400,2025-04-14 00:00:00,2025,4,14,0,5.29,85.9,0.51,0.67,38.67,0.0,90.0
Karnali_Center,29.267,82.183,2025041401,2025-04-14 01:00:00,2025,4,14,1,4.96,85.17,0.53,0.65,38.85,0.0,90.0
Karnali_Center,29.267,82.183,2025041402,2025-04-14 02:00:00,2025,4,14,2,4.71,83.4,0.63,0.71,33.88,0.0,90.0
Karnali_Center,29.267,82.183,2025041403,2025-04-14 03:00:00,2025,4,14,3,4.38,81.49,0.86,0.92,35.75,0.0,90.0
Karnali_Center,29.267,82.183,2025041404,2025-04-14 04:00:00,2025,4,14,4,4.07,78.4,1.13,1.19,48.91,0.0,90.0
Karnali_Center,29.267,82.183,2025041405,2025-04-14 05:00:00,2025,4,14,5,4.3,75.55,1.28,1.39,43.36,41.4,85.31
Karnali_Center,29.267,82.183,2025041406,2025-04-14 06:00:00,2025,4,14,6,7.23,65.34,1.19,1.06,54.91,173.1,72.47
Karnali_Center,29.267,82.183,2025041407,2025-04-14 07:00:00,2025,4,14,7,10.41,49.45,0.36,0.6,42.87,413.62,59.47
Karnali_Center,29.267,82.183,2025041408,2025-04-14 08:00:00,2025,4,14,8,13.51,37.41,1.02,0.43,23.88,715.9,46.72
Karnali_Center,29.267,82.183,2025041409,2025-04-14 09:00:00,2025,4,14,9,16.04,30.95,2.3,1.24,20.38,844.38,34.72
Karnali_Center,29.267,82.183,2025041410,2025-04-14 10:00:00,2025,4,14,10,17.46,29.88,3.65,2.5,50.01,720.1,24.79
Karnali_Center,29.267,82.183,2025041411,2025-04-14 11:00:00,2025,4,14,11,17.88,32.06,4.84,3.74,69.75,702.05,20.39
Karnali_Center,29.267,82.183,2025041412,2025-04-14 12:00:00,2025,4,14,12,17.56,36.03,5.6,4.55,84.03,632.75,24.69
Karnali_Center,29.267,82.183,2025041413,2025-04-14 13:00:00,2025,4,14,13,16.6,40.78,5.62,4.63,88.27,497.42,34.58
Karnali_Center,29.267,82.183,2025041414,2025-04-14 14:00:00,2025,4,14,14,15.43,45.66,5.23,4.32,87.88,533.22,46.56
Karnali_Center,29.267,82.183,2025041415,2025-04-14 15:00:00,2025,4,14,15,14.07,50.92,4.88,4.12,87.16,277.27,59.29
Karnali_Center,29.267,82.183,2025041416,2025-04-14 16:00:00,2025,4,14,16,12.42,58.01,4.33,3.83,79.31,147.0,72.28
Karnali_Center,29.267,82.183,2025041417,2025-04-14 17:00:00,2025,4,14,17,10.29,71.98,2.89,3.06,70.72,33.3,85.13
Karnali_Center,29.267,82.183,2025041418,2025-04-14 18:00:00,2025,4,14,18,8.52,84.16,1.46,2.26,62.11,0.0,90.0
Karnali_Center,29.267,82.183,2025041419,2025-04-14 19:00:00,2025,4,14,19,7.89,85.21,1.15,1.66,55.12,0.0,90.0
Karnali_Center,29.267,82.183,2025041420,2025-04-14 20:00:00,2025,4,14,20,7.22,85.16,0.84,1.17,47.09,0.0,90.0
Karnali_Center,29.267,82.183,2025041421,2025-04-14 21:00:00,2025,4,14,21,6.57,87.14,0.53,0.79,44.63,0.0,90.0
Karnali_Center,29.267,82.183,2025041422,2025-04-14 22:00:00,2025,4,14,22,6.07,88.7,0.3,0.48,49.53,0.0,90.0
Karnali_Center,29.267,82.183,2025041423,2025-04-14 23:00:00,2025,4,14,23,5.65,89.38,0.42,0.47,51.5,0.0,90.0
Karnali_Center,29.267,82.183,2025041500,2025-04-15 00:00:00,2025,4,15,0,4.97,89.96,0.8,0.84,26.59,0.0,90.0
Karnali_Center,29.267,82.183,2025041501,2025-04-15 01:00:00,2025,4,15,1,4.34,87.61,1.14,1.19,54.15,0.0,90.0
Karnali_Center,29.267,82.183,2025041502,2025-04-15 02:00:00,2025,4,15,2,4.04,81.12,1.32,1.39,58.63,0.0,90.0
Karnali_Center,29.267,82.183,2025041503,2025-04-15 03:00:00,2025,4,15,3,3.99,72.35,1.44,1.5,65.36,0.0,90.0
Karnali_Center,29.267,82.183,2025041504,2025-04-15 04:00:00,2025,4,15,4,4.05,63.76,1.47,1.52,55.51,0.0,90.0
Karnali_Center,29.267,82.183,2025041505,2025-04-15 05:00:00,2025,4,15,5,4.7,57.59,1.44,1.52,47.58,28.27,85.11
Karnali_Center,29.267,82.183,2025041506,2025-04-15 06:00:00,2025,4,15,6,8.16,54.13,0.94,0.78,37.68,162.88,72.25
Karnali_Center,29.267,82.183,2025041507,2025-04-15 07:00:00,2025,4,15,7,10.99,52.79,1.2,1.0,35.4,364.58,59.25
Karnali_Center,29.267,82.183,2025041508,2025-04-15 08:00:00,2025,4,15,8,13.28,48.35,2.54,1.82,42.59,571.38,46.48
Karnali_Center,29.267,82.183,2025041509,2025-04-15 09:00:00,2025,4,15,9,15.15,44.16,3.41,2.45,20.2,809.95,34.45
Karnali_Center,29.267,82.183,2025041510,2025-04-15 10:00:00,2025,4,15,10,16.55,41.82,4.2,3.09,10.37,951.58,24.46
Karnali_Center,29.267,82.183,2025041511,2025-04-15 11:00:00,2025,4,15,11,17.41,41.43,4.83,3.7,59.16,810.92,20.03
Karnali_Center,29.267,82.183,2025041512,2025-04-15 12:00:00,2025,4,15,12,17.69,42.55,5.27,4.19,67.35,794.4,24.43
Karnali_Center,29.267,82.183,2025041513,2025-04-15 13:00:00,2025,4,15,13,17.03,45.64,5.27,4.31,80.07,690.92,34.4
Karnali_Center,29.267,82.183,2025041514,2025-04-15 14:00:00,2025,4,15,14,15.95,49.25,4.85,4.06,81.8,512.85,46.42
Karnali_Center,29.267,82.183,2025041515,2025-04-15 15:00:00,2025,4,15,15,14.49,53.83,4.22,3.59,78.55,323.48,59.18
Karnali_Center,29.267,82.183,2025041516,2025-04-15 16:00:00,2025,4,15,16,12.9,59.8,3.51,3.08,67.57,181.77,72.16
Karnali_Center,29.267,82.183,2025041517,2025-04-15 17:00:00,2025,4,15,17,11.2,69.26,2.29,2.42,63.53,33.15,85.02
Karnali_Center,29.267,82.183,2025041518,2025-04-15 18:00:00,2025,4,15,18,9.69,80.48,1.17,1.84,14.16,0.0,90.0
Karnali_Center,29.267,82.183,2025041519,2025-04-15 19:00:00,2025,4,15,19,9.07,83.96,1.0,1.39,10.99,0.0,90.0
Karnali_Center,29.267,82.183,2025041520,2025-04-15 20:00:00,2025,4,15,20,8.73,86.14,0.69,0.95,39.79,0.0,90.0
Karnali_Center,29.267,82.183,2025041521,2025-04-15 21:00:00,2025,4,15,21,8.38,88.2,0.42,0.58,53.09,0.0,90.0
Karnali_Center,29.267,82.183,2025041522,2025-04-15 22:00:00,2025,4,15,22,7.88,90.46,0.13,0.23,66.2,0.0,90.0
Karnali_Center,29.267,82.183,2025041523,2025-04-15 23:00:00,2025,4,15,23,7.47,91.88,0.27,0.36,73.16,0.0,90.0
Karnali_Center,29.267,82.183,2025041600,2025-04-16 00:00:00,2025,4,16,0,6.88,92.96,0.59,0.77,69.8,0.0,90.0
Karnali_Center,29.267,82.183,2025041601,2025-04-16 01:00:00,2025,4,16,1,6.27,93.15,0.7,0.86,70.72,0.0,90.0
Karnali_Center,29.267,82.183,2025041602,2025-04-16 02:00:00,2025,4,16,2,6.0,90.95,0.72,0.83,30.33,0.0,90.0
Karnali_Center,29.267,82.183,2025041603,2025-04-16 03:00:00,2025,4,16,3,5.65,89.27,0.77,0.79,40.76,0.0,90.0
Karnali_Center,29.267,82.183,2025041604,2025-04-16 04:00:00,2025,4,16,4,5.23,86.73,1.04,0.98,50.82,0.0,90.0
Karnali_Center,29.267,82.183,2025041605,2025-04-16 05:00:00,2025,4,16,5,5.33,81.13,1.28,1.29,42.04,47.0,84.92
Karnali_Center,29.267,82.183,2025041606,2025-04-16 06:00:00,2025,4,16,6,8.85,63.56,1.23,1.12,44.05,220.02,72.03
Karnali_Center,29.267,82.183,2025041607,2025-04-16 07:00:00,2025,4,16,7,13.18,43.5,0.21,0.59,36.72,450.75,59.03
Karnali_Center,29.267,82.183,2025041608,2025-04-16 08:00:00,2025,4,16,8,16.32,32.05,1.21,0.48,37.2,699.55,46.25
Karnali_Center,29.267,82.183,2025041609,2025-04-16 09:00:00,2025,4,16,9,18.31,27.43,2.56,1.58,11.45,932.9,34.18
Karnali_Center,29.267,82.183,2025041610,2025-04-16 10:00:00,2025,4,16,10,19.48,26.8,3.88,2.78,12.59,1024.25,24.14
Karnali_Center,29.267,82.183,2025041611,2025-04-16 11:00:00,2025,4,16,11,19.91,28.94,5.1,3.97,64.11,849.08,19.69
Karnali_Center,29.267,82.183,2025041612,2025-04-16 12:00:00,2025,4,16,12,19.59,33.54,5.95,4.84,60.07,829.12,24.17
Karnali_Center,29.267,82.183,2025041613,2025-04-16 13:00:00,2025,4,16,13,18.49,40.11,6.14,5.09,74.06,697.45,34.22
Karnali_Center,29.267,82.183,2025041614,2025-04-16 14:00:00,2025,4,16,14,17.0,46.58,5.87,4.89,75.66,526.25,46.28
Karnali_Center,29.267,82.183,2025041615,2025-04-16 15:00:00,2025,4,16,15,15.52,52.49,5.26,4.42,69.7,375.05,59.06
Karnali_Center,29.267,82.183,2025041616,2025-04-16 16:00:00,2025,4,16,16,13.76,60.8,4.23,3.63,63.69,193.18,72.05
Karnali_Center,29.267,82.183,2025041617,2025-04-16 17:00:00,2025,4,16,17,11.78,72.16,2.76,2.62,86.76,29.75,84.92
Karnali_Center,29.267,82.183,2025041618,2025-04-16 18:00:00,2025,4,16,18,10.25,82.23,1.44,1.67,92.04,0.0,90.0
Karnali_Center,29.267,82.183,2025041619,2025-04-16 19:00:00,2025,4,16,19,9.69,86.38,0.64,0.91,92.5,0.0,90.0
Karnali_Center,29.267,82.183,2025041620,2025-04-16 20:00:00,2025,4,16,20,9.17,88.9,0.18,0.26,85.56,0.0,90.0
Karnali_Center,29.267,82.183,2025041621,2025-04-16 21:00:00,2025,4,16,21,8.38,92.4,0.66,0.78,46.69,0.0,90.0
Karnali_Center,29.267,82.183,2025041622,2025-04-16 22:00:00,2025,4,16,22,7.6,95.08,1.0,1.13,40.4,0.0,90.0
Karnali_Center,29.267,82.183,2025041623,2025-04-16 23:00:00,2025,4,16,23,7.15,95.52,1.07,1.19,36.68,0.0,90.0
Karnali_Center,29.267,82.183,2025041700,2025-04-17 00:00:00,2025,4,17,0,6.78,95.26,1.05,1.17,34.61,0.0,90.0
Karnali_Center,29.267,82.183,2025041701,2025-04-17 01:00:00,2025,4,17,1,6.72,93.15,1.08,1.21,40.15,0.0,90.0
Karnali_Center,29.267,82.183,2025041702,2025-04-17 02:00:00,2025,4,17,2,6.86,90.61,1.04,1.2,35.02,0.0,90.0
Karnali_Center,29.267,82.183,2025041703,2025-04-17 03:00:00,2025,4,17,3,6.87,88.82,0.96,1.13,60.97,0.0,90.0
Karnali_Center,29.267,82.183,2025041704,2025-04-17 04:00:00,2025,4,17,4,6.8,87.55,0.96,1.12,68.96,0.0,90.0
Karnali_Center,29.267,82.183,2025041705,2025-04-17 05:00:00,2025,4,17,5,6.95,86.11,1.0,1.2,77.28,36.83,84.72
Karnali_Center,29.267,82.183,2025041706,2025-04-17 06:00:00,2025,4,17,6,9.24,77.66,1.17,1.29,89.03,135.57,71.81
Karnali_Center,29.267,82.183,2025041707,2025-04-17 07:00:00,2025,4,17,7,11.35,68.06,1.4,1.19,81.77,327.77,58.81
Karnali_Center,29.267,82.183,2025041708,2025-04-17 08:00:00,2025,4,17,8,13.44,57.92,2.39,1.77,85.22,501.45,46.01
Karnali_Center,29.267,82.183,2025041709,2025-04-17 09:00:00,2025,4,17,9,14.91,52.18,3.41,2.58,45.49,567.97,33.92
Karnali_Center,29.267,82.183,2025041710,2025-04-17 10:00:00,2025,4,17,10,15.85,49.8,4.08,3.16,98.76,622.22,23.82
Karnali_Center,29.267,82.183,2025041711,2025-04-17 11:00:00,2025,4,17,11,16.17,49.5,4.55,3.65,97.63,676.9,19.34
Karnali_Center,29.267,82.183,2025041712,2025-04-17 12:00:00,2025,4,17,12,16.04,50.63,4.94,4.09,100.0,586.3,23.91
Karnali_Center,29.267,82.183,2025041713,2025-04-17 13:00:00,2025,4,17,13,15.31,54.27,5.01,4.29,98.06,422.23,34.04
Karnali_Center,29.267,82.183,2025041714,2025-04-17 14:00:00,2025,4,17,14,13.95,61.74,4.57,4.0,99.02,360.73,46.15
Karnali_Center,29.267,82.183,2025041715,2025-04-17 15:00:00,2025,4,17,15,12.89,68.0,3.95,3.54,46.01,227.73,58.94
Karnali_Center,29.267,82.183,2025041716,2025-04-17 16:00:00,2025,4,17,16,11.75,74.64,3.27,2.99,91.25,98.3,71.93
Karnali_Center,29.267,82.183,2025041717,2025-04-17 17:00:00,2025,4,17,17,10.53,83.5,2.22,2.23,78.44,28.73,84.81
Karnali_Center,29.267,82.183,2025041718,2025-04-17 18:00:00,2025,4,17,18,9.3,93.26,1.1,1.55,67.01,0.0,90.0
Karnali_Center,29.267,82.183,2025041719,2025-04-17 19:00:00,2025,4,17,19,8.84,96.06,0.74,1.09,49.91,0.0,90.0
Karnali_Center,29.267,82.183,2025041720,2025-04-17 20:00:00,2025,4,17,20,8.57,96.74,0.56,0.79,40.05,0.0,90.0
Karnali_Center,29.267,82.183,2025041721,2025-04-17 21:00:00,2025,4,17,21,8.18,97.74,0.64,0.84,28.34,0.0,90.0
Karnali_Center,29.267,82.183,2025041722,2025-04-17 22:00:00,2025,4,17,22,7.71,97.95,0.81,0.96,25.5,0.0,90.0
Karnali_Center,29.267,82.183,2025041723,2025-04-17 23:00:00,2025,4,17,23,7.42,96.54,0.83,0.96,11.82,0.0,90.0
Karnali_Center,29.267,82.183,2025041800,2025-04-18 00:00:00,2025,4,18,0,7.22,94.12,0.83,0.98,12.84,0.0,90.0
Karnali_Center,29.267,82.183,2025041801,2025-04-18 01:00:00,2025,4,18,1,7.07,91.66,0.86,1.03,9.6,0.0,90.0
Karnali_Center,29.267,82.183,2025041802,2025-04-18 02:00:00,2025,4,18,2,6.8,89.78,1.04,1.23,10.18,0.0,90.0
Karnali_Center,29.267,82.183,2025041803,2025-04-18 03:00:00,2025,4,18,3,6.49,87.71,1.23,1.4,14.14,0.0,90.0
Karnali_Center,29.267,82.183,2025041804,2025-04-18 04:00:00,2025,4,18,4,6.21,84.75,1.43,1.59,19.51,0.0,90.0
Karnali_Center,29.267,82.183,2025041805,2025-04-18 05:00:00,2025,4,18,5,6.42,80.35,1.51,1.69,12.02,54.47,84.52
Karnali_Center,29.267,82.183,2025041806,2025-04-18 06:00:00,2025,4,18,6,9.54,70.21,1.41,1.37,17.21,267.6,71.6
Karnali_Center,29.267,82.183,2025041807,2025-04-18 07:00:00,2025,4,18,7,12.71,56.74,0.81,0.77,1.94,530.65,58.6
Karnali_Center,29.267,82.183,2025041808,2025-04-18 08:00:00,2025,4,18,8,15.83,43.48,2.13,1.37,1.94,763.88,45.79
Karnali_Center,29.267,82.183,2025041809,2025-04-18 09:00:00,2025,4,18,9,17.87,37.8,3.33,2.33,4.73,941.12,33.66
Karnali_Center,29.267,82.183,2025041810,2025-04-18 10:00:00,2025,4,18,10,19.14,36.13,4.36,3.23,2.31,1058.32,23.5
Karnali_Center,29.267,82.183,2025041811,2025-04-18 11:00:00,2025,4,18,11,19.78,36.69,5.24,4.07,25.94,1042.3,19.0
Karnali_Center,29.267,82.183,2025041812,2025-04-18 12:00:00,2025,4,18,12,19.7,39.31,5.81,4.63,58.42,866.97,23.66
Karnali_Center,29.267,82.183,2025041813,2025-04-18 13:00:00,2025,4,18,13,19.05,42.94,5.85,4.74,67.74,784.08,33.87
Karnali_Center,29.267,82.183,2025041814,2025-04-18 14:00:00,2025,4,18,14,17.79,47.47,5.42,4.51,61.5,612.72,46.02
Karnali_Center,29.267,82.183,2025041815,2025-04-18 15:00:00,2025,4,18,15,16.26,52.93,4.68,3.99,56.8,390.3,58.83
Karnali_Center,29.267,82.183,2025041816,2025-04-18 16:00:00,2025,4,18,16,14.62,59.17,3.87,3.43,47.49,217.65,71.82
Karnali_Center,29.267,82.183,2025041817,2025-04-18 17:00:00,2025,4,18,17,12.74,68.93,2.52,2.57,41.62,41.62,84.7
Karnali_Center,29.267,82.183,2025041818,2025-04-18 18:00:00,2025,4,18,18,11.28,81.09,1.29,1.99,34.96,0.0,90.0
Karnali_Center,29.267,82.183,2025041819,2025-04-18 19:00:00,2025,4,18,19,10.64,86.92,1.03,1.74,43.12,0.0,90.0
Karnali_Center,29.267,82.183,2025041820,2025-04-18 20:00:00,2025,4,18,20,10.07,90.9,0.9,1.45,43.78,0.0,90.0
Karnali_Center,29.267,82.183,2025041821,2025-04-18 21:00:00,2025,4,18,21,9.52,91.04,0.81,1.12,49.32,0.0,90.0
Karnali_Center,29.267,82.183,2025041822,2025-04-18 22:00:00,2025,4,18,22,9.04,91.7,0.64,0.85,52.66,0.0,90.0
Karnali_Center,29.267,82.183,2025041823,2025-04-18 23:00:00,2025,4,18,23,8.3,94.57,0.86,1.1,55.4,0.0,90.0
Karnali_Center,29.267,82.183,2025041900,2025-04-19 00:00:00,2025,4,19,0,7.5,96.94,1.12,1.37,77.6,0.0,90.0
Karnali_Center,29.267,82.183,2025041901,2025-04-19 01:00:00,2025,4,19,1,6.78,98.2,1.29,1.58,95.52,0.0,90.0
Karnali_Center,29.267,82.183,2025041902,2025-04-19 02:00:00,2025,4,19,2,6.29,97.95,1.31,1.6,100.0,0.0,90.0
Karnali_Center,29.267,82.183,2025041903,2025-04-19 03:00:00,2025,4,19,3,5.84,97.72,1.44,1.77,70.23,0.0,90.0
Karnali_Center,29.267,82.183,2025041904,2025-04-19 04:00:00,2025,4,19,4,5.68,96.1,1.45,1.77,57.8,0.0,90.0
Karnali_Center,29.267,82.183,2025041905,2025-04-19 05:00:00,2025,4,19,5,6.32,91.64,1.37,1.74,95.19,27.58,84.32
Karnali_Center,29.267,82.183,2025041906,2025-04-19 06:00:00,2025,4,19,6,8.76,80.25,1.42,1.42,91.42,118.2,71.39
Karnali_Center,29.267,82.183,2025041907,2025-04-19 07:00:00,2025,4,19,7,11.14,65.58,0.56,0.39,87.72,206.95,58.39
Karnali_Center,29.267,82.183,2025041908,2025-04-19 08:00:00,2025,4,19,8,14.02,48.03,1.65,1.25,88.52,357.83,45.56
Karnali_Center,29.267,82.183,2025041909,2025-04-19 09:00:00,2025,4,19,9,16.44,39.63,3.44,2.81,98.59,710.92,33.4
Karnali_Center,29.267,82.183,2025041910,2025-04-19 10:00:00,2025,4,19,10,17.98,37.16,4.74,4.01,91.76,803.05,23.19
Karnali_Center,29.267,82.183,2025041911,2025-04-19 11:00:00,2025,4,19,11,18.5,37.83,5.59,4.88,98.97,837.03,18.66
Karnali_Center,29.267,82.183,2025041912,2025-04-19 12:00:00,2025,4,19,12,18.32,39.87,6.04,5.43,64.81,585.12,23.41
Karnali_Center,29.267,82.183,2025041913,2025-04-19 13:00:00,2025,4,19,13,17.7,43.02,6.09,5.59,93.1,640.7,33.7
Karnali_Center,29.267,82.183,2025041914,2025-04-19 14:00:00,2025,4,19,14,16.74,46.47,5.69,5.35,93.11,472.27,45.89
Karnali_Center,29.267,82.183,2025041915,2025-04-19 15:00:00,2025,4,19,15,15.56,50.49,5.17,4.93,88.22,296.1,58.71
Karnali_Center,29.267,82.183,2025041916,2025-04-19 16:00:00,2025,4,19,16,14.14,56.48,4.37,4.18,88.34,154.38,71.71
Karnali_Center,29.267,82.183,2025041917,2025-04-19 17:00:00,2025,4,19,17,12.28,70.95,2.44,2.94,90.65,27.98,84.59
Karnali_Center,29.267,82.183,2025041918,2025-04-19 18:00:00,2025,4,19,18,9.89,85.29,1.67,2.24,88.37,0.0,90.0
Karnali_Center,29.267,82.183,2025041919,2025-04-19 19:00:00,2025,4,19,19,9.1,85.05,1.38,1.77,88.02,0.0,90.0
Karnali_Center,29.267,82.183,2025041920,2025-04-19 20:00:00,2025,4,19,20,8.47,88.18,1.24,1.57,72.94,0.0,90.0
Karnali_Center,29.267,82.183,2025041921,2025-04-19 21:00:00,2025,4,19,21,7.93,91.71,1.16,1.44,51.58,0.0,90.0
Karnali_Center,29.267,82.183,2025041922,2025-04-19 22:00:00,2025,4,19,22,7.13,95.94,1.36,1.62,53.89,0.0,90.0
Karnali_Center,29.267,82.183,2025041923,2025-04-19 23:00:00,2025,4,19,23,6.37,99.61,1.55,1.82,58.84,0.0,90.0
Karnali_Center,29.267,82.183,2025042000,2025-04-20 00:00:00,2025,4,20,0,5.67,100.0,1.75,2.03,42.06,0.0,90.0
Karnali_Center,29.267,82.183,2025042001,2025-04-20 01:00:00,2025,4,20,1,5.01,100.0,1.95,2.25,25.03,0.0,90.0
Karnali_Center,29.267,82.183,2025042002,2025-04-20 02:00:00,2025,4,20,2,4.53,100.0,2.06,2.33,24.5,0.0,90.0
Karnali_Center,29.267,82.183,2025042003,2025-04-20 03:00:00,2025,4,20,3,4.18,100.0,2.15,2.4,32.1,0.0,90.0
Karnali_Center,29.267,82.183,2025042004,2025-04-20 04:00:00,2025,4,20,4,3.87,100.0,2.23,2.48,35.85,0.0,90.0
Karnali_Center,29.267,82.183,2025042005,2025-04-20 05:00:00,2025,4,20,5,4.4,92.65,2.27,2.57,22.36,57.25,84.11
Karnali_Center,29.267,82.183,2025042006,2025-04-20 06:00:00,2025,4,20,6,8.34,74.0,2.56,2.33,11.29,282.5,71.19
Karnali_Center,29.267,82.183,2025042007,2025-04-20 07:00:00,2025,4,20,7,12.22,50.91,1.23,1.23,5.0,530.65,58.18
Karnali_Center,29.267,82.183,2025042008,2025-04-20 08:00:00,2025,4,20,8,14.7,38.85,0.94,0.64,3.8,775.03,45.35
Karnali_Center,29.267,82.183,2025042009,2025-04-20 09:00:00,2025,4,20,9,16.47,33.82,2.19,1.67,2.65,949.5,33.15
Karnali_Center,29.267,82.183,2025042010,2025-04-20 10:00:00,2025,4,20,10,17.81,31.68,3.3,2.65,13.22,1006.67,22.89
Karnali_Center,29.267,82.183,2025042011,2025-04-20 11:00:00,2025,4,20,11,18.69,31.25,4.14,3.42,24.99,1003.53,18.32
Karnali_Center,29.267,82.183,2025042012,2025-04-20 12:00:00,2025,4,20,12,19.1,31.84,4.76,4.05,44.74,953.55,23.17
Karnali_Center,29.267,82.183,2025042013,2025-04-20 13:00:00,2025,4,20,13,18.95,33.54,5.06,4.37,53.67,743.5,33.54
Karnali_Center,29.267,82.183,2025042014,2025-04-20 14:00:00,2025,4,20,14,18.43,35.61,4.99,4.37,4.32,652.72,45.76
Karnali_Center,29.267,82.183,2025042015,2025-04-20 15:00:00,2025,4,20,15,17.46,38.14,4.59,4.07,9.71,440.08,58.6
Karnali_Center,29.267,82.183,2025042016,2025-04-20 16:00:00,2025,4,20,16,15.98,42.36,3.88,3.55,47.37,234.18,71.59
Karnali_Center,29.267,82.183,2025042017,2025-04-20 17:00:00,2025,4,20,17,13.49,55.42,2.25,2.69,42.47,50.0,84.48
Karnali_Center,29.267,82.183,2025042018,2025-04-20 18:00:00,2025,4,20,18,11.16,63.61,1.53,1.96,39.38,0.0,90.0
Karnali_Center,29.267,82.183,2025042019,2025-04-20 19:00:00,2025,4,20,19,10.69,64.15,1.1,1.41,39.83,0.0,90.0
Karnali_Center,29.267,82.183,2025042020,2025-04-20 20:00:00,2025,4,20,20,9.94,66.92,0.9,1.15,39.71,0.0,90.0
Karnali_Center,29.267,82.183,2025042021,2025-04-20 21:00:00,2025,4,20,21,9.22,69.85,1.0,1.19,18.43,0.0,90.0
Karnali_Center,29.267,82.183,2025042022,2025-04-20 22:00:00,2025,4,20,22,8.54,72.3,1.17,1.33,14.32,0.0,90.0
Karnali_Center,29.267,82.183,2025042023,2025-04-20 23:00:00,2025,4,20,23,7.7,74.99,1.38,1.56,9.08,0.0,90.0
Karnali_Center,29.267,82.183,2025042100,2025-04-21 00:00:00,2025,4,21,0,6.71,77.99,1.69,1.87,8.0,0.0,90.0
Karnali_Center,29.267,82.183,2025042101,2025-04-21 01:00:00,2025,4,21,1,5.76,80.24,1.96,2.13,4.11,0.0,90.0
Karnali_Center,29.267,82.183,2025042102,2025-04-21 02:00:00,2025,4,21,2,5.13,80.42,2.03,2.19,13.65,0.0,90.0
Karnali_Center,29.267,82.183,2025042103,2025-04-21 03:00:00,2025,4,21,3,4.56,80.28,2.13,2.27,29.62,0.0,90.0
Karnali_Center,29.267,82.183,2025042104,2025-04-21 04:00:00,2025,4,21,4,4.18,79.39,2.19,2.3,32.2,0.0,90.0
Karnali_Center,29.267,82.183,2025042105,2025-04-21 05:00:00,2025,4,21,5,4.81,74.93,2.11,2.28,18.0,72.9,83.91
Karnali_Center,29.267,82.183,2025042106,2025-04-21 06:00:00,2025,4,21,6,9.25,56.87,2.19,1.99,17.95,299.88,70.99
Karnali_Center,29.267,82.183,2025042107,2025-04-21 07:00:00,2025,4,21,7,13.48,35.38,0.29,0.21,2.52,576.62,57.98
Karnali_Center,29.267,82.183,2025042108,2025-04-21 08:00:00,2025,4,21,8,16.1,28.18,1.86,1.56,3.14,798.25,45.13
Karnali_Center,29.267,82.183,2025042109,2025-04-21 09:00:00,2025,4,21,9,17.8,26.95,3.06,2.56,2.65,971.47,32.91
Karnali_Center,29.267,82.183,2025042110,2025-04-21 10:00:00,2025,4,21,10,19.08,26.06,3.91,3.3,7.81,1065.65,22.58
Karnali_Center,29.267,82.183,2025042111,2025-04-21 11:00:00,2025,4,21,11,20.0,25.59,4.79,4.11,18.17,1073.18,17.99
Karnali_Center,29.267,82.183,2025042112,2025-04-21 12:00:00,2025,4,21,12,20.38,26.14,5.4,4.75,41.14,1011.47,22.93
Karnali_Center,29.267,82.183,2025042113,2025-04-21 13:00:00,2025,4,21,13,20.27,27.56,5.57,5.0,47.66,787.62,33.38
Karnali_Center,29.267,82.183,2025042114,2025-04-21 14:00:00,2025,4,21,14,19.73,29.44,5.41,4.94,52.63,632.58,45.63
Karnali_Center,29.267,82.183,2025042115,2025-04-21 15:00:00,2025,4,21,15,18.67,32.0,4.85,4.5,49.2,471.27,58.48
Karnali_Center,29.267,82.183,2025042116,2025-04-21 16:00:00,2025,4,21,16,17.13,35.75,3.99,3.81,40.4,254.62,71.48
Karnali_Center,29.267,82.183,2025042117,2025-04-21 17:00:00,2025,4,21,17,14.51,49.49,2.27,2.87,31.21,58.88,84.36
Karnali_Center,29.267,82.183,2025042118,2025-04-21 18:00:00,2025,4,21,18,12.1,56.41,1.62,2.12,25.82,0.0,90.0
Karnali_Center,29.267,82.183,2025042119,2025-04-21 19:00:00,2025,4,21,19,11.71,55.92,1.27,1.66,32.94,0.0,90.0
Karnali_Center,29.267,82.183,2025042120,2025-04-21 20:00:00,2025,4,21,20,11.11,57.52,0.99,1.3,43.97,0.0,90.0
Karnali_Center,29.267,82.183,2025042121,2025-04-21 21:00:00,2025,4,21,21,10.69,58.52,0.8,1.02,10.03,0.0,90.0
Karnali_Center,29.267,82.183,2025042122,2025-04-21 22:00:00,2025,4,21,22,9.85,61.3,0.84,0.98,7.19,0.0,90.0
Karnali_Center,29.267,82.183,2025042123,2025-04-21 23:00:00,2025,4,21,23,9.1,63.84,1.1,1.25,5.33,0.0,90.0
Karnali_Center,29.267,82.183,2025042200,2025-04-22 00:00:00,2025,4,22,0,8.24,66.78,1.48,1.67,10.82,0.0,90.0
Karnali_Center,29.267,82.183,2025042201,2025-04-22 01:00:00,2025,4,22,1,7.31,69.98,1.74,1.94,8.88,0.0,90.0
Karnali_Center,29.267,82.183,2025042202,2025-04-22 02:00:00,2025,4,22,2,6.51,72.84,1.92,2.11,11.25,0.0,90.0
Karnali_Center,29.267,82.183,2025042203,2025-04-22 03:00:00,2025,4,22,3,5.69,75.82,2.08,2.23,32.37,0.0,90.0
Karnali_Center,29.267,82.183,2025042204,2025-04-22 04:00:00,2025,4,22,4,4.83,78.76,2.27,2.41,28.65,0.0,90.0
Karnali_Center,29.267,82.183,2025042205,2025-04-22 05:00:00,2025,4,22,5,5.25,76.51,2.25,2.52,16.13,75.62,83.71
Karnali_Center,29.267,82.183,2025042206,2025-04-22 06:00:00,2025,4,22,6,9.56,57.37,2.71,2.44,15.28,307.55,70.79
Karnali_Center,29.267,82.183,2025042207,2025-04-22 07:00:00,2025,4,22,7,13.56,34.98,1.82,1.96,0.62,575.38,57.78
Karnali_Center,29.267,82.183,2025042208,2025-04-22 08:00:00,2025,4,22,8,16.17,25.04,0.28,0.17,3.75,789.38,44.92
Karnali_Center,29.267,82.183,2025042209,2025-04-22 09:00:00,2025,4,22,9,18.51,20.88,2.55,2.02,4.43,958.67,32.67
Karnali_Center,29.267,82.183,2025042210,2025-04-22 10:00:00,2025,4,22,10,19.98,19.84,4.32,3.6,7.24,1050.82,22.29
Karnali_Center,29.267,82.183,2025042211,2025-04-22 11:00:00,2025,4,22,11,20.71,20.42,5.55,4.82,43.12,1017.65,17.66
Karnali_Center,29.267,82.183,2025042212,2025-04-22 12:00:00,2025,4,22,12,20.86,22.52,6.26,5.59,50.43,884.47,22.69
Karnali_Center,29.267,82.183,2025042213,2025-04-22 13:00:00,2025,4,22,13,20.57,25.38,6.33,5.75,53.24,798.7,33.22
Karnali_Center,29.267,82.183,2025042214,2025-04-22 14:00:00,2025,4,22,14,19.79,28.27,6.04,5.58,66.52,625.85,45.51
Karnali_Center,29.267,82.183,2025042215,2025-04-22 15:00:00,2025,4,22,15,18.5,31.29,5.43,5.07,19.08,406.12,58.37
Karnali_Center,29.267,82.183,2025042216,2025-04-22 16:00:00,2025,4,22,16,16.78,35.19,4.43,4.23,20.35,215.4,71.37
Karnali_Center,29.267,82.183,2025042217,2025-04-22 17:00:00,2025,4,22,17,14.1,46.89,2.51,3.14,18.75,50.65,84.25
Karnali_Center,29.267,82.183,2025042218,2025-04-22 18:00:00,2025,4,22,18,11.38,57.1,1.78,2.34,47.81,0.0,90.0
Karnali_Center,29.267,82.183,2025042219,2025-04-22 19:00:00,2025,4,22,19,11.0,55.09,1.36,1.72,42.69,0.0,90.0
Karnali_Center,29.267,82.183,2025042220,2025-04-22 20:00:00,2025,4,22,20,10.43,55.34,1.04,1.33,31.09,0.0,90.0
Karnali_Center,29.267,82.183,2025042221,2025-04-22 21:00:00,2025,4,22,21,9.74,56.89,0.98,1.25,9.15,0.0,90.0
Karnali_Center,29.267,82.183,2025042222,2025-04-22 22:00:00,2025,4,22,22,8.93,59.24,1.19,1.43,7.91,0.0,90.0
Karnali_Center,29.267,82.183,2025042223,2025-04-22 23:00:00,2025,4,22,23,7.93,62.49,1.42,1.64,5.9,0.0,90.0
Karnali_Center,29.267,82.183,2025042300,2025-04-23 00:00:00,2025,4,23,0,7.02,65.76,1.66,1.87,4.65,0.0,90.0
Karnali_Center,29.267,82.183,2025042301,2025-04-23 01:00:00,2025,4,23,1,6.07,69.06,1.89,2.08,7.32,0.0,90.0
Karnali_Center,29.267,82.183,2025042302,2025-04-23 02:00:00,2025,4,23,2,5.3,70.75,2.07,2.23,12.92,0.0,90.0
Karnali_Center,29.267,82.183,2025042303,2025-04-23 03:00:00,2025,4,23,3,4.76,70.49,2.19,2.3,25.91,0.0,90.0
Karnali_Center,29.267,82.183,2025042304,2025-04-23 04:00:00,2025,4,23,4,4.49,67.87,2.21,2.27,25.37,0.0,90.0
Karnali_Center,29.267,82.183,2025042305,2025-04-23 05:00:00,2025,4,23,5,5.28,62.95,2.11,2.22,13.63,83.35,83.51
Karnali_Center,29.267,82.183,2025042306,2025-04-23 06:00:00,2025,4,23,6,10.02,46.4,2.17,1.91,17.47,319.7,70.6
Karnali_Center,29.267,82.183,2025042307,2025-04-23 07:00:00,2025,4,23,7,14.38,27.52,0.69,0.6,3.18,589.85,57.59
Karnali_Center,29.267,82.183,2025042308,2025-04-23 08:00:00,2025,4,23,8,16.82,20.7,2.21,1.81,2.52,819.8,44.72
Karnali_Center,29.267,82.183,2025042309,2025-04-23 09:00:00,2025,4,23,9,18.53,18.48,3.35,2.76,10.01,972.28,32.43
Karnali_Center,29.267,82.183,2025042310,2025-04-23 10:00:00,2025,4,23,10,19.76,17.76,4.4,3.68,6.69,1079.43,21.99
Karnali_Center,29.267,82.183,2025042311,2025-04-23 11:00:00,2025,4,23,11,20.48,17.64,5.28,4.52,21.96,1080.5,17.34
Karnali_Center,29.267,82.183,2025042312,2025-04-23 12:00:00,2025,4,23,12,20.68,17.84,5.74,5.03,42.83,934.67,22.46
Karnali_Center,29.267,82.183,2025042313,2025-04-23 13:00:00,2025,4,23,13,20.43,18.11,5.8,5.18,48.67,851.05,33.06
Karnali_Center,29.267,82.183,2025042314,2025-04-23 14:00:00,2025,4,23,14,19.8,18.47,5.67,5.16,49.96,692.17,45.39
Karnali_Center,29.267,82.183,2025042315,2025-04-23 15:00:00,2025,4,23,15,18.71,19.34,5.37,4.99,4.11,475.95,58.26
Karnali_Center,29.267,82.183,2025042316,2025-04-23 16:00:00,2025,4,23,16,17.1,20.76,4.61,4.37,7.17,253.23,71.26
Karnali_Center,29.267,82.183,2025042317,2025-04-23 17:00:00,2025,4,23,17,13.8,35.35,2.51,3.32,37.04,61.55,84.13
Karnali_Center,29.267,82.183,2025042318,2025-04-23 18:00:00,2025,4,23,18,10.83,41.58,1.96,2.44,36.13,0.0,90.0
Karnali_Center,29.267,82.183,2025042319,2025-04-23 19:00:00,2025,4,23,19,10.52,38.22,1.49,1.85,20.13,0.0,90.0
Karnali_Center,29.267,82.183,2025042320,2025-04-23 20:00:00,2025,4,23,20,9.83,37.95,1.33,1.65,13.02,0.0,90.0
Karnali_Center,29.267,82.183,2025042321,2025-04-23 21:00:00,2025,4,23,21,8.91,39.47,1.42,1.67,6.66,0.0,90.0
Karnali_Center,29.267,82.183,2025042322,2025-04-23 22:00:00,2025,4,23,22,7.82,41.83,1.62,1.83,5.05,0.0,90.0
Karnali_Center,29.267,82.183,2025042323,2025-04-23 23:00:00,2025,4,23,23,6.73,44.58,1.87,2.06,5.41,0.0,90.0
Karnali_Center,29.267,82.183,2025042400,2025-04-24 00:00:00,2025,4,24,0,5.77,46.61,2.07,2.24,2.84,0.0,90.0
Karnali_Center,29.267,82.183,2025042401,2025-04-24 01:00:00,2025,4,24,1,4.93,48.32,2.23,2.36,4.79,0.0,90.0
Karnali_Center,29.267,82.183,2025042402,2025-04-24 02:00:00,2025,4,24,2,4.61,47.9,2.19,2.29,8.7,0.0,90.0
Karnali_Center,29.267,82.183,2025042403,2025-04-24 03:00:00,2025,4,24,3,4.54,46.49,2.13,2.19,24.2,0.0,90.0
Karnali_Center,29.267,82.183,2025042404,2025-04-24 04:00:00,2025,4,24,4,4.66,44.35,2.01,2.05,23.48,0.0,90.0
Karnali_Center,29.267,82.183,2025042405,2025-04-24 05:00:00,2025,4,24,5,5.5,45.15,1.88,1.98,14.53,81.55,83.3
Karnali_Center,29.267,82.183,2025042406,2025-04-24 06:00:00,2025,4,24,6,9.84,36.62,1.58,1.41,21.12,301.58,70.4
Karnali_Center,29.267,82.183,2025042407,2025-04-24 07:00:00,2025,4,24,7,14.01,22.43,1.18,1.18,3.18,577.85,57.4
Karnali_Center,29.267,82.183,2025042408,2025-04-24 08:00:00,2025,4,24,8,16.17,19.34,2.65,2.28,3.77,799.83,44.52
Karnali_Center,29.267,82.183,2025042409,2025-04-24 09:00:00,2025,4,24,9,17.71,18.17,3.6,3.08,11.46,956.5,32.2
Karnali_Center,29.267,82.183,2025042410,2025-04-24 10:00:00,2025,4,24,10,18.87,17.58,4.55,3.94,14.19,1009.25,21.71
Karnali_Center,29.267,82.183,2025042411,2025-04-24 11:00:00,2025,4,24,11,19.55,17.55,5.36,4.75,37.55,947.38,17.02
Karnali_Center,29.267,82.183,2025042412,2025-04-24 12:00:00,2025,4,24,12,19.72,17.85,5.9,5.32,57.63,887.75,22.23
Karnali_Center,29.267,82.183,2025042413,2025-04-24 13:00:00,2025,4,24,13,19.39,18.11,6.07,5.57,13.77,783.2,32.9
Karnali_Center,29.267,82.183,2025042414,2025-04-24 14:00:00,2025,4,24,14,18.62,18.78,5.94,5.53,17.81,619.65,45.26
Karnali_Center,29.267,82.183,2025042415,2025-04-24 15:00:00,2025,4,24,15,17.42,19.97,5.47,5.19,26.4,422.48,58.15
Karnali_Center,29.267,82.183,2025042416,2025-04-24 16:00:00,2025,4,24,16,15.84,21.51,4.62,4.48,68.99,215.15,71.15
Karnali_Center,29.267,82.183,2025042417,2025-04-24 17:00:00,2025,4,24,17,12.82,34.72,2.61,3.47,75.63,48.62,84.02
Karnali_Center,29.267,82.183,2025042418,2025-04-24 18:00:00,2025,4,24,18,9.83,42.94,2.09,2.72,82.72,0.0,90.0
Karnali_Center,29.267,82.183,2025042419,2025-04-24 19:00:00,2025,4,24,19,9.54,39.57,1.75,2.23,63.15,0.0,90.0
Karnali_Center,29.267,82.183,2025042420,2025-04-24 20:00:00,2025,4,24,20,9.11,38.56,1.47,1.86,53.06,0.0,90.0
Karnali_Center,29.267,82.183,2025042421,2025-04-24 21:00:00,2025,4,24,21,8.52,38.37,1.21,1.54,36.29,0.0,90.0
Karnali_Center,29.267,82.183,2025042422,2025-04-24 22:00:00,2025,4,24,22,7.83,39.34,1.01,1.24,25.58,0.0,90.0
Karnali_Center,29.267,82.183,2025042423,2025-04-24 23:00:00,2025,4,24,23,7.13,40.45,1.2,1.37,25.28,0.0,90.0
Karnali_Center,29.267,82.183,2025042500,2025-04-25 00:00:00,2025,4,25,0,6.17,43.2,1.58,1.75,15.65,0.0,90.0
Karnali_Center,29.267,82.183,2025042501,2025-04-25 01:00:00,2025,4,25,1,5.16,46.06,1.88,2.05,18.92,0.0,90.0
Karnali_Center,29.267,82.183,2025042502,2025-04-25 02:00:00,2025,4,25,2,4.34,48.35,2.08,2.22,13.32,0.0,90.0
Karnali_Center,29.267,82.183,2025042503,2025-04-25 03:00:00,2025,4,25,3,3.62,50.14,2.23,2.34,13.56,0.0,90.0
Karnali_Center,29.267,82.183,2025042504,2025-04-25 04:00:00,2025,4,25,4,3.06,51.27,2.31,2.41,22.2,0.0,90.0
Karnali_Center,29.267,82.183,2025042505,2025-04-25 05:00:00,2025,4,25,5,3.71,54.34,2.2,2.43,22.66,76.55,83.1
Karnali_Center,29.267,82.183,2025042506,2025-04-25 06:00:00,2025,4,25,6,8.4,39.1,2.27,2.0,35.53,271.1,70.22
Karnali_Center,29.267,82.183,2025042507,2025-04-25 07:00:00,2025,4,25,7,12.47,25.66,0.31,0.05,33.47,533.2,57.21
Karnali_Center,29.267,82.183,2025042508,2025-04-25 08:00:00,2025,4,25,8,14.93,19.56,2.11,1.99,31.47,756.45,44.32
Karnali_Center,29.267,82.183,2025042509,2025-04-25 09:00:00,2025,4,25,9,16.49,17.95,3.5,3.14,29.69,842.25,31.98
Karnali_Center,29.267,82.183,2025042510,2025-04-25 10:00:00,2025,4,25,10,17.7,17.53,4.69,4.22,41.96,923.08,21.42
Karnali_Center,29.267,82.183,2025042511,2025-04-25 11:00:00,2025,4,25,11,18.43,17.98,5.59,5.15,62.33,924.2,16.7
Karnali_Center,29.267,82.183,2025042512,2025-04-25 12:00:00,2025,4,25,12,18.75,18.84,6.03,5.67,65.33,851.85,22.01
Karnali_Center,29.267,82.183,2025042513,2025-04-25 13:00:00,2025,4,25,13,18.72,19.93,6.22,5.95,24.73,723.03,32.75
Karnali_Center,29.267,82.183,2025042514,2025-04-25 14:00:00,2025,4,25,14,18.29,21.06,6.18,6.04,17.3,579.03,45.14
Karnali_Center,29.267,82.183,2025042515,2025-04-25 15:00:00,2025,4,25,15,17.46,22.24,5.79,5.75,78.71,391.27,58.04
Karnali_Center,29.267,82.183,2025042516,2025-04-25 16:00:00,2025,4,25,16,16.09,23.89,5.03,5.07,69.17,198.02,71.04
Karnali_Center,29.267,82.183,2025042517,2025-04-25 17:00:00,2025,4,25,17,13.49,34.6,2.84,3.98,57.62,51.03,83.9
Karnali_Center,29.267,82.183,2025042518,2025-04-25 18:00:00,2025,4,25,18,10.4,46.47,2.27,3.24,16.75,0.0,90.0
Karnali_Center,29.267,82.183,2025042519,2025-04-25 19:00:00,2025,4,25,19,9.9,42.05,1.96,2.59,6.43,0.0,90.0
Karnali_Center,29.267,82.183,2025042520,2025-04-25 20:00:00,2025,4,25,20,9.65,38.18,1.62,2.09,3.91,0.0,90.0
Karnali_Center,29.267,82.183,2025042521,2025-04-25 21:00:00,2025,4,25,21,9.31,36.6,1.21,1.57,2.73,0.0,90.0
Karnali_Center,29.267,82.183,2025042522,2025-04-25 22:00:00,2025,4,25,22,9.09,35.24,0.8,1.04,9.16,0.0,90.0
Karnali_Center,29.267,82.183,2025042523,2025-04-25 23:00:00,2025,4,25,23,8.76,34.79,0.82,0.93,5.71,0.0,90.0
Karnali_Center,29.267,82.183,2025042600,2025-04-26 00:00:00,2025,4,26,0,7.59,37.87,1.21,1.34,6.68,0.0,90.0
Karnali_Center,29.267,82.183,2025042601,2025-04-26 01:00:00,2025,4,26,1,6.68,40.29,1.65,1.76,12.21,0.0,90.0
Karnali_Center,29.267,82.183,2025042602,2025-04-26 02:00:00,2025,4,26,2,5.88,42.93,1.86,1.92,10.48,0.0,90.0
Karnali_Center,29.267,82.183,2025042603,2025-04-26 03:00:00,2025,4,26,3,5.19,45.16,2.01,2.06,15.02,0.0,90.0
Karnali_Center,29.267,82.183,2025042604,2025-04-26 04:00:00,2025,4,26,4,4.61,46.91,2.12,2.16,19.67,0.0,90.0
Karnali_Center,29.267,82.183,2025042605,2025-04-26 05:00:00,2025,4,26,5,5.02,50.49,2.1,2.22,20.56,82.95,82.9
Karnali_Center,29.267,82.183,2025042606,2025-04-26 06:00:00,2025,4,26,6,9.39,38.23,2.17,1.94,36.43,292.98,70.04
Karnali_Center,29.267,82.183,2025042607,2025-04-26 07:00:00,2025,4,26,7,13.82,25.03,0.35,0.54,3.16,595.08,57.03
Karnali_Center,29.267,82.183,2025042608,2025-04-26 08:00:00,2025,4,26,8,16.36,21.64,2.53,2.2,19.66,807.38,44.13
Karnali_Center,29.267,82.183,2025042609,2025-04-26 09:00:00,2025,4,26,9,17.86,20.36,3.54,3.0,53.48,816.7,31.76
Karnali_Center,29.267,82.183,2025042610,2025-04-26 10:00:00,2025,4,26,10,18.94,19.55,4.23,3.61,82.8,641.62,21.15
Karnali_Center,29.267,82.183,2025042611,2025-04-26 11:00:00,2025,4,26,11,19.65,18.89,4.77,4.16,90.05,615.33,16.39
Karnali_Center,29.267,82.183,2025042612,2025-04-26 12:00:00,2025,4,26,12,19.94,18.15,5.18,4.65,88.26,583.88,21.78
Karnali_Center,29.267,82.183,2025042613,2025-04-26 13:00:00,2025,4,26,13,19.86,17.38,5.48,5.04,93.91,571.17,32.6
Karnali_Center,29.267,82.183,2025042614,2025-04-26 14:00:00,2025,4,26,14,19.28,16.57,5.6,5.28,94.03,425.88,45.03
Karnali_Center,29.267,82.183,2025042615,2025-04-26 15:00:00,2025,4,26,15,18.21,16.06,5.36,5.15,92.04,263.73,57.93
Karnali_Center,29.267,82.183,2025042616,2025-04-26 16:00:00,2025,4,26,16,16.59,16.28,4.73,4.64,90.01,117.12,70.93
Karnali_Center,29.267,82.183,2025042617,2025-04-26 17:00:00,2025,4,26,17,13.1,30.11,2.57,3.57,85.74,32.67,83.78
Karnali_Center,29.267,82.183,2025042618,2025-04-26 18:00:00,2025,4,26,18,9.96,36.73,2.12,2.7,78.12,0.0,90.0
Karnali_Center,29.267,82.183,2025042619,2025-04-26 19:00:00,2025,4,26,19,9.68,32.95,1.67,2.08,39.81,0.0,90.0
Karnali_Center,29.267,82.183,2025042620,2025-04-26 20:00:00,2025,4,26,20,9.52,31.0,1.1,1.35,34.12,0.0,90.0
Karnali_Center,29.267,82.183,2025042621,2025-04-26 21:00:00,2025,4,26,21,8.94,32.14,0.93,1.12,33.09,0.0,90.0
Karnali_Center,29.267,82.183,2025042622,2025-04-26 22:00:00,2025,4,26,22,8.22,34.48,1.27,1.45,64.2,0.0,90.0
Karnali_Center,29.267,82.183,2025042623,2025-04-26 23:00:00,2025,4,26,23,7.31,37.13,1.59,1.77,51.06,0.0,90.0
Karnali_Center,29.267,82.183,2025042700,2025-04-27 00:00:00,2025,4,27,0,6.49,39.85,1.81,1.98,35.2,0.0,90.0
Karnali_Center,29.267,82.183,2025042701,2025-04-27 01:00:00,2025,4,27,1,5.81,42.63,1.99,2.14,18.58,0.0,90.0
Karnali_Center,29.267,82.183,2025042702,2025-04-27 02:00:00,2025,4,27,2,5.08,44.17,2.22,2.35,39.32,0.0,90.0
Karnali_Center,29.267,82.183,2025042703,2025-04-27 03:00:00,2025,4,27,3,4.53,44.94,2.34,2.46,33.39,0.0,90.0
Karnali_Center,29.267,82.183,2025042704,2025-04-27 04:00:00,2025,4,27,4,4.21,45.54,2.38,2.5,40.29,0.0,90.0
Karnali_Center,29.267,82.183,2025042705,2025-04-27 05:00:00,2025,4,27,5,5.07,49.22,2.21,2.48,51.92,64.7,82.7
Karnali_Center,29.267,82.183,2025042706,2025-04-27 06:00:00,2025,4,27,6,9.11,31.93,2.55,2.28,68.67,162.73,69.86
Karnali_Center,29.267,82.183,2025042707,2025-04-27 07:00:00,2025,4,27,7,13.06,22.65,2.16,2.19,73.6,326.52,56.85
Karnali_Center,29.267,82.183,2025042708,2025-04-27 08:00:00,2025,4,27,8,15.68,20.16,1.21,1.07,73.19,470.95,43.94
Karnali_Center,29.267,82.183,2025042709,2025-04-27 09:00:00,2025,4,27,9,17.49,19.7,2.37,1.75,84.36,566.25,31.55
Karnali_Center,29.267,82.183,2025042710,2025-04-27 10:00:00,2025,4,27,10,18.62,19.9,4.14,3.47,89.42,637.5,20.88
Karnali_Center,29.267,82.183,2025042711,2025-04-27 11:00:00,2025,4,27,11,19.0,21.16,5.58,4.98,89.76,637.05,16.08
Karnali_Center,29.267,82.183,2025042712,2025-04-27 12:00:00,2025,4,27,12,18.39,23.89,6.37,5.92,99.7,772.6,21.57
Karnali_Center,29.267,82.183,2025042713,2025-04-27 13:00:00,2025,4,27,13,17.27,27.57,6.31,6.03,99.32,652.45,32.46
Karnali_Center,29.267,82.183,2025042714,2025-04-27 14:00:00,2025,4,27,14,15.98,31.25,5.63,5.5,95.24,501.02,44.91
Karnali_Center,29.267,82.183,2025042715,2025-04-27 15:00:00,2025,4,27,15,14.63,34.71,4.7,4.67,92.26,308.98,57.83
Karnali_Center,29.267,82.183,2025042716,2025-04-27 16:00:00,2025,4,27,16,13.18,38.6,3.6,3.66,85.94,139.62,70.82
Karnali_Center,29.267,82.183,2025042717,2025-04-27 17:00:00,2025,4,27,17,11.69,46.55,2.17,2.62,76.21,40.5,83.66
Karnali_Center,29.267,82.183,2025042718,2025-04-27 18:00:00,2025,4,27,18,10.21,57.42,1.29,1.92,67.3,0.0,90.0
Karnali_Center,29.267,82.183,2025042719,2025-04-27 19:00:00,2025,4,27,19,9.84,55.66,1.21,1.67,66.64,0.0,90.0
Karnali_Center,29.267,82.183,2025042720,2025-04-27 20:00:00,2025,4,27,20,9.48,53.05,1.15,1.5,74.75,0.0,90.0
Karnali_Center,29.267,82.183,2025042721,2025-04-27 21:00:00,2025,4,27,21,9.08,51.3,0.79,1.02,47.93,0.0,90.0
Karnali_Center,29.267,82.183,2025042722,2025-04-27 22:00:00,2025,4,27,22,8.49,52.54,0.56,0.78,40.36,0.0,90.0
Karnali_Center,29.267,82.183,2025042723,2025-04-27 23:00:00,2025,4,27,23,8.08,54.11,0.55,0.77,46.06,0.0,90.0
Karnali_Center,29.267,82.183,2025042800,2025-04-28 00:00:00,2025,4,28,0,7.57,56.98,0.66,0.89,43.02,0.0,90.0
Karnali_Center,29.267,82.183,2025042801,2025-04-28 01:00:00,2025,4,28,1,7.02,59.47,0.81,1.06,31.83,0.0,90.0
Karnali_Center,29.267,82.183,2025042802,2025-04-28 02:00:00,2025,4,28,2,6.55,61.04,0.89,1.15,31.86,0.0,90.0
Karnali_Center,29.267,82.183,2025042803,2025-04-28 03:00:00,2025,4,28,3,6.24,60.77,0.83,1.05,18.08,0.0,90.0
Karnali_Center,29.267,82.183,2025042804,2025-04-28 04:00:00,2025,4,28,4,6.01,59.15,0.72,0.83,31.82,0.0,90.0
Karnali_Center,29.267,82.183,2025042805,2025-04-28 05:00:00,2025,4,28,5,6.19,60.98,0.73,0.76,37.04,58.83,82.5
Karnali_Center,29.267,82.183,2025042806,2025-04-28 06:00:00,2025,4,28,6,8.46,49.92,0.73,0.72,46.07,191.88,69.68
Karnali_Center,29.267,82.183,2025042807,2025-04-28 07:00:00,2025,4,28,7,11.39,36.47,1.36,1.54,47.63,369.48,56.68
Karnali_Center,29.267,82.183,2025042808,2025-04-28 08:00:00,2025,4,28,8,14.74,25.57,1.38,1.4,49.02,423.75,43.76
Karnali_Center,29.267,82.183,2025042809,2025-04-28 09:00:00,2025,4,28,9,17.59,19.7,2.06,1.26,73.39,540.97,31.34
Karnali_Center,29.267,82.183,2025042810,2025-04-28 10:00:00,2025,4,28,10,19.32,17.6,3.55,2.47,77.12,578.4,20.61
Karnali_Center,29.267,82.183,2025042811,2025-04-28 11:00:00,2025,4,28,11,19.99,18.4,5.29,4.27,82.55,632.72,15.78
Karnali_Center,29.267,82.183,2025042812,2025-04-28 12:00:00,2025,4,28,12,19.55,22.24,6.81,5.93,94.52,765.5,21.35
Karnali_Center,29.267,82.183,2025042813,2025-04-28 13:00:00,2025,4,28,13,18.05,28.42,7.38,6.61,90.92,625.62,32.31
Karnali_Center,29.267,82.183,2025042814,2025-04-28 14:00:00,2025,4,28,14,15.64,35.85,6.74,6.08,96.08,461.1,44.79
Karnali_Center,29.267,82.183,2025042815,2025-04-28 15:00:00,2025,4,28,15,13.52,43.28,5.67,5.14,65.56,327.67,57.72
Karnali_Center,29.267,82.183,2025042816,2025-04-28 16:00:00,2025,4,28,16,11.92,50.4,4.6,4.22,98.87,161.88,70.71
Karnali_Center,29.267,82.183,2025042817,2025-04-28 17:00:00,2025,4,28,17,10.64,57.14,3.35,3.28,99.18,36.05,83.54
Karnali_Center,29.267,82.183,2025042818,2025-04-28 18:00:00,2025,4,28,18,9.5,63.46,2.11,2.46,99.74,0.0,90.0
Karnali_Center,29.267,82.183,2025042819,2025-04-28 19:00:00,2025,4,28,19,8.54,67.73,1.11,1.66,88.62,0.0,90.0
Karnali_Center,29.267,82.183,2025042820,2025-04-28 20:00:00,2025,4,28,20,7.91,68.98,0.63,1.01,66.91,0.0,90.0
Karnali_Center,29.267,82.183,2025042821,2025-04-28 21:00:00,2025,4,28,21,7.5,68.47,0.07,0.25,65.06,0.0,90.0
Karnali_Center,29.267,82.183,2025042822,2025-04-28 22:00:00,2025,4,28,22,6.86,69.41,0.81,0.79,53.32,0.0,90.0
Karnali_Center,29.267,82.183,2025042823,2025-04-28 23:00:00,2025,4,28,23,6.12,67.63,1.41,1.49,27.46,0.0,90.0
Karnali_Center,29.267,82.183,2025042900,2025-04-29 00:00:00,2025,4,29,0,5.68,62.27,1.69,1.78,28.39,0.0,90.0
Karnali_Center,29.267,82.183,2025042901,2025-04-29 01:00:00,2025,4,29,1,5.38,56.75,1.85,1.96,18.31,0.0,90.0
Karnali_Center,29.267,82.183,2025042902,2025-04-29 02:00:00,2025,4,29,2,5.33,50.13,1.94,2.03,30.83,0.0,90.0
Karnali_Center,29.267,82.183,2025042903,2025-04-29 03:00:00,2025,4,29,3,5.44,43.87,1.95,2.03,29.68,0.0,90.0
Karnali_Center,29.267,82.183,2025042904,2025-04-29 04:00:00,2025,4,29,4,5.27,38.85,1.93,2.0,36.72,0.0,90.0
Karnali_Center,29.267,82.183,2025042905,2025-04-29 05:00:00,2025,4,29,5,6.14,37.58,1.89,2.04,23.99,73.2,82.3
Karnali_Center,29.267,82.183,2025042906,2025-04-29 06:00:00,2025,4,29,6,10.42,27.57,2.07,2.08,16.44,284.3,69.51
Karnali_Center,29.267,82.183,2025042907,2025-04-29 07:00:00,2025,4,29,7,14.43,14.93,2.36,2.89,3.14,506.8,56.51
Karnali_Center,29.267,82.183,2025042908,2025-04-29 08:00:00,2025,4,29,8,17.39,11.19,1.91,2.89,3.77,756.3,43.59
Karnali_Center,29.267,82.183,2025042909,2025-04-29 09:00:00,2025,4,29,9,19.49,10.26,0.8,1.82,12.47,928.72,31.14
Karnali_Center,29.267,82.183,2025042910,2025-04-29 10:00:00,2025,4,29,10,21.03,10.02,1.28,0.44,13.08,1028.3,20.35
Karnali_Center,29.267,82.183,2025042911,2025-04-29 11:00:00,2025,4,29,11,21.89,10.5,3.05,1.84,39.7,967.65,15.48
Karnali_Center,29.267,82.183,2025042912,2025-04-29 12:00:00,2025,4,29,12,21.9,12.5,4.72,3.53,70.53,810.38,21.15
Karnali_Center,29.267,82.183,2025042913,2025-04-29 13:00:00,2025,4,29,13,20.9,17.66,6.25,5.23,76.41,691.65,32.17
Karnali_Center,29.267,82.183,2025042914,2025-04-29 14:00:00,2025,4,29,14,18.81,25.89,6.84,6.01,87.92,627.42,44.68
Karnali_Center,29.267,82.183,2025042915,2025-04-29 15:00:00,2025,4,29,15,16.39,35.43,6.1,5.41,85.15,365.35,57.61
Karnali_Center,29.267,82.183,2025042916,2025-04-29 16:00:00,2025,4,29,16,13.97,43.88,4.62,4.09,80.48,197.15,70.6
Karnali_Center,29.267,82.183,2025042917,2025-04-29 17:00:00,2025,4,29,17,12.01,52.54,3.04,2.91,81.29,42.1,83.41
Karnali_Center,29.267,82.183,2025042918,2025-04-29 18:00:00,2025,4,29,18,9.89,63.83,1.43,2.03,78.38,0.0,90.0
Karnali_Center,29.267,82.183,2025042919,2025-04-29 19:00:00,2025,4,29,19,9.21,65.28,0.81,1.1,58.69,0.0,90.0
Karnali_Center,29.267,82.183,2025042920,2025-04-29 20:00:00,2025,4,29,20,8.79,65.95,0.3,0.37,58.43,0.0,90.0
Karnali_Center,29.267,82.183,2025042921,2025-04-29 21:00:00,2025,4,29,21,7.89,68.23,1.02,1.06,54.24,0.0,90.0
Karnali_Center,29.267,82.183,2025042922,2025-04-29 22:00:00,2025,4,29,22,7.31,67.01,1.39,1.5,47.01,0.0,90.0
Karnali_Center,29.267,82.183,2025042923,2025-04-29 23:00:00,2025,4,29,23,7.03,62.2,1.4,1.48,28.54,0.0,90.0
Karnali_Center,29.267,82.183,2025043000,2025-04-30 00:00:00,2025,4,30,0,6.7,56.8,1.26,1.32,14.2,0.0,90.0
Karnali_Center,29.267,82.183,2025043001,2025-04-30 01:00:00,2025,4,30,1,6.62,51.43,1.15,1.18,6.43,0.0,90.0
Karnali_Center,29.267,82.183,2025043002,2025-04-30 02:00:00,2025,4,30,2,6.12,48.35,1.17,1.23,11.39,0.0,90.0
Karnali_Center,29.267,82.183,2025043003,2025-04-30 03:00:00,2025,4,30,3,5.89,45.28,1.19,1.19,16.25,0.0,90.0
Karnali_Center,29.267,82.183,2025043004,2025-04-30 04:00:00,2025,4,30,4,5.11,44.68,1.42,1.39,20.54,0.0,90.0
Karnali_Center,29.267,82.183,2025043005,2025-04-30 05:00:00,2025,4,30,5,5.67,44.52,1.72,1.71,16.37,80.18,82.11
Karnali_Center,29.267,82.183,2025043006,2025-04-30 06:00:00,2025,4,30,6,9.83,32.4,2.07,1.88,21.11,297.92,69.35
Karnali_Center,29.267,82.183,2025043007,2025-04-30 07:00:00,2025,4,30,7,15.12,15.97,2.27,2.94,2.53,531.17,56.35
Karnali_Center,29.267,82.183,2025043008,2025-04-30 08:00:00,2025,4,30,8,18.6,11.45,1.56,2.47,17.05,775.35,43.42
Karnali_Center,29.267,82.183,2025043009,2025-04-30 09:00:00,2025,4,30,9,20.65,11.31,1.81,1.76,21.06,875.78,30.94
Karnali_Center,29.267,82.183,2025043010,2025-04-30 10:00:00,2025,4,30,10,21.87,12.38,3.04,2.07,64.91,746.2,20.1
Karnali_Center,29.267,82.183,2025043011,2025-04-30 11:00:00,2025,4,30,11,22.05,15.8,4.41,3.17,89.35,835.2,15.18
Karnali_Center,29.267,82.183,2025043012,2025-04-30 12:00:00,2025,4,30,12,21.26,22.59,5.8,4.56,96.85,766.8,20.94
Karnali_Center,29.267,82.183,2025043013,2025-04-30 13:00:00,2025,4,30,13,19.33,33.2,6.69,5.65,99.45,701.67,32.03
Karnali_Center,29.267,82.183,2025043014,2025-04-30 14:00:00,2025,4,30,14,17.0,44.01,5.98,5.09,99.46,580.47,44.57
Karnali_Center,29.267,82.183,2025043015,2025-04-30 15:00:00,2025,4,30,15,14.69,54.12,5.14,4.5,90.84,341.23,57.51
Karnali_Center,29.267,82.183,2025043016,2025-04-30 16:00:00,2025,4,30,16,12.77,64.06,4.22,3.77,88.41,175.55,70.49
Karnali_Center,29.267,82.183,2025043017,2025-04-30 17:00:00,2025,4,30,17,11.35,73.38,3.21,3.04,94.5,28.25,83.29
Karnali_Center,29.267,82.183,2025043018,2025-04-30 18:00:00,2025,4,30,18,10.22,80.38,2.48,2.43,94.72,0.0,90.0
Karnali_Center,29.267,82.183,2025043019,2025-04-30 19:00:00,2025,4,30,19,9.76,84.01,1.85,1.87,95.44,0.0,90.0
Karnali_Center,29.267,82.183,2025043020,2025-04-30 20:00:00,2025,4,30,20,9.3,87.15,1.3,1.37,94.12,0.0,90.0
Karnali_Center,29.267,82.183,2025043021,2025-04-30 21:00:00,2025,4,30,21,8.79,90.18,0.78,0.9,94.23,0.0,90.0
Karnali_Center,29.267,82.183,2025043022,2025-04-30 22:00:00,2025,4,30,22,8.51,90.63,0.18,0.41,90.88,0.0,90.0
Karnali_Center,29.267,82.183,2025043023,2025-04-30 23:00:00,2025,4,30,23,8.28,89.91,0.22,0.28,89.78,0.0,90.0
Karnali_Center,29.267,82.183,2025050100,2025-05-01 00:00:00,2025,5,1,0,7.91,89.56,0.32,0.33,62.93,0.0,90.0
Karnali_Center,29.267,82.183,2025050101,2025-05-01 01:00:00,2025,5,1,1,7.63,87.97,0.38,0.33,63.9,0.0,90.0
Karnali_Center,29.267,82.183,2025050102,2025-05-01 02:00:00,2025,5,1,2,7.43,85.29,0.53,0.45,50.3,0.0,90.0
Karnali_Center,29.267,82.183,2025050103,2025-05-01 03:00:00,2025,5,1,3,7.37,81.31,0.54,0.48,47.89,0.0,90.0
Karnali_Center,29.267,82.183,2025050104,2025-05-01 04:00:00,2025,5,1,4,7.28,78.15,0.32,0.23,48.3,0.7,89.89
Karnali_Center,29.267,82.183,2025050105,2025-05-01 05:00:00,2025,5,1,5,7.67,74.85,0.07,0.18,4.43,93.07,82.02
Karnali_Center,29.267,82.183,2025050106,2025-05-01 06:00:00,2025,5,1,6,10.14,66.57,1.12,1.16,4.43,326.67,69.18
Karnali_Center,29.267,82.183,2025050107,2025-05-01 07:00:00,2025,5,1,7,12.98,55.12,2.16,1.65,4.43,596.08,56.19
Karnali_Center,29.267,82.183,2025050108,2025-05-01 08:00:00,2025,5,1,8,15.03,47.46,3.2,2.34,30.36,782.2,43.25
Karnali_Center,29.267,82.183,2025050109,2025-05-01 09:00:00,2025,5,1,9,16.07,43.95,4.05,3.05,14.38,974.88,30.75
Karnali_Center,29.267,82.183,2025050110,2025-05-01 10:00:00,2025,5,1,10,16.55,43.47,4.82,3.76,80.11,548.42,19.85
Karnali_Center,29.267,82.183,2025050111,2025-05-01 11:00:00,2025,5,1,11,16.6,44.76,5.54,4.47,94.24,434.48,14.89
Karnali_Center,29.267,82.183,2025050112,2025-05-01 12:00:00,2025,5,1,12,16.13,47.6,6.01,5.04,99.8,304.52,20.74
Karnali_Center,29.267,82.183,2025050113,2025-05-01 13:00:00,2025,5,1,13,15.04,53.44,5.89,5.09,95.88,332.45,31.89
Karnali_Center,29.267,82.183,2025050114,2025-05-01 14:00:00,2025,5,1,14,14.1,58.48,5.2,4.56,94.47,183.18,44.46
Karnali_Center,29.267,82.183,2025050115,2025-05-01 15:00:00,2025,5,1,15,12.81,64.69,4.23,3.73,85.52,143.1,57.4
Karnali_Center,29.267,82.183,2025050116,2025-05-01 16:00:00,2025,5,1,16,11.81,70.1,3.41,3.03,99.35,62.03,70.38
Karnali_Center,29.267,82.183,2025050117,2025-05-01 17:00:00,2025,5,1,17,10.7,76.66,2.61,2.4,99.59,16.12,83.17
Karnali_Center,29.267,82.183,2025050118,2025-05-01 18:00:00,2025,5,1,18,9.35,86.22,1.58,1.68,99.16,0.0,90.0
Karnali_Center,29.267,82.183,2025050119,2025-05-01 19:00:00,2025,5,1,19,8.67,92.06,0.8,1.09,99.27,0.0,90.0
Karnali_Center,29.267,82.183,2025050120,2025-05-01 20:00:00,2025,5,1,20,8.33,94.34,0.56,0.81,88.07,0.0,90.0
Karnali_Center,29.267,82.183,2025050121,2025-05-01 21:00:00,2025,5,1,21,8.07,94.94,0.57,0.76,75.26,0.0,90.0
Karnali_Center,29.267,82.183,2025050122,2025-05-01 22:00:00,2025,5,1,22,7.81,95.08,0.68,0.89,49.28,0.0,90.0
Karnali_Center,29.267,82.183,2025050123,2025-05-01 23:00:00,2025,5,1,23,7.66,94.04,0.79,1.0,32.14,0.0,90.0
Karnali_Center,29.267,82.183,2025050200,2025-05-02 00:00:00,2025,5,2,0,7.4,93.32,0.92,1.12,27.08,0.0,90.0
Karnali_Center,29.267,82.183,2025050201,2025-05-02 01:00:00,2025,5,2,1,7.16,92.54,1.03,1.24,19.03,0.0,90.0
Karnali_Center,29.267,82.183,2025050202,2025-05-02 02:00:00,2025,5,2,2,7.11,90.68,0.98,1.15,23.01,0.0,90.0
Karnali_Center,29.267,82.183,2025050203,2025-05-02 03:00:00,2025,5,2,3,7.21,88.39,0.76,0.86,45.18,0.0,90.0
Karnali_Center,29.267,82.183,2025050204,2025-05-02 04:00:00,2025,5,2,4,7.32,86.55,0.54,0.56,69.77,0.0,90.0
Karnali_Center,29.267,82.183,2025050205,2025-05-02 05:00:00,2025,5,2,5,7.75,84.66,0.47,0.5,52.96,84.18,81.72
Karnali_Center,29.267,82.183,2025050206,2025-05-02 06:00:00,2025,5,2,6,9.77,76.93,0.58,0.57,45.39,265.88,69.03
Karnali_Center,29.267,82.183,2025050207,2025-05-02 07:00:00,2025,5,2,7,12.16,64.65,1.78,1.28,4.46,587.62,56.03
Karnali_Center,29.267,82.183,2025050208,2025-05-02 08:00:00,2025,5,2,8,14.26,53.46,2.82,1.89,21.94,772.4,43.09
Karnali_Center,29.267,82.183,2025050209,2025-05-02 09:00:00,2025,5,2,9,15.5,48.62,4.06,2.88,42.04,652.05,30.57
Karnali_Center,29.267,82.183,2025050210,2025-05-02 10:00:00,2025,5,2,10,16.12,47.28,5.07,3.79,79.7,652.03,19.61
Karnali_Center,29.267,82.183,2025050211,2025-05-02 11:00:00,2025,5,2,11,16.04,48.5,5.61,4.34,92.45,715.45,14.6
Karnali_Center,29.267,82.183,2025050212,2025-05-02 12:00:00,2025,5,2,12,16.07,49.0,5.75,4.56,99.2,715.47,20.54
Karnali_Center,29.267,82.183,2025050213,2025-05-02 13:00:00,2025,5,2,13,16.02,49.56,5.4,4.28,97.37,615.67,31.76
Karnali_Center,29.267,82.183,2025050214,2025-05-02 14:00:00,2025,5,2,14,15.69,50.64,4.65,3.62,93.77,483.92,44.35
Karnali_Center,29.267,82.183,2025050215,2025-05-02 15:00:00,2025,5,2,15,14.86,53.33,3.87,3.02,81.18,262.02,57.3
Karnali_Center,29.267,82.183,2025050216,2025-05-02 16:00:00,2025,5,2,16,13.67,57.66,3.16,2.53,65.58,170.55,70.27
Karnali_Center,29.267,82.183,2025050217,2025-05-02 17:00:00,2025,5,2,17,11.97,65.13,2.43,2.13,50.19,48.62,83.04
Karnali_Center,29.267,82.183,2025050218,2025-05-02 18:00:00,2025,5,2,18,10.28,74.82,1.24,1.64,33.81,0.0,90.0
Karnali_Center,29.267,82.183,2025050219,2025-05-02 19:00:00,2025,5,2,19,9.48,80.16,1.0,1.17,43.75,0.0,90.0
Karnali_Center,29.267,82.183,2025050220,2025-05-02 20:00:00,2025,5,2,20,8.91,84.42,0.57,0.81,43.44,0.0,90.0
Karnali_Center,29.267,82.183,2025050221,2025-05-02 21:00:00,2025,5,2,21,8.32,87.94,0.42,0.53,47.18,0.0,90.0
Karnali_Center,29.267,82.183,2025050222,2025-05-02 22:00:00,2025,5,2,22,7.83,90.33,0.57,0.62,56.45,0.0,90.0
Karnali_Center,29.267,82.183,2025050223,2025-05-02 23:00:00,2025,5,2,23,7.23,92.46,0.97,1.08,63.98,0.0,90.0
Karnali_Center,29.267,82.183,2025050300,2025-05-03 00:00:00,2025,5,3,0,6.88,92.2,1.14,1.24,52.58,0.0,90.0
Karnali_Center,29.267,82.183,2025050301,2025-05-03 01:00:00,2025,5,3,1,6.83,89.44,1.1,1.19,60.3,0.0,90.0
Karnali_Center,29.267,82.183,2025050302,2025-05-03 02:00:00,2025,5,3,2,6.69,87.12,1.01,1.07,55.63,0.0,90.0
Karnali_Center,29.267,82.183,2025050303,2025-05-03 03:00:00,2025,5,3,3,6.63,84.21,0.9,0.98,78.29,0.0,90.0
Karnali_Center,29.267,82.183,2025050304,2025-05-03 04:00:00,2025,5,3,4,7.04,78.85,0.79,0.84,84.5,0.0,90.0
Karnali_Center,29.267,82.183,2025050305,2025-05-03 05:00:00,2025,5,3,5,8.05,72.71,0.66,0.7,89.52,47.62,81.53
Karnali_Center,29.267,82.183,2025050306,2025-05-03 06:00:00,2025,5,3,6,10.34,67.21,0.82,0.76,93.95,159.68,68.87
Karnali_Center,29.267,82.183,2025050307,2025-05-03 07:00:00,2025,5,3,7,12.33,60.87,2.12,1.68,98.22,304.58,55.88
Karnali_Center,29.267,82.183,2025050308,2025-05-03 08:00:00,2025,5,3,8,13.79,55.06,2.98,2.27,6.84,464.62,42.93
Karnali_Center,29.267,82.183,2025050309,2025-05-03 09:00:00,2025,5,3,9,14.56,52.18,3.36,2.54,89.35,508.85,30.39
Karnali_Center,29.267,82.183,2025050310,2025-05-03 10:00:00,2025,5,3,10,14.94,50.97,3.54,2.68,86.39,590.62,19.37
Karnali_Center,29.267,82.183,2025050311,2025-05-03 11:00:00,2025,5,3,11,15.01,51.11,3.53,2.72,84.87,714.4,14.32
Karnali_Center,29.267,82.183,2025050312,2025-05-03 12:00:00,2025,5,3,12,14.65,52.21,3.31,2.61,84.65,662.4,20.35
Karnali_Center,29.267,82.183,2025050313,2025-05-03 13:00:00,2025,5,3,13,14.33,53.34,3.08,2.48,55.09,581.83,31.63
Karnali_Center,29.267,82.183,2025050314,2025-05-03 14:00:00,2025,5,3,14,13.89,54.84,2.91,2.4,88.43,481.4,44.24
Karnali_Center,29.267,82.183,2025050315,2025-05-03 15:00:00,2025,5,3,15,13.36,56.66,2.75,2.33,88.53,283.45,57.2
Karnali_Center,29.267,82.183,2025050316,2025-05-03 16:00:00,2025,5,3,16,12.67,59.59,2.48,2.18,89.36,163.4,70.16
Karnali_Center,29.267,82.183,2025050317,2025-05-03 17:00:00,2025,5,3,17,11.65,65.42,2.05,1.96,87.44,44.1,82.91
Karnali_Center,29.267,82.183,2025050318,2025-05-03 18:00:00,2025,5,3,18,10.12,75.62,1.19,1.66,82.49,0.0,90.0
Karnali_Center,29.267,82.183,2025050319,2025-05-03 19:00:00,2025,5,3,19,9.58,79.9,0.99,1.32,53.1,0.0,90.0
Karnali_Center,29.267,82.183,2025050320,2025-05-03 20:00:00,2025,5,3,20,9.23,82.81,0.77,1.0,37.73,0.0,90.0
Karnali_Center,29.267,82.183,2025050321,2025-05-03 21:00:00,2025,5,3,21,8.91,85.41,0.55,0.72,45.63,0.0,90.0
Karnali_Center,29.267,82.183,2025050322,2025-05-03 22:00:00,2025,5,3,22,8.6,87.5,0.49,0.64,76.13,0.0,90.0
Karnali_Center,29.267,82.183,2025050323,2025-05-03 23:00:00,2025,5,3,23,8.31,89.19,0.48,0.62,73.1,0.0,90.0
Karnali_Center,29.267,82.183,2025050400,2025-05-04 00:00:00,2025,5,4,0,8.03,90.22,0.49,0.6,72.51,0.0,90.0
Karnali_Center,29.267,82.183,2025050401,2025-05-04 01:00:00,2025,5,4,1,7.67,91.33,0.62,0.75,67.88,0.0,90.0
Karnali_Center,29.267,82.183,2025050402,2025-05-04 02:00:00,2025,5,4,2,7.23,92.28,0.9,1.12,71.84,0.0,90.0
Karnali_Center,29.267,82.183,2025050403,2025-05-04 03:00:00,2025,5,4,3,6.65,92.49,1.21,1.47,34.68,0.0,90.0
Karnali_Center,29.267,82.183,2025050404,2025-05-04 04:00:00,2025,5,4,4,6.19,90.65,1.32,1.55,74.34,0.0,90.0
Karnali_Center,29.267,82.183,2025050405,2025-05-04 05:00:00,2025,5,4,5,7.02,83.65,0.99,1.17,85.77,59.12,81.34
Karnali_Center,29.267,82.183,2025050406,2025-05-04 06:00:00,2025,5,4,6,9.57,73.12,0.52,0.6,93.98,145.32,68.72
Karnali_Center,29.267,82.183,2025050407,2025-05-04 07:00:00,2025,5,4,7,11.4,65.36,1.7,1.42,97.72,320.67,55.74
Karnali_Center,29.267,82.183,2025050408,2025-05-04 08:00:00,2025,5,4,8,13.39,55.72,2.05,1.61,99.38,445.67,42.78
Karnali_Center,29.267,82.183,2025050409,2025-05-04 09:00:00,2025,5,4,9,15.34,47.85,2.59,1.96,65.77,496.6,30.22
Karnali_Center,29.267,82.183,2025050410,2025-05-04 10:00:00,2025,5,4,10,16.84,43.03,3.34,2.52,48.8,574.72,19.15
Karnali_Center,29.267,82.183,2025050411,2025-05-04 11:00:00,2025,5,4,11,17.63,41.47,4.16,3.24,99.71,571.9,14.04
Karnali_Center,29.267,82.183,2025050412,2025-05-04 12:00:00,2025,5,4,12,17.36,43.31,4.84,3.98,97.2,507.73,20.16
Karnali_Center,29.267,82.183,2025050413,2025-05-04 13:00:00,2025,5,4,13,16.14,48.35,5.09,4.42,97.18,442.27,31.5
Karnali_Center,29.267,82.183,2025050414,2025-05-04 14:00:00,2025,5,4,14,14.49,55.21,4.86,4.34,97.0,342.58,44.13
Karnali_Center,29.267,82.183,2025050415,2025-05-04 15:00:00,2025,5,4,15,13.07,61.09,4.21,3.81,97.21,211.55,57.09
Karnali_Center,29.267,82.183,2025050416,2025-05-04 16:00:00,2025,5,4,16,12.01,65.27,3.31,3.06,98.56,108.28,70.06
Karnali_Center,29.267,82.183,2025050417,2025-05-04 17:00:00,2025,5,4,17,10.85,72.37,2.17,2.12,99.04,29.7,82.78
Karnali_Center,29.267,82.183,2025050418,2025-05-04 18:00:00,2025,5,4,18,9.38,84.56,0.97,1.33,99.64,0.0,90.0
Karnali_Center,29.267,82.183,2025050419,2025-05-04 19:00:00,2025,5,4,19,8.81,86.71,0.82,1.03,99.5,0.0,90.0
Karnali_Center,29.267,82.183,2025050420,2025-05-04 20:00:00,2025,5,4,20,8.63,87.51,0.61,0.78,99.72,0.0,90.0
Karnali_Center,29.267,82.183,2025050421,2025-05-04 21:00:00,2025,5,4,21,8.54,87.55,0.4,0.52,99.76,0.0,90.0
Karnali_Center,29.267,82.183,2025050422,2025-05-04 22:00:00,2025,5,4,22,8.3,88.25,0.21,0.26,99.71,0.0,90.0
Karnali_Center,29.267,82.183,2025050423,2025-05-04 23:00:00,2025,5,4,23,7.87,87.92,0.52,0.61,97.96,0.0,90.0
Karnali_Center,29.267,82.183,2025050500,2025-05-05 00:00:00,2025,5,5,0,7.3,87.78,0.94,1.15,94.35,0.0,90.0
Karnali_Center,29.267,82.183,2025050501,2025-05-05 01:00:00,2025,5,5,1,6.43,87.66,1.38,1.64,74.97,0.0,90.0
Karnali_Center,29.267,82.183,2025050502,2025-05-05 02:00:00,2025,5,5,2,5.36,88.46,1.72,1.99,85.03,0.0,90.0
Karnali_Center,29.267,82.183,2025050503,2025-05-05 03:00:00,2025,5,5,3,4.56,88.49,1.96,2.26,53.98,0.0,90.0
Karnali_Center,29.267,82.183,2025050504,2025-05-05 04:00:00,2025,5,5,4,3.94,87.31,2.08,2.4,65.05,0.0,90.0
Karnali_Center,29.267,82.183,2025050505,2025-05-05 05:00:00,2025,5,5,5,5.24,81.29,1.93,2.31,64.82,49.42,81.16
Karnali_Center,29.267,82.183,2025050506,2025-05-05 06:00:00,2025,5,5,6,8.63,64.85,1.78,1.72,65.26,154.95,68.58
Karnali_Center,29.267,82.183,2025050507,2025-05-05 07:00:00,2025,5,5,7,12.44,43.08,0.97,0.63,64.22,326.25,55.6
Karnali_Center,29.267,82.183,2025050508,2025-05-05 08:00:00,2025,5,5,8,14.06,38.2,2.35,1.62,94.34,439.2,42.64
Karnali_Center,29.267,82.183,2025050509,2025-05-05 09:00:00,2025,5,5,9,15.47,37.04,3.28,2.36,96.98,507.33,30.05
Karnali_Center,29.267,82.183,2025050510,2025-05-05 10:00:00,2025,5,5,10,16.87,36.08,4.13,3.04,100.0,585.25,18.92
Karnali_Center,29.267,82.183,2025050511,2025-05-05 11:00:00,2025,5,5,11,17.78,36.24,4.84,3.7,78.71,630.33,13.77
Karnali_Center,29.267,82.183,2025050512,2025-05-05 12:00:00,2025,5,5,12,17.97,38.24,5.35,4.25,98.49,562.1,19.97
Karnali_Center,29.267,82.183,2025050513,2025-05-05 13:00:00,2025,5,5,13,17.38,42.33,5.44,4.48,100.0,484.88,31.37
Karnali_Center,29.267,82.183,2025050514,2025-05-05 14:00:00,2025,5,5,14,16.15,47.76,5.08,4.27,100.0,353.8,44.02
Karnali_Center,29.267,82.183,2025050515,2025-05-05 15:00:00,2025,5,5,15,14.69,53.27,4.43,3.76,100.0,219.43,56.99
Karnali_Center,29.267,82.183,2025050516,2025-05-05 16:00:00,2025,5,5,16,13.19,59.25,3.66,3.18,100.0,118.68,69.95
Karnali_Center,29.267,82.183,2025050517,2025-05-05 17:00:00,2025,5,5,17,11.63,66.52,2.83,2.59,100.0,29.95,82.65
Karnali_Center,29.267,82.183,2025050518,2025-05-05 18:00:00,2025,5,5,18,10.18,74.87,1.86,1.98,100.0,0.0,90.0
Karnali_Center,29.267,82.183,2025050519,2025-05-05 19:00:00,2025,5,5,19,9.43,79.75,1.27,1.54,99.99,0.0,90.0
Karnali_Center,29.267,82.183,2025050520,2025-05-05 20:00:00,2025,5,5,20,8.87,83.66,0.89,1.38,88.01,0.0,90.0
Karnali_Center,29.267,82.183,2025050521,2025-05-05 21:00:00,2025,5,5,21,8.44,86.87,0.86,1.19,73.75,0.0,90.0
Karnali_Center,29.267,82.183,2025050522,2025-05-05 22:00:00,2025,5,5,22,8.34,87.98,0.66,0.93,79.39,0.0,90.0
Karnali_Center,29.267,82.183,2025050523,2025-05-05 23:00:00,2025,5,5,23,8.27,88.58,0.44,0.63,70.09,0.0,90.0
Karnali_Center,29.267,82.183,2025050600,2025-05-06 00:00:00,2025,5,6,0,8.2,89.05,0.17,0.26,72.05,0.0,90.0
Karnali_Center,29.267,82.183,2025050601,2025-05-06 01:00:00,2025,5,6,1,8.04,89.98,0.16,0.16,55.37,0.0,90.0
Karnali_Center,29.267,82.183,2025050602,2025-05-06 02:00:00,2025,5,6,2,7.64,91.9,0.38,0.42,52.26,0.0,90.0
Karnali_Center,29.267,82.183,2025050603,2025-05-06 03:00:00,2025,5,6,3,6.98,94.88,0.69,0.78,46.09,0.0,90.0
Karnali_Center,29.267,82.183,2025050604,2025-05-06 04:00:00,2025,5,6,4,6.73,94.81,0.69,0.77,65.22,0.0,90.0
Karnali_Center,29.267,82.183,2025050605,2025-05-06 05:00:00,2025,5,6,5,7.44,89.16,0.31,0.26,75.66,56.33,80.98
Karnali_Center,29.267,82.183,2025050606,2025-05-06 06:00:00,2025,5,6,6,9.48,75.48,1.17,1.05,86.07,162.18,68.44
Karnali_Center,29.267,82.183,2025050607,2025-05-06 07:00:00,2025,5,6,7,11.41,63.5,2.24,1.65,94.2,298.02,55.46
Karnali_Center,29.267,82.183,2025050608,2025-05-06 08:00:00,2025,5,6,8,13.15,55.12,2.68,1.89,99.69,454.42,42.5
Karnali_Center,29.267,82.183,2025050609,2025-05-06 09:00:00,2025,5,6,9,14.86,48.97,3.18,2.22,100.0,566.3,29.89
Karnali_Center,29.267,82.183,2025050610,2025-05-06 10:00:00,2025,5,6,10,16.43,44.5,3.81,2.72,99.52,604.9,18.71
Karnali_Center,29.267,82.183,2025050611,2025-05-06 11:00:00,2025,5,6,11,17.59,41.6,4.36,3.22,99.03,681.4,13.5
Karnali_Center,29.267,82.183,2025050612,2025-05-06 12:00:00,2025,5,6,12,18.2,40.39,4.8,3.69,86.98,645.88,19.79
Karnali_Center,29.267,82.183,2025050613,2025-05-06 13:00:00,2025,5,6,13,18.14,40.79,5.04,4.02,100.0,535.62,31.25
Karnali_Center,29.267,82.183,2025050614,2025-05-06 14:00:00,2025,5,6,14,17.48,42.5,4.98,4.09,100.0,440.7,43.92
Karnali_Center,29.267,82.183,2025050615,2025-05-06 15:00:00,2025,5,6,15,16.23,46.06,4.62,3.85,98.89,272.6,56.89
Karnali_Center,29.267,82.183,2025050616,2025-05-06 16:00:00,2025,5,6,16,14.44,52.03,3.95,3.37,98.8,139.05,69.84
Karnali_Center,29.267,82.183,2025050617,2025-05-06 17:00:00,2025,5,6,17,12.37,60.78,3.11,2.81,99.05,38.1,82.52
Karnali_Center,29.267,82.183,2025050618,2025-05-06 18:00:00,2025,5,6,18,10.71,70.75,2.01,2.06,98.06,0.0,90.0
Karnali_Center,29.267,82.183,2025050619,2025-05-06 19:00:00,2025,5,6,19,9.98,76.49,1.34,1.42,95.0,0.0,90.0
Karnali_Center,29.267,82.183,2025050620,2025-05-06 20:00:00,2025,5,6,20,9.37,80.97,0.59,0.77,83.21,0.0,90.0
Karnali_Center,29.267,82.183,2025050621,2025-05-06 21:00:00,2025,5,6,21,8.85,83.95,0.29,0.43,84.24,0.0,90.0
Karnali_Center,29.267,82.183,2025050622,2025-05-06 22:00:00,2025,5,6,22,8.25,86.67,0.5,0.68,84.97,0.0,90.0
Karnali_Center,29.267,82.183,2025050623,2025-05-06 23:00:00,2025,5,6,23,7.67,87.93,0.83,1.03,82.4,0.0,90.0
Karnali_Center,29.267,82.183,2025050700,2025-05-07 00:00:00,2025,5,7,0,7.13,87.45,1.08,1.28,63.52,0.0,90.0
Karnali_Center,29.267,82.183,2025050701,2025-05-07 01:00:00,2025,5,7,1,6.72,85.84,1.2,1.36,86.16,0.0,90.0
Karnali_Center,29.267,82.183,2025050702,2025-05-07 02:00:00,2025,5,7,2,6.53,82.82,1.16,1.31,83.17,0.0,90.0
Karnali_Center,29.267,82.183,2025050703,2025-05-07 03:00:00,2025,5,7,3,6.41,80.06,1.12,1.28,76.27,0.0,90.0
Karnali_Center,29.267,82.183,2025050704,2025-05-07 04:00:00,2025,5,7,4,6.15,78.75,1.07,1.23,75.6,0.0,90.0
Karnali_Center,29.267,82.183,2025050705,2025-05-07 05:00:00,2025,5,7,5,7.15,73.1,0.92,1.08,62.52,55.35,80.8
Karnali_Center,29.267,82.183,2025050706,2025-05-07 06:00:00,2025,5,7,6,10.2,64.01,0.39,0.25,97.53,176.55,68.31
Karnali_Center,29.267,82.183,2025050707,2025-05-07 07:00:00,2025,5,7,7,12.94,52.64,2.17,1.56,99.72,333.4,55.33
Karnali_Center,29.267,82.183,2025050708,2025-05-07 08:00:00,2025,5,7,8,15.07,44.97,3.27,2.33,29.43,474.92,42.36
Karnali_Center,29.267,82.183,2025050709,2025-05-07 09:00:00,2025,5,7,9,16.72,40.58,4.1,2.94,15.65,607.08,29.73
Karnali_Center,29.267,82.183,2025050710,2025-05-07 10:00:00,2025,5,7,10,17.78,38.93,4.85,3.55,14.91,682.72,18.5
Karnali_Center,29.267,82.183,2025050711,2025-05-07 11:00:00,2025,5,7,11,18.35,38.89,5.31,3.98,32.24,689.17,13.23
Karnali_Center,29.267,82.183,2025050712,2025-05-07 12:00:00,2025,5,7,12,18.32,40.29,5.57,4.28,63.34,685.6,19.62
Karnali_Center,29.267,82.183,2025050713,2025-05-07 13:00:00,2025,5,7,13,17.76,43.17,5.55,4.39,94.9,493.6,31.12
Karnali_Center,29.267,82.183,2025050714,2025-05-07 14:00:00,2025,5,7,14,16.7,47.54,5.25,4.25,88.75,420.45,43.81
Karnali_Center,29.267,82.183,2025050715,2025-05-07 15:00:00,2025,5,7,15,15.44,52.63,4.7,3.9,86.92,271.52,56.79
Karnali_Center,29.267,82.183,2025050716,2025-05-07 16:00:00,2025,5,7,16,13.94,59.02,3.98,3.41,87.35,139.73,69.73
Karnali_Center,29.267,82.183,2025050717,2025-05-07 17:00:00,2025,5,7,17,12.36,66.92,3.14,2.83,96.33,31.02,82.39
Karnali_Center,29.267,82.183,2025050718,2025-05-07 18:00:00,2025,5,7,18,11.06,75.77,1.97,2.06,99.26,0.0,90.0
Karnali_Center,29.267,82.183,2025050719,2025-05-07 19:00:00,2025,5,7,19,10.31,81.55,1.36,1.5,96.82,0.0,90.0
Karnali_Center,29.267,82.183,2025050720,2025-05-07 20:00:00,2025,5,7,20,9.79,85.61,0.72,1.04,94.99,0.0,90.0
Karnali_Center,29.267,82.183,2025050721,2025-05-07 21:00:00,2025,5,7,21,9.22,88.66,0.51,0.72,98.03,0.0,90.0
Karnali_Center,29.267,82.183,2025050722,2025-05-07 22:00:00,2025,5,7,22,8.81,90.32,0.33,0.46,96.06,0.0,90.0
Karnali_Center,29.267,82.183,2025050723,2025-05-07 23:00:00,2025,5,7,23,8.54,91.13,0.23,0.32,89.23,0.0,90.0
Karnali_Center,29.267,82.183,2025050800,2025-05-08 00:00:00,2025,5,8,0,8.44,91.0,0.21,0.26,96.01,0.0,90.0
Karnali_Center,29.267,82.183,2025050801,2025-05-08 01:00:00,2025,5,8,1,8.36,90.96,0.26,0.3,94.42,0.0,90.0
Karnali_Center,29.267,82.183,2025050802,2025-05-08 02:00:00,2025,5,8,2,8.27,91.11,0.3,0.35,89.84,0.0,90.0
Karnali_Center,29.267,82.183,2025050803,2025-05-08 03:00:00,2025,5,8,3,8.09,92.25,0.32,0.41,93.15,0.0,90.0
Karnali_Center,29.267,82.183,2025050804,2025-05-08 04:00:00,2025,5,8,4,8.08,92.36,0.31,0.41,78.77,0.0,90.0
Karnali_Center,29.267,82.183,2025050805,2025-05-08 05:00:00,2025,5,8,5,8.65,90.23,0.41,0.56,65.4,46.0,80.62
Karnali_Center,29.267,82.183,2025050806,2025-05-08 06:00:00,2025,5,8,6,10.28,80.09,1.61,1.64,49.9,152.6,68.17
Karnali_Center,29.267,82.183,2025050807,2025-05-08 07:00:00,2025,5,8,7,12.08,67.86,2.22,1.8,35.45,287.83,55.21
Karnali_Center,29.267,82.183,2025050808,2025-05-08 08:00:00,2025,5,8,8,13.55,58.84,2.48,1.81,22.02,446.35,42.23
Karnali_Center,29.267,82.183,2025050809,2025-05-08 09:00:00,2025,5,8,9,15.68,50.23,3.04,2.12,20.7,572.53,29.58
Karnali_Center,29.267,82.183,2025050810,2025-05-08 10:00:00,2025,5,8,10,17.33,44.9,3.82,2.72,40.92,665.12,18.29
Karnali_Center,29.267,82.183,2025050811,2025-05-08 11:00:00,2025,5,8,11,18.31,42.61,4.44,3.29,65.12,694.22,12.97
Karnali_Center,29.267,82.183,2025050812,2025-05-08 12:00:00,2025,5,8,12,18.54,42.67,4.79,3.68,46.57,687.72,19.44
Karnali_Center,29.267,82.183,2025050813,2025-05-08 13:00:00,2025,5,8,13,18.27,44.08,4.98,3.97,75.12,533.75,31.0
Karnali_Center,29.267,82.183,2025050814,2025-05-08 14:00:00,2025,5,8,14,17.44,47.24,5.02,4.15,94.22,441.67,43.71
Karnali_Center,29.267,82.183,2025050815,2025-05-08 15:00:00,2025,5,8,15,16.06,52.4,4.77,4.05,89.47,301.15,56.69
Karnali_Center,29.267,82.183,2025050816,2025-05-08 16:00:00,2025,5,8,16,14.42,59.02,4.19,3.63,88.8,158.6,69.63
Karnali_Center,29.267,82.183,2025050817,2025-05-08 17:00:00,2025,5,8,17,12.72,66.76,3.31,2.97,90.4,40.17,82.26
Karnali_Center,29.267,82.183,2025050818,2025-05-08 18:00:00,2025,5,8,18,11.36,74.46,2.13,2.22,90.6,0.0,90.0
Karnali_Center,29.267,82.183,2025050819,2025-05-08 19:00:00,2025,5,8,19,10.73,78.6,1.64,1.75,43.2,0.0,90.0
Karnali_Center,29.267,82.183,2025050820,2025-05-08 20:00:00,2025,5,8,20,10.41,80.71,1.18,1.27,24.53,0.0,90.0
Karnali_Center,29.267,82.183,2025050821,2025-05-08 21:00:00,2025,5,8,21,10.29,81.65,0.7,0.84,15.89,0.0,90.0
Karnali_Center,29.267,82.183,2025050822,2025-05-08 22:00:00,2025,5,8,22,10.07,82.94,0.3,0.42,71.95,0.0,90.0
Karnali_Center,29.267,82.183,2025050823,2025-05-08 23:00:00,2025,5,8,23,9.89,83.73,0.1,0.08,74.19,0.0,90.0
Karnali_Center,29.267,82.183,2025050900,2025-05-09 00:00:00,2025,5,9,0,9.58,84.97,0.33,0.4,79.34,0.0,90.0
Karnali_Center,29.267,82.183,2025050901,2025-05-09 01:00:00,2025,5,9,1,9.27,86.24,0.61,0.73,59.64,0.0,90.0
Karnali_Center,29.267,82.183,2025050902,2025-05-09 02:00:00,2025,5,9,2,8.93,87.22,0.83,1.01,31.29,0.0,90.0
Karnali_Center,29.267,82.183,2025050903,2025-05-09 03:00:00,2025,5,9,3,8.54,88.2,1.0,1.2,30.17,0.0,90.0
Karnali_Center,29.267,82.183,2025050904,2025-05-09 04:00:00,2025,5,9,4,8.16,88.84,1.11,1.32,32.22,0.0,90.0
Karnali_Center,29.267,82.183,2025050905,2025-05-09 05:00:00,2025,5,9,5,9.05,82.89,1.17,1.36,42.57,62.45,80.45
Karnali_Center,29.267,82.183,2025050906,2025-05-09 06:00:00,2025,5,9,6,11.89,66.88,0.42,0.49,77.47,145.32,68.05
Karnali_Center,29.267,82.183,2025050907,2025-05-09 07:00:00,2025,5,9,7,14.72,52.05,1.54,1.12,81.85,286.1,55.09
Karnali_Center,29.267,82.183,2025050908,2025-05-09 08:00:00,2025,5,9,8,16.76,44.12,2.92,2.23,27.09,393.92,42.11
Karnali_Center,29.267,82.183,2025050909,2025-05-09 09:00:00,2025,5,9,9,18.17,40.36,3.78,2.91,21.91,583.0,29.44
Karnali_Center,29.267,82.183,2025050910,2025-05-09 10:00:00,2025,5,9,10,19.09,38.56,4.41,3.44,55.01,650.42,18.1
Karnali_Center,29.267,82.183,2025050911,2025-05-09 11:00:00,2025,5,9,11,19.54,38.39,4.86,3.87,62.65,658.6,12.72
Karnali_Center,29.267,82.183,2025050912,2025-05-09 12:00:00,2025,5,9,12,19.65,38.96,5.12,4.17,59.51,595.92,19.27
Karnali_Center,29.267,82.183,2025050913,2025-05-09 13:00:00,2025,5,9,13,19.43,40.18,5.34,4.47,66.79,521.7,30.88
Karnali_Center,29.267,82.183,2025050914,2025-05-09 14:00:00,2025,5,9,14,18.56,43.21,5.25,4.47,91.68,405.1,43.61
Karnali_Center,29.267,82.183,2025050915,2025-05-09 15:00:00,2025,5,9,15,17.19,47.96,4.75,4.06,88.82,240.82,56.59
Karnali_Center,29.267,82.183,2025050916,2025-05-09 16:00:00,2025,5,9,16,15.65,53.67,4.02,3.49,83.55,121.1,69.52
Karnali_Center,29.267,82.183,2025050917,2025-05-09 17:00:00,2025,5,9,17,13.89,61.17,3.16,2.86,75.73,37.72,82.13
Karnali_Center,29.267,82.183,2025050918,2025-05-09 18:00:00,2025,5,9,18,12.47,68.99,1.97,2.1,63.0,0.0,90.0
Karnali_Center,29.267,82.183,2025050919,2025-05-09 19:00:00,2025,5,9,19,11.7,74.05,1.08,1.45,18.01,0.0,90.0
Karnali_Center,29.267,82.183,2025050920,2025-05-09 20:00:00,2025,5,9,20,11.13,77.1,0.81,1.05,27.62,0.0,90.0
Karnali_Center,29.267,82.183,2025050921,2025-05-09 21:00:00,2025,5,9,21,10.91,77.97,0.59,0.72,22.78,0.0,90.0
Karnali_Center,29.267,82.183,2025050922,2025-05-09 22:00:00,2025,5,9,22,10.74,78.82,0.3,0.35,17.94,0.0,90.0
Karnali_Center,29.267,82.183,2025050923,2025-05-09 23:00:00,2025,5,9,23,10.46,80.08,0.14,0.15,15.19,0.0,90.0
Karnali_Center,29.267,82.183,2025051000,2025-05-10 00:00:00,2025,5,10,0,9.89,82.87,0.54,0.66,25.13,0.0,90.0
Karnali_Center,29.267,82.183,2025051001,2025-05-10 01:00:00,2025,5,10,1,9.49,84.51,0.92,1.12,43.1,0.0,90.0
Karnali_Center,29.267,82.183,2025051002,2025-05-10 02:00:00,2025,5,10,2,9.02,86.21,1.17,1.38,53.76,0.0,90.0
Karnali_Center,29.267,82.183,2025051003,2025-05-10 03:00:00,2025,5,10,3,8.53,87.57,1.32,1.52,10.73,0.0,90.0
Karnali_Center,29.267,82.183,2025051004,2025-05-10 04:00:00,2025,5,10,4,8.27,87.27,1.37,1.56,49.99,0.0,90.0
Karnali_Center,29.267,82.183,2025051005,2025-05-10 05:00:00,2025,5,10,5,9.53,80.01,1.32,1.5,60.79,74.97,80.28
Karnali_Center,29.267,82.183,2025051006,2025-05-10 06:00:00,2025,5,10,6,12.96,63.31,0.37,0.42,67.76,166.8,67.93
Karnali_Center,29.267,82.183,2025051007,2025-05-10 07:00:00,2025,5,10,7,15.67,50.69,2.08,1.68,68.07,424.33,54.97
Karnali_Center,29.267,82.183,2025051008,2025-05-10 08:00:00,2025,5,10,8,17.58,42.5,3.12,2.43,1.14,454.48,41.99
Karnali_Center,29.267,82.183,2025051009,2025-05-10 09:00:00,2025,5,10,9,18.93,38.62,3.83,2.95,13.44,534.2,29.3
Karnali_Center,29.267,82.183,2025051010,2025-05-10 10:00:00,2025,5,10,10,19.93,37.02,4.46,3.49,25.46,671.08,17.91
Karnali_Center,29.267,82.183,2025051011,2025-05-10 11:00:00,2025,5,10,11,20.33,37.15,5.05,4.08,52.44,680.85,12.47
Karnali_Center,29.267,82.183,2025051012,2025-05-10 12:00:00,2025,5,10,12,20.24,38.5,5.34,4.42,65.47,616.58,19.1
Karnali_Center,29.267,82.183,2025051013,2025-05-10 13:00:00,2025,5,10,13,19.77,40.66,5.29,4.44,94.15,532.65,30.77
Karnali_Center,29.267,82.183,2025051014,2025-05-10 14:00:00,2025,5,10,14,18.9,43.64,4.97,4.24,47.4,391.65,43.51
Karnali_Center,29.267,82.183,2025051015,2025-05-10 15:00:00,2025,5,10,15,17.8,47.31,4.58,3.96,63.53,242.45,56.49
Karnali_Center,29.267,82.183,2025051016,2025-05-10 16:00:00,2025,5,10,16,16.29,52.68,4.04,3.57,92.7,139.93,69.42
Karnali_Center,29.267,82.183,2025051017,2025-05-10 17:00:00,2025,5,10,17,14.31,61.83,3.13,2.87,95.91,36.3,81.99
Karnali_Center,29.267,82.183,2025051018,2025-05-10 18:00:00,2025,5,10,18,12.73,72.17,1.91,1.95,95.63,0.0,90.0
Karnali_Center,29.267,82.183,2025051019,2025-05-10 19:00:00,2025,5,10,19,11.9,79.31,1.14,1.35,89.44,0.0,90.0
Karnali_Center,29.267,82.183,2025051020,2025-05-10 20:00:00,2025,5,10,20,11.35,84.08,0.75,1.0,63.01,0.0,90.0
Karnali_Center,29.267,82.183,2025051021,2025-05-10 21:00:00,2025,5,10,21,10.89,86.42,0.61,0.79,79.39,0.0,90.0
Karnali_Center,29.267,82.183,2025051022,2025-05-10 22:00:00,2025,5,10,22,10.4,88.98,0.55,0.71,57.98,0.0,90.0
Karnali_Center,29.267,82.183,2025051023,2025-05-10 23:00:00,2025,5,10,23,9.93,91.2,0.68,0.84,56.42,0.0,90.0
Karnali_Center,29.267,82.183,2025051100,2025-05-11 00:00:00,2025,5,11,0,9.38,93.51,0.89,1.08,61.86,0.0,90.0
Karnali_Center,29.267,82.183,2025051101,2025-05-11 01:00:00,2025,5,11,1,8.97,94.68,1.06,1.28,52.37,0.0,90.0
Karnali_Center,29.267,82.183,2025051102,2025-05-11 02:00:00,2025,5,11,2,8.69,94.53,1.16,1.38,68.21,0.0,90.0
Karnali_Center,29.267,82.183,2025051103,2025-05-11 03:00:00,2025,5,11,3,8.57,93.45,1.18,1.39,75.6,0.0,90.0
Karnali_Center,29.267,82.183,2025051104,2025-05-11 04:00:00,2025,5,11,4,8.48,92.18,1.21,1.41,84.92,0.0,90.0
Karnali_Center,29.267,82.183,2025051105,2025-05-11 05:00:00,2025,5,11,5,9.75,86.83,1.17,1.37,92.14,50.75,80.12
Karnali_Center,29.267,82.183,2025051106,2025-05-11 06:00:00,2025,5,11,6,12.43,74.21,1.43,1.59,95.39,154.35,67.81
Karnali_Center,29.267,82.183,2025051107,2025-05-11 07:00:00,2025,5,11,7,14.61,63.86,2.51,2.35,98.31,279.67,54.86
Karnali_Center,29.267,82.183,2025051108,2025-05-11 08:00:00,2025,5,11,8,16.16,55.45,3.14,2.72,40.11,418.75,41.88
Karnali_Center,29.267,82.183,2025051109,2025-05-11 09:00:00,2025,5,11,9,16.92,52.17,3.79,3.23,78.29,468.25,29.17
Karnali_Center,29.267,82.183,2025051110,2025-05-11 10:00:00,2025,5,11,10,17.83,49.49,4.57,3.94,73.6,523.53,17.73
Karnali_Center,29.267,82.183,2025051111,2025-05-11 11:00:00,2025,5,11,11,18.58,48.08,5.47,4.83,66.02,578.78,12.23
Karnali_Center,29.267,82.183,2025051112,2025-05-11 12:00:00,2025,5,11,12,18.11,51.73,6.15,5.58,91.21,546.2,18.94
Karnali_Center,29.267,82.183,2025051113,2025-05-11 13:00:00,2025,5,11,13,17.57,54.74,6.45,5.97,68.81,405.2,30.65
Karnali_Center,29.267,82.183,2025051114,2025-05-11 14:00:00,2025,5,11,14,16.92,57.18,6.41,6.01,65.89,297.83,43.41
Karnali_Center,29.267,82.183,2025051115,2025-05-11 15:00:00,2025,5,11,15,16.11,60.25,5.81,5.47,76.09,205.75,56.39
Karnali_Center,29.267,82.183,2025051116,2025-05-11 16:00:00,2025,5,11,16,14.88,66.01,4.61,4.31,84.38,95.65,69.31
Karnali_Center,29.267,82.183,2025051117,2025-05-11 17:00:00,2025,5,11,17,13.28,76.17,3.08,2.91,93.94,23.75,81.86
Karnali_Center,29.267,82.183,2025051118,2025-05-11 18:00:00,2025,5,11,18,11.8,90.74,1.32,1.79,89.39,0.0,90.0
Karnali_Center,29.267,82.183,2025051119,2025-05-11 19:00:00,2025,5,11,19,11.22,93.33,1.06,1.33,76.44,0.0,90.0
Karnali_Center,29.267,82.183,2025051120,2025-05-11 20:00:00,2025,5,11,20,10.92,93.09,0.62,0.81,72.03,0.0,90.0
Karnali_Center,29.267,82.183,2025051121,2025-05-11 21:00:00,2025,5,11,21,10.65,93.83,0.04,0.07,53.26,0.0,90.0
Karnali_Center,29.267,82.183,2025051122,2025-05-11 22:00:00,2025,5,11,22,10.06,95.94,0.51,0.63,54.59,0.0,90.0
Karnali_Center,29.267,82.183,2025051123,2025-05-11 23:00:00,2025,5,11,23,9.23,98.76,0.99,1.21,66.52,0.0,90.0
Karnali_Center,29.267,82.183,2025051200,2025-05-12 00:00:00,2025,5,12,0,8.36,100.0,1.34,1.64,45.06,0.0,90.0
Karnali_Center,29.267,82.183,2025051201,2025-05-12 01:00:00,2025,5,12,1,7.6,100.0,1.59,1.91,44.46,0.0,90.0
Karnali_Center,29.267,82.183,2025051202,2025-05-12 02:00:00,2025,5,12,2,7.02,100.0,1.81,2.25,34.88,0.0,90.0
Karnali_Center,29.267,82.183,2025051203,2025-05-12 03:00:00,2025,5,12,3,6.45,100.0,1.95,2.45,27.57,0.0,90.0
Karnali_Center,29.267,82.183,2025051204,2025-05-12 04:00:00,2025,5,12,4,5.74,100.0,2.11,2.56,43.47,0.0,90.0
Karnali_Center,29.267,82.183,2025051205,2025-05-12 05:00:00,2025,5,12,5,7.61,87.52,2.21,2.44,41.2,104.12,79.95
Karnali_Center,29.267,82.183,2025051206,2025-05-12 06:00:00,2025,5,12,6,11.25,69.55,1.74,1.55,23.58,313.17,67.7
Karnali_Center,29.267,82.183,2025051207,2025-05-12 07:00:00,2025,5,12,7,15.04,50.69,1.75,1.6,22.85,581.58,54.75
Karnali_Center,29.267,82.183,2025051208,2025-05-12 08:00:00,2025,5,12,8,17.17,41.62,3.22,2.6,27.51,771.95,41.77
Karnali_Center,29.267,82.183,2025051209,2025-05-12 09:00:00,2025,5,12,9,18.43,38.77,4.12,3.33,58.35,598.53,29.05
Karnali_Center,29.267,82.183,2025051210,2025-05-12 10:00:00,2025,5,12,10,19.13,38.97,4.51,3.68,92.27,614.72,17.55
Karnali_Center,29.267,82.183,2025051211,2025-05-12 11:00:00,2025,5,12,11,19.3,40.69,4.72,3.93,72.4,665.47,11.99
Karnali_Center,29.267,82.183,2025051212,2025-05-12 12:00:00,2025,5,12,12,18.94,43.43,4.92,4.21,84.15,558.35,18.78
Karnali_Center,29.267,82.183,2025051213,2025-05-12 13:00:00,2025,5,12,13,18.56,45.79,5.03,4.4,100.0,517.9,30.54
Karnali_Center,29.267,82.183,2025051214,2025-05-12 14:00:00,2025,5,12,14,17.83,49.09,4.96,4.42,100.0,383.38,43.31
Karnali_Center,29.267,82.183,2025051215,2025-05-12 15:00:00,2025,5,12,15,16.8,53.27,4.62,4.18,100.0,242.85,56.29
Karnali_Center,29.267,82.183,2025051216,2025-05-12 16:00:00,2025,5,12,16,15.52,58.58,3.99,3.66,94.13,133.6,69.21
Karnali_Center,29.267,82.183,2025051217,2025-05-12 17:00:00,2025,5,12,17,13.81,67.82,2.98,2.81,88.37,40.03,81.72
Karnali_Center,29.267,82.183,2025051218,2025-05-12 18:00:00,2025,5,12,18,12.38,78.49,1.62,1.82,45.03,0.0,90.0
Karnali_Center,29.267,82.183,2025051219,2025-05-12 19:00:00,2025,5,12,19,11.74,84.41,1.04,1.42,29.07,0.0,90.0
Karnali_Center,29.267,82.183,2025051220,2025-05-12 20:00:00,2025,5,12,20,11.13,87.67,0.92,1.29,24.74,0.0,90.0
Karnali_Center,29.267,82.183,2025051221,2025-05-12 21:00:00,2025,5,12,21,10.77,88.05,0.79,1.07,29.93,0.0,90.0
Karnali_Center,29.267,82.183,2025051222,2025-05-12 22:00:00,2025,5,12,22,10.54,88.78,0.41,0.54,38.75,0.0,90.0
Karnali_Center,29.267,82.183,2025051223,2025-05-12 23:00:00,2025,5,12,23,9.98,91.57,0.49,0.59,43.2,0.0,90.0
Karnali_Center,29.267,82.183,2025051300,2025-05-13 00:00:00,2025,5,13,0,9.31,93.98,0.92,1.1,33.43,0.0,90.0
Karnali_Center,29.267,82.183,2025051301,2025-05-13 01:00:00,2025,5,13,1,8.52,95.91,1.19,1.39,53.61,0.0,90.0
Karnali_Center,29.267,82.183,2025051302,2025-05-13 02:00:00,2025,5,13,2,7.97,96.45,1.33,1.54,51.81,0.0,90.0
Karnali_Center,29.267,82.183,2025051303,2025-05-13 03:00:00,2025,5,13,3,7.64,95.93,1.42,1.64,24.41,0.0,90.0
Karnali_Center,29.267,82.183,2025051304,2025-05-13 04:00:00,2025,5,13,4,7.41,94.83,1.47,1.68,39.77,0.0,90.0
Karnali_Center,29.267,82.183,2025051305,2025-05-13 05:00:00,2025,5,13,5,8.82,88.74,1.37,1.62,33.0,108.95,79.8
Karnali_Center,29.267,82.183,2025051306,2025-05-13 06:00:00,2025,5,13,6,11.97,70.57,1.18,1.24,33.87,305.4,67.59
Karnali_Center,29.267,82.183,2025051307,2025-05-13 07:00:00,2025,5,13,7,14.22,56.3,2.17,1.86,36.51,521.45,54.65
Karnali_Center,29.267,82.183,2025051308,2025-05-13 08:00:00,2025,5,13,8,15.87,47.22,2.6,2.09,45.72,691.83,41.66
Karnali_Center,29.267,82.183,2025051309,2025-05-13 09:00:00,2025,5,13,9,17.14,41.79,3.15,2.5,42.21,803.33,28.93
Karnali_Center,29.267,82.183,2025051310,2025-05-13 10:00:00,2025,5,13,10,18.3,38.61,3.79,3.04,41.25,874.67,17.38
Karnali_Center,29.267,82.183,2025051311,2025-05-13 11:00:00,2025,5,13,11,19.1,37.12,4.36,3.57,51.59,964.6,11.75
Karnali_Center,29.267,82.183,2025051312,2025-05-13 12:00:00,2025,5,13,12,19.47,36.8,4.8,4.02,87.49,881.2,18.62
Karnali_Center,29.267,82.183,2025051313,2025-05-13 13:00:00,2025,5,13,13,19.37,37.26,5.02,4.32,87.4,759.75,30.43
Karnali_Center,29.267,82.183,2025051314,2025-05-13 14:00:00,2025,5,13,14,18.89,38.58,4.86,4.25,85.25,607.08,43.21
Karnali_Center,29.267,82.183,2025051315,2025-05-13 15:00:00,2025,5,13,15,18.06,40.29,4.5,4.0,81.42,417.38,56.19
Karnali_Center,29.267,82.183,2025051316,2025-05-13 16:00:00,2025,5,13,16,16.69,43.58,3.93,3.57,71.51,233.52,69.1
Karnali_Center,29.267,82.183,2025051317,2025-05-13 17:00:00,2025,5,13,17,14.93,50.07,2.83,2.9,59.05,76.72,81.58
Karnali_Center,29.267,82.183,2025051318,2025-05-13 18:00:00,2025,5,13,18,13.01,64.63,1.43,2.18,56.82,0.0,90.0
Karnali_Center,29.267,82.183,2025051319,2025-05-13 19:00:00,2025,5,13,19,12.44,66.98,1.23,1.79,21.13,0.0,90.0
Karnali_Center,29.267,82.183,2025051320,2025-05-13 20:00:00,2025,5,13,20,12.14,66.48,1.01,1.43,12.6,0.0,90.0
Karnali_Center,29.267,82.183,2025051321,2025-05-13 21:00:00,2025,5,13,21,11.82,65.83,0.74,1.02,13.02,0.0,90.0
Karnali_Center,29.267,82.183,2025051322,2025-05-13 22:00:00,2025,5,13,22,11.36,66.22,0.47,0.65,24.27,0.0,90.0
Karnali_Center,29.267,82.183,2025051323,2025-05-13 23:00:00,2025,5,13,23,10.43,68.95,0.67,0.85,45.06,0.0,90.0
Karnali_Center,29.267,82.183,2025051400,2025-05-14 00:00:00,2025,5,14,0,9.53,71.36,1.06,1.24,28.07,0.0,90.0
Karnali_Center,29.267,82.183,2025051401,2025-05-14 01:00:00,2025,5,14,1,8.87,73.07,1.27,1.43,22.27,0.0,90.0
Karnali_Center,29.267,82.183,2025051402,2025-05-14 02:00:00,2025,5,14,2,8.4,73.64,1.4,1.52,10.48,0.0,90.0
Karnali_Center,29.267,82.183,2025051403,2025-05-14 03:00:00,2025,5,14,3,8.03,73.5,1.53,1.65,9.04,0.0,90.0
Karnali_Center,29.267,82.183,2025051404,2025-05-14 04:00:00,2025,5,14,4,7.75,72.9,1.62,1.76,34.98,0.0,90.0
Karnali_Center,29.267,82.183,2025051405,2025-05-14 05:00:00,2025,5,14,5,9.14,70.55,1.48,1.75,41.83,107.5,79.65
Karnali_Center,29.267,82.183,2025051406,2025-05-14 06:00:00,2025,5,14,6,12.6,58.85,0.99,1.01,52.67,249.02,67.48
Karnali_Center,29.267,82.183,2025051407,2025-05-14 07:00:00,2025,5,14,7,15.13,52.3,2.41,2.2,54.95,468.08,54.55
Karnali_Center,29.267,82.183,2025051408,2025-05-14 08:00:00,2025,5,14,8,16.93,46.11,3.44,2.95,68.08,629.38,41.56
Karnali_Center,29.267,82.183,2025051409,2025-05-14 09:00:00,2025,5,14,9,18.3,42.47,4.1,3.46,62.05,714.35,28.81
Karnali_Center,29.267,82.183,2025051410,2025-05-14 10:00:00,2025,5,14,10,19.27,40.07,4.56,3.84,79.15,804.15,17.22
Karnali_Center,29.267,82.183,2025051411,2025-05-14 11:00:00,2025,5,14,11,20.01,38.05,4.91,4.19,14.39,844.7,11.53
Karnali_Center,29.267,82.183,2025051412,2025-05-14 12:00:00,2025,5,14,12,20.46,36.7,5.25,4.58,91.0,888.15,18.47
Karnali_Center,29.267,82.183,2025051413,2025-05-14 13:00:00,2025,5,14,13,20.31,36.68,5.38,4.75,68.65,632.35,30.32
Karnali_Center,29.267,82.183,2025051414,2025-05-14 14:00:00,2025,5,14,14,19.7,37.58,5.38,4.85,82.88,541.75,43.11
Karnali_Center,29.267,82.183,2025051415,2025-05-14 15:00:00,2025,5,14,15,18.63,39.62,5.07,4.63,76.82,386.85,56.1
Karnali_Center,29.267,82.183,2025051416,2025-05-14 16:00:00,2025,5,14,16,17.2,43.18,4.37,4.07,67.47,200.2,69.0
Karnali_Center,29.267,82.183,2025051417,2025-05-14 17:00:00,2025,5,14,17,15.44,49.11,3.18,3.23,54.1,71.45,81.45
Karnali_Center,29.267,82.183,2025051418,2025-05-14 18:00:00,2025,5,14,18,13.26,62.98,1.6,2.41,18.97,0.0,90.0
Karnali_Center,29.267,82.183,2025051419,2025-05-14 19:00:00,2025,5,14,19,12.27,63.71,1.43,2.01,14.61,0.0,90.0
Karnali_Center,29.267,82.183,2025051420,2025-05-14 20:00:00,2025,5,14,20,11.81,61.72,1.1,1.43,10.79,0.0,90.0
Karnali_Center,29.267,82.183,2025051421,2025-05-14 21:00:00,2025,5,14,21,11.2,63.06,0.82,1.07,14.14,0.0,90.0
Karnali_Center,29.267,82.183,2025051422,2025-05-14 22:00:00,2025,5,14,22,10.52,65.34,0.95,1.19,29.4,0.0,90.0
Karnali_Center,29.267,82.183,2025051423,2025-05-14 23:00:00,2025,5,14,23,9.63,68.85,1.18,1.43,23.34,0.0,90.0
Karnali_Center,29.267,82.183,2025051500,2025-05-15 00:00:00,2025,5,15,0,8.87,71.94,1.37,1.61,52.95,0.0,90.0
Karnali_Center,29.267,82.183,2025051501,2025-05-15 01:00:00,2025,5,15,1,8.16,74.62,1.54,1.79,27.98,0.0,90.0
Karnali_Center,29.267,82.183,2025051502,2025-05-15 02:00:00,2025,5,15,2,7.35,77.62,1.79,2.03,13.89,0.0,90.0
Karnali_Center,29.267,82.183,2025051503,2025-05-15 03:00:00,2025,5,15,3,6.61,80.15,1.99,2.23,13.31,0.0,90.0
Karnali_Center,29.267,82.183,2025051504,2025-05-15 04:00:00,2025,5,15,4,5.96,82.12,2.11,2.37,39.45,0.0,90.0
Karnali_Center,29.267,82.183,2025051505,2025-05-15 05:00:00,2025,5,15,5,7.64,76.15,2.08,2.34,41.27,121.03,79.5
Karnali_Center,29.267,82.183,2025051506,2025-05-15 06:00:00,2025,5,15,6,11.13,61.53,1.87,1.65,48.52,287.08,67.39
Karnali_Center,29.267,82.183,2025051507,2025-05-15 07:00:00,2025,5,15,7,14.85,45.25,0.84,0.58,47.14,534.85,54.46
Karnali_Center,29.267,82.183,2025051508,2025-05-15 08:00:00,2025,5,15,8,17.3,36.89,2.48,1.78,55.68,718.55,41.47
Karnali_Center,29.267,82.183,2025051509,2025-05-15 09:00:00,2025,5,15,9,18.96,33.23,3.8,2.9,44.11,851.62,28.71
Karnali_Center,29.267,82.183,2025051510,2025-05-15 10:00:00,2025,5,15,10,20.22,31.49,4.77,3.8,43.91,926.88,17.06
Karnali_Center,29.267,82.183,2025051511,2025-05-15 11:00:00,2025,5,15,11,20.78,31.82,5.52,4.59,61.02,888.2,11.3
Karnali_Center,29.267,82.183,2025051512,2025-05-15 12:00:00,2025,5,15,12,20.69,33.59,5.83,5.05,68.21,804.67,18.32
Karnali_Center,29.267,82.183,2025051513,2025-05-15 13:00:00,2025,5,15,13,20.14,36.15,5.91,5.26,83.78,725.6,30.21
Karnali_Center,29.267,82.183,2025051514,2025-05-15 14:00:00,2025,5,15,14,19.24,38.83,5.76,5.25,81.54,586.65,43.02
Karnali_Center,29.267,82.183,2025051515,2025-05-15 15:00:00,2025,5,15,15,18.01,41.93,5.32,4.94,74.61,410.4,56.0
Karnali_Center,29.267,82.183,2025051516,2025-05-15 16:00:00,2025,5,15,16,16.47,45.99,4.53,4.29,68.38,215.62,68.9
Karnali_Center,29.267,82.183,2025051517,2025-05-15 17:00:00,2025,5,15,17,14.83,51.39,3.28,3.33,59.96,72.5,81.31
Karnali_Center,29.267,82.183,2025051518,2025-05-15 18:00:00,2025,5,15,18,13.12,63.33,1.64,2.36,34.94,0.0,90.0
Karnali_Center,29.267,82.183,2025051519,2025-05-15 19:00:00,2025,5,15,19,12.57,64.45,1.36,1.79,33.08,0.0,90.0
Karnali_Center,29.267,82.183,2025051520,2025-05-15 20:00:00,2025,5,15,20,12.29,61.74,1.04,1.29,61.18,0.0,90.0
Karnali_Center,29.267,82.183,2025051521,2025-05-15 21:00:00,2025,5,15,21,11.63,62.56,0.94,1.14,75.15,0.0,90.0
Karnali_Center,29.267,82.183,2025051522,2025-05-15 22:00:00,2025,5,15,22,10.69,65.31,1.2,1.43,85.76,0.0,90.0
Karnali_Center,29.267,82.183,2025051523,2025-05-15 23:00:00,2025,5,15,23,9.88,68.43,1.38,1.63,96.5,0.0,90.0
Karnali_Center,29.267,82.183,2025051600,2025-05-16 00:00:00,2025,5,16,0,9.52,71.02,1.43,1.69,94.69,0.0,90.0
Karnali_Center,29.267,82.183,2025051601,2025-05-16 01:00:00,2025,5,16,1,9.22,75.19,1.35,1.7,75.02,0.0,90.0
Karnali_Center,29.267,82.183,2025051602,2025-05-16 02:00:00,2025,5,16,2,8.71,79.54,1.28,1.73,96.57,0.0,90.0
Karnali_Center,29.267,82.183,2025051603,2025-05-16 03:00:00,2025,5,16,3,8.36,82.19,1.24,1.77,91.81,0.0,90.0
Karnali_Center,29.267,82.183,2025051604,2025-05-16 04:00:00,2025,5,16,4,7.83,84.47,1.33,1.84,96.89,2.15,89.4
Karnali_Center,29.267,82.183,2025051605,2025-05-16 05:00:00,2025,5,16,5,8.71,79.29,1.7,1.92,95.48,61.53,79.97
Karnali_Center,29.267,82.183,2025051606,2025-05-16 06:00:00,2025,5,16,6,11.09,66.48,1.8,1.74,93.65,194.52,67.29
Karnali_Center,29.267,82.183,2025051607,2025-05-16 07:00:00,2025,5,16,7,13.98,53.2,1.29,0.82,93.02,353.62,54.37
Karnali_Center,29.267,82.183,2025051608,2025-05-16 08:00:00,2025,5,16,8,16.37,44.88,2.95,2.41,88.43,458.23,41.38
Karnali_Center,29.267,82.183,2025051609,2025-05-16 09:00:00,2025,5,16,9,17.47,42.82,4.26,3.58,97.93,638.6,28.61
Karnali_Center,29.267,82.183,2025051610,2025-05-16 10:00:00,2025,5,16,10,18.18,42.47,5.22,4.53,36.72,720.9,16.92
Karnali_Center,29.267,82.183,2025051611,2025-05-16 11:00:00,2025,5,16,11,18.37,42.87,5.94,5.33,95.75,743.65,11.08
Karnali_Center,29.267,82.183,2025051612,2025-05-16 12:00:00,2025,5,16,12,18.52,42.71,6.29,5.78,35.68,627.03,18.18
Karnali_Center,29.267,82.183,2025051613,2025-05-16 13:00:00,2025,5,16,13,18.19,43.47,6.48,6.06,56.59,621.4,30.1
Karnali_Center,29.267,82.183,2025051614,2025-05-16 14:00:00,2025,5,16,14,17.59,44.67,6.29,5.96,97.65,435.15,42.92
Karnali_Center,29.267,82.183,2025051615,2025-05-16 15:00:00,2025,5,16,15,16.78,46.54,5.7,5.43,96.63,300.83,55.91
Karnali_Center,29.267,82.183,2025051616,2025-05-16 16:00:00,2025,5,16,16,15.57,50.1,4.88,4.71,94.9,159.9,68.8
Karnali_Center,29.267,82.183,2025051617,2025-05-16 17:00:00,2025,5,16,17,14.28,54.68,3.81,3.86,94.02,45.08,81.17
Karnali_Center,29.267,82.183,2025051618,2025-05-16 18:00:00,2025,5,16,18,12.81,63.55,2.11,3.13,89.47,0.0,90.0
Karnali_Center,29.267,82.183,2025051619,2025-05-16 19:00:00,2025,5,16,19,12.13,66.82,1.89,2.88,44.18,0.0,90.0
Karnali_Center,29.267,82.183,2025051620,2025-05-16 20:00:00,2025,5,16,20,11.46,68.36,1.89,2.74,87.89,0.0,90.0
Karnali_Center,29.267,82.183,2025051621,2025-05-16 21:00:00,2025,5,16,21,11.02,69.09,1.83,2.66,47.95,0.0,90.0
Karnali_Center,29.267,82.183,2025051622,2025-05-16 22:00:00,2025,5,16,22,10.76,69.48,1.82,2.73,52.93,0.0,90.0
Karnali_Center,29.267,82.183,2025051623,2025-05-16 23:00:00,2025,5,16,23,10.48,70.48,1.71,2.54,57.96,0.0,90.0
Karnali_Center,29.267,82.183,2025051700,2025-05-17 00:00:00,2025,5,17,0,10.22,71.77,1.53,2.21,72.04,0.0,90.0
Karnali_Center,29.267,82.183,2025051701,2025-05-17 01:00:00,2025,5,17,1,9.82,73.58,1.34,1.9,81.92,0.0,90.0
Karnali_Center,29.267,82.183,2025051702,2025-05-17 02:00:00,2025,5,17,2,9.39,75.81,1.06,1.53,75.27,0.0,90.0
Karnali_Center,29.267,82.183,2025051703,2025-05-17 03:00:00,2025,5,17,3,9.03,77.87,0.86,1.21,67.97,0.0,90.0
Karnali_Center,29.267,82.183,2025051704,2025-05-17 04:00:00,2025,5,17,4,8.63,80.23,0.89,1.17,88.91,3.03,89.37
Karnali_Center,29.267,82.183,2025051705,2025-05-17 05:00:00,2025,5,17,5,9.38,76.59,1.17,1.29,94.79,52.33,79.87
Karnali_Center,29.267,82.183,2025051706,2025-05-17 06:00:00,2025,5,17,6,11.54,64.49,1.13,0.95,96.06,166.85,67.2
Karnali_Center,29.267,82.183,2025051707,2025-05-17 07:00:00,2025,5,17,7,14.09,52.37,1.71,1.28,98.16,321.67,54.29
Karnali_Center,29.267,82.183,2025051708,2025-05-17 08:00:00,2025,5,17,8,16.41,43.45,3.18,2.61,98.74,534.67,41.3
Karnali_Center,29.267,82.183,2025051709,2025-05-17 09:00:00,2025,5,17,9,18.16,37.84,4.4,3.63,99.15,564.33,28.51
Karnali_Center,29.267,82.183,2025051710,2025-05-17 10:00:00,2025,5,17,10,19.37,34.71,5.47,4.67,39.35,616.83,16.77
Karnali_Center,29.267,82.183,2025051711,2025-05-17 11:00:00,2025,5,17,11,20.0,33.31,6.25,5.54,98.27,707.83,10.87
Karnali_Center,29.267,82.183,2025051712,2025-05-17 12:00:00,2025,5,17,12,19.97,33.45,6.61,6.0,90.88,563.38,18.03
Karnali_Center,29.267,82.183,2025051713,2025-05-17 13:00:00,2025,5,17,13,19.46,34.71,6.51,6.01,99.54,527.75,30.0
Karnali_Center,29.267,82.183,2025051714,2025-05-17 14:00:00,2025,5,17,14,18.58,37.04,5.99,5.57,98.98,391.27,42.83
Karnali_Center,29.267,82.183,2025051715,2025-05-17 15:00:00,2025,5,17,15,17.32,40.63,5.04,4.65,97.1,262.1,55.81
Karnali_Center,29.267,82.183,2025051716,2025-05-17 16:00:00,2025,5,17,16,15.81,45.31,3.95,3.62,88.76,126.35,68.69
Karnali_Center,29.267,82.183,2025051717,2025-05-17 17:00:00,2025,5,17,17,14.12,51.84,2.9,2.77,79.97,38.53,81.03
Karnali_Center,29.267,82.183,2025051718,2025-05-17 18:00:00,2025,5,17,18,12.71,61.96,1.63,2.14,66.98,0.0,90.0
Karnali_Center,29.267,82.183,2025051719,2025-05-17 19:00:00,2025,5,17,19,11.91,68.57,1.11,1.84,8.8,0.0,90.0
Karnali_Center,29.267,82.183,2025051720,2025-05-17 20:00:00,2025,5,17,20,11.41,70.74,1.03,1.67,11.3,0.0,90.0
Karnali_Center,29.267,82.183,2025051721,2025-05-17 21:00:00,2025,5,17,21,10.78,70.04,0.94,1.32,7.9,0.0,90.0
Karnali_Center,29.267,82.183,2025051722,2025-05-17 22:00:00,2025,5,17,22,10.37,70.41,0.72,1.0,8.97,0.0,90.0
Karnali_Center,29.267,82.183,2025051723,2025-05-17 23:00:00,2025,5,17,23,9.96,71.39,0.69,0.93,51.91,0.0,90.0
Karnali_Center,29.267,82.183,2025051800,2025-05-18 00:00:00,2025,5,18,0,9.42,72.43,0.75,0.94,42.35,0.0,90.0
Karnali_Center,29.267,82.183,2025051801,2025-05-18 01:00:00,2025,5,18,1,8.98,73.27,0.85,0.99,52.0,0.0,90.0
Karnali_Center,29.267,82.183,2025051802,2025-05-18 02:00:00,2025,5,18,2,8.51,74.28,0.97,1.09,62.97,0.0,90.0
Karnali_Center,29.267,82.183,2025051803,2025-05-18 03:00:00,2025,5,18,3,8.14,74.59,1.0,1.1,64.33,0.0,90.0
Karnali_Center,29.267,82.183,2025051804,2025-05-18 04:00:00,2025,5,18,4,7.72,75.27,1.0,1.08,61.87,3.4,89.33
Karnali_Center,29.267,82.183,2025051805,2025-05-18 05:00:00,2025,5,18,5,8.77,72.17,1.0,1.05,62.47,80.07,79.77
Karnali_Center,29.267,82.183,2025051806,2025-05-18 06:00:00,2025,5,18,6,11.52,61.18,0.52,0.51,63.11,219.18,67.12
Karnali_Center,29.267,82.183,2025051807,2025-05-18 07:00:00,2025,5,18,7,14.26,50.65,1.76,1.28,62.92,343.52,54.21
Karnali_Center,29.267,82.183,2025051808,2025-05-18 08:00:00,2025,5,18,8,16.85,42.52,2.98,2.19,71.51,490.88,41.22
Karnali_Center,29.267,82.183,2025051809,2025-05-18 09:00:00,2025,5,18,9,18.85,38.1,4.07,3.01,81.23,595.92,28.42
Karnali_Center,29.267,82.183,2025051810,2025-05-18 10:00:00,2025,5,18,10,20.04,36.49,4.98,3.78,95.01,754.2,16.64
Karnali_Center,29.267,82.183,2025051811,2025-05-18 11:00:00,2025,5,18,11,20.59,36.67,5.74,4.55,54.05,737.15,10.67
Karnali_Center,29.267,82.183,2025051812,2025-05-18 12:00:00,2025,5,18,12,20.15,38.92,6.07,4.97,98.54,748.28,17.89
Karnali_Center,29.267,82.183,2025051813,2025-05-18 13:00:00,2025,5,18,13,19.17,42.68,5.99,5.04,97.58,614.8,29.89
Karnali_Center,29.267,82.183,2025051814,2025-05-18 14:00:00,2025,5,18,14,17.89,47.4,5.59,4.78,95.81,453.1,42.74
Karnali_Center,29.267,82.183,2025051815,2025-05-18 15:00:00,2025,5,18,15,16.53,52.52,4.91,4.24,91.19,296.58,55.72
Karnali_Center,29.267,82.183,2025051816,2025-05-18 16:00:00,2025,5,18,16,15.1,58.37,4.02,3.52,84.81,155.8,68.59
Karnali_Center,29.267,82.183,2025051817,2025-05-18 17:00:00,2025,5,18,17,13.62,65.23,3.12,2.86,77.94,52.33,80.9
Karnali_Center,29.267,82.183,2025051818,2025-05-18 18:00:00,2025,5,18,18,12.41,73.2,2.03,2.22,70.19,0.0,90.0
Karnali_Center,29.267,82.183,2025051819,2025-05-18 19:00:00,2025,5,18,19,11.76,78.21,1.45,1.81,68.46,0.0,90.0
Karnali_Center,29.267,82.183,2025051820,2025-05-18 20:00:00,2025,5,18,20,11.28,81.12,0.97,1.39,61.74,0.0,90.0
Karnali_Center,29.267,82.183,2025051821,2025-05-18 21:00:00,2025,5,18,21,10.71,83.64,0.76,1.08,60.65,0.0,90.0
Karnali_Center,29.267,82.183,2025051822,2025-05-18 22:00:00,2025,5,18,22,10.25,84.37,0.59,0.82,71.13,0.0,90.0
Karnali_Center,29.267,82.183,2025051823,2025-05-18 23:00:00,2025,5,18,23,9.76,86.1,0.54,0.68,84.97,0.0,90.0
Karnali_Center,29.267,82.183,2025051900,2025-05-19 00:00:00,2025,5,19,0,9.16,88.8,0.78,0.94,62.19,0.0,90.0
Karnali_Center,29.267,82.183,2025051901,2025-05-19 01:00:00,2025,5,19,1,8.53,90.97,1.06,1.25,87.37,0.0,90.0
Karnali_Center,29.267,82.183,2025051902,2025-05-19 02:00:00,2025,5,19,2,8.05,91.52,1.18,1.39,75.08,0.0,90.0
Karnali_Center,29.267,82.183,2025051903,2025-05-19 03:00:00,2025,5,19,3,7.63,91.46,1.25,1.46,54.99,0.0,90.0
Karnali_Center,29.267,82.183,2025051904,2025-05-19 04:00:00,2025,5,19,4,7.29,90.85,1.31,1.53,45.92,3.58,89.3
Karnali_Center,29.267,82.183,2025051905,2025-05-19 05:00:00,2025,5,19,5,8.63,84.0,1.38,1.5,39.09,88.47,79.68
Karnali_Center,29.267,82.183,2025051906,2025-05-19 06:00:00,2025,5,19,6,11.36,71.87,0.95,0.89,35.26,269.83,67.04
Karnali_Center,29.267,82.183,2025051907,2025-05-19 07:00:00,2025,5,19,7,13.92,61.06,1.76,1.18,30.27,482.83,54.14
Karnali_Center,29.267,82.183,2025051908,2025-05-19 08:00:00,2025,5,19,8,16.35,51.36,3.21,2.29,46.21,654.2,41.15
Karnali_Center,29.267,82.183,2025051909,2025-05-19 09:00:00,2025,5,19,9,18.16,46.6,4.35,3.24,62.32,720.42,28.33
Karnali_Center,29.267,82.183,2025051910,2025-05-19 10:00:00,2025,5,19,10,19.2,45.24,5.24,4.09,80.36,748.58,16.51
Karnali_Center,29.267,82.183,2025051911,2025-05-19 11:00:00,2025,5,19,11,18.98,47.51,5.82,4.76,78.75,811.58,10.46
Karnali_Center,29.267,82.183,2025051912,2025-05-19 12:00:00,2025,5,19,12,18.08,52.01,5.99,5.07,94.51,726.25,17.76
Karnali_Center,29.267,82.183,2025051913,2025-05-19 13:00:00,2025,5,19,13,17.09,57.16,5.75,4.98,74.85,479.2,29.79
Karnali_Center,29.267,82.183,2025051914,2025-05-19 14:00:00,2025,5,19,14,16.36,61.38,5.37,4.72,96.65,409.2,42.64
Karnali_Center,29.267,82.183,2025051915,2025-05-19 15:00:00,2025,5,19,15,15.53,65.55,4.92,4.38,94.36,285.38,55.62
Karnali_Center,29.267,82.183,2025051916,2025-05-19 16:00:00,2025,5,19,16,14.48,71.17,4.3,3.87,94.24,158.62,68.49
Karnali_Center,29.267,82.183,2025051917,2025-05-19 17:00:00,2025,5,19,17,13.06,80.43,3.39,3.08,99.05,46.75,80.76
Karnali_Center,29.267,82.183,2025051918,2025-05-19 18:00:00,2025,5,19,18,11.87,90.54,2.47,2.38,17.1,0.0,90.0
Karnali_Center,29.267,82.183,2025051919,2025-05-19 19:00:00,2025,5,19,19,11.54,94.68,2.38,2.35,92.33,0.0,90.0
Karnali_Center,29.267,82.183,2025051920,2025-05-19 20:00:00,2025,5,19,20,11.39,96.43,2.22,2.5,83.64,0.0,90.0
Karnali_Center,29.267,82.183,2025051921,2025-05-19 21:00:00,2025,5,19,21,11.14,97.62,2.09,2.74,91.52,0.0,90.0
Karnali_Center,29.267,82.183,2025051922,2025-05-19 22:00:00,2025,5,19,22,10.83,98.49,2.06,2.88,100.0,0.0,90.0
Karnali_Center,29.267,82.183,2025051923,2025-05-19 23:00:00,2025,5,19,23,10.45,99.26,1.9,2.83,100.0,0.0,90.0
Karnali_Center,29.267,82.183,2025052000,2025-05-20 00:00:00,2025,5,20,0,9.98,100.0,1.68,2.64,74.88,0.0,90.0
Karnali_Center,29.267,82.183,2025052001,2025-05-20 01:00:00,2025,5,20,1,9.34,100.0,1.64,2.43,86.01,0.0,90.0
Karnali_Center,29.267,82.183,2025052002,2025-05-20 02:00:00,2025,5,20,2,8.79,100.0,1.54,2.13,91.74,0.0,90.0
Karnali_Center,29.267,82.183,2025052003,2025-05-20 03:00:00,2025,5,20,3,8.57,100.0,1.29,1.8,84.18,0.0,90.0
Karnali_Center,29.267,82.183,2025052004,2025-05-20 04:00:00,2025,5,20,4,8.59,100.0,1.02,1.47,67.2,3.53,89.26
Karnali_Center,29.267,82.183,2025052005,2025-05-20 05:00:00,2025,5,20,5,9.53,94.43,1.12,1.26,47.53,91.95,79.59
Karnali_Center,29.267,82.183,2025052006,2025-05-20 06:00:00,2025,5,20,6,11.28,82.52,1.29,1.09,34.34,287.42,66.96
Karnali_Center,29.267,82.183,2025052007,2025-05-20 07:00:00,2025,5,20,7,13.57,68.44,1.72,1.14,22.25,534.05,54.07
Karnali_Center,29.267,82.183,2025052008,2025-05-20 08:00:00,2025,5,20,8,16.18,54.86,2.51,1.66,13.99,757.55,41.08
Karnali_Center,29.267,82.183,2025052009,2025-05-20 09:00:00,2025,5,20,9,18.34,46.25,3.52,2.5,7.72,927.25,28.26
Karnali_Center,29.267,82.183,2025052010,2025-05-20 10:00:00,2025,5,20,10,19.78,41.91,4.5,3.4,11.69,1009.88,16.39
Karnali_Center,29.267,82.183,2025052011,2025-05-20 11:00:00,2025,5,20,11,20.63,40.68,5.4,4.29,38.02,970.83,10.27
Karnali_Center,29.267,82.183,2025052012,2025-05-20 12:00:00,2025,5,20,12,20.21,43.27,5.86,4.77,59.76,913.38,17.63
Karnali_Center,29.267,82.183,2025052013,2025-05-20 13:00:00,2025,5,20,13,19.48,46.52,5.95,4.96,58.46,734.1,29.69
Karnali_Center,29.267,82.183,2025052014,2025-05-20 14:00:00,2025,5,20,14,18.78,49.84,5.76,4.92,75.18,554.83,42.55
Karnali_Center,29.267,82.183,2025052015,2025-05-20 15:00:00,2025,5,20,15,17.62,55.31,5.01,4.32,82.71,387.38,55.53
Karnali_Center,29.267,82.183,2025052016,2025-05-20 16:00:00,2025,5,20,16,16.03,63.21,3.91,3.45,85.55,208.1,68.39
Karnali_Center,29.267,82.183,2025052017,2025-05-20 17:00:00,2025,5,20,17,14.34,72.82,2.85,2.61,90.58,61.88,80.62
Karnali_Center,29.267,82.183,2025052018,2025-05-20 18:00:00,2025,5,20,18,12.85,83.76,1.57,1.88,98.09,0.0,90.0
Karnali_Center,29.267,82.183,2025052019,2025-05-20 19:00:00,2025,5,20,19,12.22,88.97,1.09,1.49,98.94,0.0,90.0
Karnali_Center,29.267,82.183,2025052020,2025-05-20 20:00:00,2025,5,20,20,11.8,92.09,0.78,1.17,97.98,0.0,90.0
Karnali_Center,29.267,82.183,2025052021,2025-05-20 21:00:00,2025,5,20,21,11.46,93.76,0.71,1.0,95.42,0.0,90.0
Karnali_Center,29.267,82.183,2025052022,2025-05-20 22:00:00,2025,5,20,22,10.99,95.57,0.73,0.99,99.46,0.0,90.0
Karnali_Center,29.267,82.183,2025052023,2025-05-20 23:00:00,2025,5,20,23,10.68,96.26,0.8,1.07,95.61,0.0,90.0
Karnali_Center,29.267,82.183,2025052100,2025-05-21 00:00:00,2025,5,21,0,10.34,96.42,0.94,1.25,78.07,0.0,90.0
Karnali_Center,29.267,82.183,2025052101,2025-05-21 01:00:00,2025,5,21,1,10.09,95.61,1.04,1.33,77.25,0.0,90.0
Karnali_Center,29.267,82.183,2025052102,2025-05-21 02:00:00,2025,5,21,2,9.97,93.96,1.02,1.29,94.43,0.0,90.0
Karnali_Center,29.267,82.183,2025052103,2025-05-21 03:00:00,2025,5,21,3,10.0,91.86,0.89,1.12,69.46,0.0,90.0
Karnali_Center,29.267,82.183,2025052104,2025-05-21 04:00:00,2025,5,21,4,9.98,90.07,0.68,0.84,77.14,2.8,89.23
Karnali_Center,29.267,82.183,2025052105,2025-05-21 05:00:00,2025,5,21,5,10.58,87.12,0.48,0.57,85.77,50.9,79.51
Karnali_Center,29.267,82.183,2025052106,2025-05-21 06:00:00,2025,5,21,6,12.04,79.54,0.6,0.59,92.86,154.15,66.89
Karnali_Center,29.267,82.183,2025052107,2025-05-21 07:00:00,2025,5,21,7,13.81,67.27,0.89,0.85,99.17,262.88,54.0
Karnali_Center,29.267,82.183,2025052108,2025-05-21 08:00:00,2025,5,21,8,15.78,54.27,1.08,1.01,96.45,399.48,41.02
Karnali_Center,29.267,82.183,2025052109,2025-05-21 09:00:00,2025,5,21,9,18.23,44.32,1.91,1.22,91.21,569.53,28.18
Karnali_Center,29.267,82.183,2025052110,2025-05-21 10:00:00,2025,5,21,10,19.69,40.84,3.29,2.38,81.75,577.3,16.28
Karnali_Center,29.267,82.183,2025052111,2025-05-21 11:00:00,2025,5,21,11,20.13,41.67,4.38,3.42,88.75,630.05,10.08
Karnali_Center,29.267,82.183,2025052112,2025-05-21 12:00:00,2025,5,21,12,19.6,45.75,5.01,4.12,71.01,577.15,17.5
Karnali_Center,29.267,82.183,2025052113,2025-05-21 13:00:00,2025,5,21,13,18.64,51.43,5.09,4.36,96.92,392.27,29.59
Karnali_Center,29.267,82.183,2025052114,2025-05-21 14:00:00,2025,5,21,14,17.45,58.15,4.96,4.39,93.52,312.5,42.46
Karnali_Center,29.267,82.183,2025052115,2025-05-21 15:00:00,2025,5,21,15,15.73,66.95,4.67,4.31,75.91,193.6,55.44
Karnali_Center,29.267,82.183,2025052116,2025-05-21 16:00:00,2025,5,21,16,14.12,75.23,4.39,4.21,82.0,112.68,68.29
Karnali_Center,29.267,82.183,2025052117,2025-05-21 17:00:00,2025,5,21,17,12.84,81.25,3.51,3.45,85.91,37.17,80.48
Karnali_Center,29.267,82.183,2025052118,2025-05-21 18:00:00,2025,5,21,18,11.83,87.9,2.07,2.11,99.36,0.0,90.0
Karnali_Center,29.267,82.183,2025052119,2025-05-21 19:00:00,2025,5,21,19,11.33,91.0,1.32,1.4,99.54,0.0,90.0
Karnali_Center,29.267,82.183,2025052120,2025-05-21 20:00:00,2025,5,21,20,11.11,91.79,0.83,0.93,99.82,0.0,90.0
Karnali_Center,29.267,82.183,2025052121,2025-05-21 21:00:00,2025,5,21,21,10.89,92.35,0.8,0.85,98.72,0.0,90.0
Karnali_Center,29.267,82.183,2025052122,2025-05-21 22:00:00,2025,5,21,22,10.53,93.19,0.94,1.0,99.8,0.0,90.0
Karnali_Center,29.267,82.183,2025052123,2025-05-21 23:00:00,2025,5,21,23,10.24,93.95,0.99,1.23,99.94,0.0,90.0
Karnali_Center,29.267,82.183,2025052200,2025-05-22 00:00:00,2025,5,22,0,9.98,94.44,0.91,1.31,99.93,0.0,90.0
Karnali_Center,29.267,82.183,2025052201,2025-05-22 01:00:00,2025,5,22,1,9.63,95.14,0.65,1.2,94.03,0.0,90.0
Karnali_Center,29.267,82.183,2025052202,2025-05-22 02:00:00,2025,5,22,2,9.17,95.36,0.79,1.32,77.92,0.0,90.0
Karnali_Center,29.267,82.183,2025052203,2025-05-22 03:00:00,2025,5,22,3,8.6,95.42,0.9,1.3,72.36,0.0,90.0
Karnali_Center,29.267,82.183,2025052204,2025-05-22 04:00:00,2025,5,22,4,8.17,94.68,0.74,1.0,73.32,4.55,89.2
Karnali_Center,29.267,82.183,2025052205,2025-05-22 05:00:00,2025,5,22,5,9.07,89.7,0.58,0.76,78.47,77.3,79.43
Karnali_Center,29.267,82.183,2025052206,2025-05-22 06:00:00,2025,5,22,6,11.41,75.05,0.99,0.85,80.5,167.45,66.82
Karnali_Center,29.267,82.183,2025052207,2025-05-22 07:00:00,2025,5,22,7,14.06,60.96,1.76,1.16,77.56,289.88,53.94
Karnali_Center,29.267,82.183,2025052208,2025-05-22 08:00:00,2025,5,22,8,16.65,49.43,2.4,1.45,93.21,509.4,40.96
Karnali_Center,29.267,82.183,2025052209,2025-05-22 09:00:00,2025,5,22,9,18.59,43.28,3.46,2.27,91.5,658.65,28.11
Karnali_Center,29.267,82.183,2025052210,2025-05-22 10:00:00,2025,5,22,10,19.55,42.36,4.79,3.51,75.39,660.88,16.17
Karnali_Center,29.267,82.183,2025052211,2025-05-22 11:00:00,2025,5,22,11,19.41,45.45,5.67,4.36,57.08,664.03,9.9
Karnali_Center,29.267,82.183,2025052212,2025-05-22 12:00:00,2025,5,22,12,18.2,51.03,5.73,4.57,88.9,609.72,17.37
Karnali_Center,29.267,82.183,2025052213,2025-05-22 13:00:00,2025,5,22,13,16.78,57.36,5.18,4.26,91.64,553.83,29.5
Karnali_Center,29.267,82.183,2025052214,2025-05-22 14:00:00,2025,5,22,14,15.92,61.97,4.29,3.55,93.76,389.2,42.37
Karnali_Center,29.267,82.183,2025052215,2025-05-22 15:00:00,2025,5,22,15,15.59,64.0,3.56,2.93,85.94,276.05,55.35
Karnali_Center,29.267,82.183,2025052216,2025-05-22 16:00:00,2025,5,22,16,15.08,66.45,3.29,2.74,89.23,150.88,68.2
Karnali_Center,29.267,82.183,2025052217,2025-05-22 17:00:00,2025,5,22,17,13.86,73.44,3.22,2.91,96.86,42.55,80.34
Karnali_Center,29.267,82.183,2025052218,2025-05-22 18:00:00,2025,5,22,18,12.16,84.96,2.62,2.61,98.46,0.0,90.0
Karnali_Center,29.267,82.183,2025052219,2025-05-22 19:00:00,2025,5,22,19,11.48,89.55,2.05,2.07,90.5,0.0,90.0
Karnali_Center,29.267,82.183,2025052220,2025-05-22 20:00:00,2025,5,22,20,11.27,90.44,1.52,1.56,86.6,0.0,90.0
Karnali_Center,29.267,82.183,2025052221,2025-05-22 21:00:00,2025,5,22,21,11.05,91.1,0.79,1.03,84.81,0.0,90.0
Karnali_Center,29.267,82.183,2025052222,2025-05-22 22:00:00,2025,5,22,22,10.68,91.74,0.3,0.59,73.51,0.0,90.0
Karnali_Center,29.267,82.183,2025052223,2025-05-22 23:00:00,2025,5,22,23,10.44,90.9,0.09,0.05,40.85,0.0,90.0
Karnali_Center,29.267,82.183,2025052300,2025-05-23 00:00:00,2025,5,23,0,9.93,90.98,0.85,0.85,25.1,0.0,90.0
Karnali_Center,29.267,82.183,2025052301,2025-05-23 01:00:00,2025,5,23,1,8.93,90.84,1.42,1.46,12.76,0.0,90.0
Karnali_Center,29.267,82.183,2025052302,2025-05-23 02:00:00,2025,5,23,2,8.16,85.44,1.71,1.73,20.13,0.0,90.0
Karnali_Center,29.267,82.183,2025052303,2025-05-23 03:00:00,2025,5,23,3,7.86,76.12,1.83,1.83,45.78,0.0,90.0
Karnali_Center,29.267,82.183,2025052304,2025-05-23 04:00:00,2025,5,23,4,7.75,66.96,1.85,1.82,37.16,5.03,89.17
Karnali_Center,29.267,82.183,2025052305,2025-05-23 05:00:00,2025,5,23,5,9.38,63.11,1.64,1.74,30.01,118.05,79.36
Karnali_Center,29.267,82.183,2025052306,2025-05-23 06:00:00,2025,5,23,6,13.11,45.87,1.46,1.33,32.93,311.65,66.76
Karnali_Center,29.267,82.183,2025052307,2025-05-23 07:00:00,2025,5,23,7,17.95,24.82,0.43,0.93,10.47,595.5,53.89
Karnali_Center,29.267,82.183,2025052308,2025-05-23 08:00:00,2025,5,23,8,21.52,17.59,1.17,0.33,9.13,798.42,40.9
Karnali_Center,29.267,82.183,2025052309,2025-05-23 09:00:00,2025,5,23,9,23.44,16.28,2.58,1.46,4.0,967.28,28.05
Karnali_Center,29.267,82.183,2025052310,2025-05-23 10:00:00,2025,5,23,10,24.43,17.54,3.84,2.61,22.73,1004.88,16.07
Karnali_Center,29.267,82.183,2025052311,2025-05-23 11:00:00,2025,5,23,11,24.61,21.26,5.35,4.18,46.32,887.17,9.72
Karnali_Center,29.267,82.183,2025052312,2025-05-23 12:00:00,2025,5,23,12,23.82,28.25,6.61,5.51,71.74,842.08,17.24
Karnali_Center,29.267,82.183,2025052313,2025-05-23 13:00:00,2025,5,23,13,22.12,38.38,6.84,5.82,74.57,678.0,29.4
Karnali_Center,29.267,82.183,2025052314,2025-05-23 14:00:00,2025,5,23,14,19.76,47.9,6.1,5.15,79.87,512.97,42.28
Karnali_Center,29.267,82.183,2025052315,2025-05-23 15:00:00,2025,5,23,15,18.46,53.12,5.33,4.51,75.77,366.73,55.26
Karnali_Center,29.267,82.183,2025052316,2025-05-23 16:00:00,2025,5,23,16,17.19,59.35,4.71,4.09,80.09,220.1,68.1
Karnali_Center,29.267,82.183,2025052317,2025-05-23 17:00:00,2025,5,23,17,15.49,69.41,3.69,3.33,88.83,69.3,80.2
Karnali_Center,29.267,82.183,2025052318,2025-05-23 18:00:00,2025,5,23,18,13.78,81.18,2.25,2.35,96.72,0.0,90.0
Karnali_Center,29.267,82.183,2025052319,2025-05-23 19:00:00,2025,5,23,19,12.89,88.29,1.36,1.7,90.86,0.0,90.0
Karnali_Center,29.267,82.183,2025052320,2025-05-23 20:00:00,2025,5,23,20,12.48,91.67,0.89,1.32,74.1,0.0,90.0
Karnali_Center,29.267,82.183,2025052321,2025-05-23 21:00:00,2025,5,23,21,12.14,93.76,0.65,1.13,56.01,0.0,90.0
Karnali_Center,29.267,82.183,2025052322,2025-05-23 22:00:00,2025,5,23,22,11.69,95.0,0.73,1.15,49.74,0.0,90.0
Karnali_Center,29.267,82.183,2025052323,2025-05-23 23:00:00,2025,5,23,23,11.41,95.07,0.7,1.07,32.03,0.0,90.0
Karnali_Center,29.267,82.183,2025052400,2025-05-24 00:00:00,2025,5,24,0,11.24,94.06,0.59,0.88,19.35,0.0,90.0
Karnali_Center,29.267,82.183,2025052401,2025-05-24 01:00:00,2025,5,24,1,11.12,92.53,0.47,0.69,39.19,0.0,90.0
Karnali_Center,29.267,82.183,2025052402,2025-05-24 02:00:00,2025,5,24,2,10.96,91.24,0.24,0.39,32.07,0.0,90.0
Karnali_Center,29.267,82.183,2025052403,2025-05-24 03:00:00,2025,5,24,3,10.85,89.81,0.05,0.09,57.54,0.0,90.0
Karnali_Center,29.267,82.183,2025052404,2025-05-24 04:00:00,2025,5,24,4,10.65,88.09,0.38,0.34,68.42,4.12,89.14
Karnali_Center,29.267,82.183,2025052405,2025-05-24 05:00:00,2025,5,24,5,11.42,84.15,0.54,0.51,82.34,60.03,79.29
Karnali_Center,29.267,82.183,2025052406,2025-05-24 06:00:00,2025,5,24,6,13.55,73.06,0.26,0.2,93.64,117.0,66.7
Karnali_Center,29.267,82.183,2025052407,2025-05-24 07:00:00,2025,5,24,7,16.04,61.56,1.63,1.11,75.75,286.5,53.84
Karnali_Center,29.267,82.183,2025052408,2025-05-24 08:00:00,2025,5,24,8,18.16,51.59,3.19,2.32,99.72,441.7,40.85
Karnali_Center,29.267,82.183,2025052409,2025-05-24 09:00:00,2025,5,24,9,19.15,48.96,4.3,3.24,100.0,661.28,27.99
Karnali_Center,29.267,82.183,2025052410,2025-05-24 10:00:00,2025,5,24,10,19.34,50.56,5.02,3.94,99.73,707.15,15.98
Karnali_Center,29.267,82.183,2025052411,2025-05-24 11:00:00,2025,5,24,11,19.11,53.33,5.32,4.33,91.15,788.12,9.55
Karnali_Center,29.267,82.183,2025052412,2025-05-24 12:00:00,2025,5,24,12,18.96,54.89,5.22,4.38,95.54,625.33,17.12
Karnali_Center,29.267,82.183,2025052413,2025-05-24 13:00:00,2025,5,24,13,18.26,58.18,5.07,4.44,77.39,439.2,29.31
Karnali_Center,29.267,82.183,2025052414,2025-05-24 14:00:00,2025,5,24,14,17.52,62.35,4.83,4.39,93.51,331.1,42.19
Karnali_Center,29.267,82.183,2025052415,2025-05-24 15:00:00,2025,5,24,15,16.71,66.26,4.75,4.46,93.36,170.07,55.17
Karnali_Center,29.267,82.183,2025052416,2025-05-24 16:00:00,2025,5,24,16,15.76,71.6,4.3,4.12,94.68,124.85,68.0
Karnali_Center,29.267,82.183,2025052417,2025-05-24 17:00:00,2025,5,24,17,14.55,79.77,3.45,3.34,98.83,37.62,80.06
Karnali_Center,29.267,82.183,2025052418,2025-05-24 18:00:00,2025,5,24,18,13.33,88.74,2.42,2.45,99.02,0.0,90.0
Karnali_Center,29.267,82.183,2025052419,2025-05-24 19:00:00,2025,5,24,19,12.79,92.78,1.99,2.12,96.01,0.0,90.0
Karnali_Center,29.267,82.183,2025052420,2025-05-24 20:00:00,2025,5,24,20,12.58,94.61,1.57,2.09,98.49,0.0,90.0
Karnali_Center,29.267,82.183,2025052421,2025-05-24 21:00:00,2025,5,24,21,12.25,96.49,1.42,2.25,97.22,0.0,90.0
Karnali_Center,29.267,82.183,2025052422,2025-05-24 22:00:00,2025,5,24,22,11.94,97.84,1.51,2.43,98.41,0.0,90.0
Karnali_Center,29.267,82.183,2025052423,2025-05-24 23:00:00,2025,5,24,23,11.63,98.67,1.59,2.52,96.01,0.0,90.0
Karnali_Center,29.267,82.183,2025052500,2025-05-25 00:00:00,2025,5,25,0,11.29,99.44,1.63,2.55,91.66,0.0,90.0
Karnali_Center,29.267,82.183,2025052501,2025-05-25 01:00:00,2025,5,25,1,11.0,99.54,1.66,2.62,81.21,0.0,90.0
Karnali_Center,29.267,82.183,2025052502,2025-05-25 02:00:00,2025,5,25,2,10.65,99.57,1.74,2.6,93.67,0.0,90.0
Karnali_Center,29.267,82.183,2025052503,2025-05-25 03:00:00,2025,5,25,3,10.25,99.47,1.68,2.54,81.43,0.0,90.0
Karnali_Center,29.267,82.183,2025052504,2025-05-25 04:00:00,2025,5,25,4,9.82,99.33,1.61,2.46,83.62,4.03,89.11
Karnali_Center,29.267,82.183,2025052505,2025-05-25 05:00:00,2025,5,25,5,10.41,93.64,2.32,2.44,85.82,76.78,79.22
Karnali_Center,29.267,82.183,2025052506,2025-05-25 06:00:00,2025,5,25,6,11.56,84.7,2.92,2.95,88.7,217.27,66.65
Karnali_Center,29.267,82.183,2025052507,2025-05-25 07:00:00,2025,5,25,7,13.51,72.32,3.26,3.12,91.32,342.2,53.79
Karnali_Center,29.267,82.183,2025052508,2025-05-25 08:00:00,2025,5,25,8,15.72,60.21,3.46,3.08,46.46,541.17,40.81
Karnali_Center,29.267,82.183,2025052509,2025-05-25 09:00:00,2025,5,25,9,17.35,53.46,3.86,3.22,49.04,669.25,27.94
Karnali_Center,29.267,82.183,2025052510,2025-05-25 10:00:00,2025,5,25,10,18.6,49.66,4.22,3.44,39.49,764.33,15.89
Karnali_Center,29.267,82.183,2025052511,2025-05-25 11:00:00,2025,5,25,11,19.75,46.94,4.6,3.73,35.84,799.97,9.38
Karnali_Center,29.267,82.183,2025052512,2025-05-25 12:00:00,2025,5,25,12,20.15,46.49,4.87,3.98,38.16,706.78,17.01
Karnali_Center,29.267,82.183,2025052513,2025-05-25 13:00:00,2025,5,25,13,19.94,47.61,4.89,4.06,79.42,619.05,29.22
Karnali_Center,29.267,82.183,2025052514,2025-05-25 14:00:00,2025,5,25,14,19.23,50.25,4.62,3.88,27.15,434.77,42.11
Karnali_Center,29.267,82.183,2025052515,2025-05-25 15:00:00,2025,5,25,15,18.3,53.79,4.24,3.61,40.27,289.55,55.08
Karnali_Center,29.267,82.183,2025052516,2025-05-25 16:00:00,2025,5,25,16,17.09,58.81,3.79,3.3,49.58,148.12,67.91
Karnali_Center,29.267,82.183,2025052517,2025-05-25 17:00:00,2025,5,25,17,15.26,68.49,2.99,2.7,60.16,50.6,79.93
Karnali_Center,29.267,82.183,2025052518,2025-05-25 18:00:00,2025,5,25,18,13.63,79.97,1.87,1.78,68.58,0.0,90.0
Karnali_Center,29.267,82.183,2025052519,2025-05-25 19:00:00,2025,5,25,19,12.83,87.54,1.17,1.15,82.11,0.0,90.0
Karnali_Center,29.267,82.183,2025052520,2025-05-25 20:00:00,2025,5,25,20,12.46,91.79,0.84,0.87,93.6,0.0,90.0
Karnali_Center,29.267,82.183,2025052521,2025-05-25 21:00:00,2025,5,25,21,12.25,94.44,0.83,0.94,98.99,0.0,90.0
Karnali_Center,29.267,82.183,2025052522,2025-05-25 22:00:00,2025,5,25,22,12.1,95.85,1.02,1.38,96.16,0.0,90.0
Karnali_Center,29.267,82.183,2025052523,2025-05-25 23:00:00,2025,5,25,23,11.8,97.46,1.06,1.75,99.62,0.0,90.0
Karnali_Center,29.267,82.183,2025052600,2025-05-26 00:00:00,2025,5,26,0,11.44,98.66,1.16,1.82,99.64,0.0,90.0
Karnali_Center,29.267,82.183,2025052601,2025-05-26 01:00:00,2025,5,26,1,11.06,99.24,1.15,1.62,99.71,0.0,90.0
Karnali_Center,29.267,82.183,2025052602,2025-05-26 02:00:00,2025,5,26,2,10.82,98.73,0.83,1.07,99.48,0.0,90.0
Karnali_Center,29.267,82.183,2025052603,2025-05-26 03:00:00,2025,5,26,3,10.41,96.87,0.48,0.66,99.36,0.0,90.0
Karnali_Center,29.267,82.183,2025052604,2025-05-26 04:00:00,2025,5,26,4,9.92,95.92,0.51,0.59,98.09,3.83,89.08
Karnali_Center,29.267,82.183,2025052605,2025-05-26 05:00:00,2025,5,26,5,10.78,90.06,1.16,1.18,93.52,92.12,79.16
Karnali_Center,29.267,82.183,2025052606,2025-05-26 06:00:00,2025,5,26,6,12.61,77.0,1.02,1.12,93.94,231.98,66.6
Karnali_Center,29.267,82.183,2025052607,2025-05-26 07:00:00,2025,5,26,7,15.52,58.23,0.9,0.41,94.11,399.25,53.75
Karnali_Center,29.267,82.183,2025052608,2025-05-26 08:00:00,2025,5,26,8,18.02,46.61,2.5,1.69,98.57,627.28,40.77
Karnali_Center,29.267,82.183,2025052609,2025-05-26 09:00:00,2025,5,26,9,19.72,41.79,3.42,2.41,82.08,779.5,27.89
Karnali_Center,29.267,82.183,2025052610,2025-05-26 10:00:00,2025,5,26,10,20.97,39.44,4.12,2.97,97.91,883.7,15.81
Karnali_Center,29.267,82.183,2025052611,2025-05-26 11:00:00,2025,5,26,11,21.76,38.91,4.74,3.55,99.18,837.53,9.22
Karnali_Center,29.267,82.183,2025052612,2025-05-26 12:00:00,2025,5,26,12,21.96,40.01,5.21,4.05,98.03,658.5,16.89
Karnali_Center,29.267,82.183,2025052613,2025-05-26 13:00:00,2025,5,26,13,21.54,42.72,5.33,4.25,53.33,588.65,29.12
Karnali_Center,29.267,82.183,2025052614,2025-05-26 14:00:00,2025,5,26,14,20.49,47.3,5.04,4.06,45.38,491.65,42.02
Karnali_Center,29.267,82.183,2025052615,2025-05-26 15:00:00,2025,5,26,15,19.18,52.57,4.5,3.66,35.18,318.27,54.99
Karnali_Center,29.267,82.183,2025052616,2025-05-26 16:00:00,2025,5,26,16,17.76,58.03,3.88,3.22,34.62,190.9,67.81
Karnali_Center,29.267,82.183,2025052617,2025-05-26 17:00:00,2025,5,26,17,16.0,65.85,3.2,2.78,40.89,62.1,79.79
Karnali_Center,29.267,82.183,2025052618,2025-05-26 18:00:00,2025,5,26,18,14.21,76.48,2.28,2.18,39.88,0.0,90.0
Karnali_Center,29.267,82.183,2025052619,2025-05-26 19:00:00,2025,5,26,19,13.18,84.63,1.6,1.65,42.66,0.0,90.0
Karnali_Center,29.267,82.183,2025052620,2025-05-26 20:00:00,2025,5,26,20,12.55,89.97,1.2,1.25,63.1,0.0,90.0
Karnali_Center,29.267,82.183,2025052621,2025-05-26 21:00:00,2025,5,26,21,12.08,93.95,0.67,1.01,63.44,0.0,90.0
Karnali_Center,29.267,82.183,2025052622,2025-05-26 22:00:00,2025,5,26,22,11.75,96.08,0.63,0.93,97.24,0.0,90.0
Karnali_Center,29.267,82.183,2025052623,2025-05-26 23:00:00,2025,5,26,23,11.55,96.82,0.66,0.91,88.39,0.0,90.0
Karnali_Center,29.267,82.183,2025052700,2025-05-27 00:00:00,2025,5,27,0,11.37,97.16,0.61,0.8,97.06,0.0,90.0
Karnali_Center,29.267,82.183,2025052701,2025-05-27 01:00:00,2025,5,27,1,11.24,97.0,0.46,0.57,86.77,0.0,90.0
Karnali_Center,29.267,82.183,2025052702,2025-05-27 02:00:00,2025,5,27,2,11.17,96.05,0.27,0.31,99.15,0.0,90.0
Karnali_Center,29.267,82.183,2025052703,2025-05-27 03:00:00,2025,5,27,3,10.92,95.91,0.58,0.67,99.28,0.0,90.0
Karnali_Center,29.267,82.183,2025052704,2025-05-27 04:00:00,2025,5,27,4,10.64,94.96,0.8,0.92,94.09,5.05,89.06
Karnali_Center,29.267,82.183,2025052705,2025-05-27 05:00:00,2025,5,27,5,12.1,87.36,0.75,0.77,81.81,121.93,79.11
Karnali_Center,29.267,82.183,2025052706,2025-05-27 06:00:00,2025,5,27,6,14.55,73.98,0.33,0.21,81.62,309.3,66.55
Karnali_Center,29.267,82.183,2025052707,2025-05-27 07:00:00,2025,5,27,7,17.12,61.49,1.9,1.25,78.94,533.95,53.71
Karnali_Center,29.267,82.183,2025052708,2025-05-27 08:00:00,2025,5,27,8,19.55,51.53,3.2,2.21,79.65,755.83,40.73
Karnali_Center,29.267,82.183,2025052709,2025-05-27 09:00:00,2025,5,27,9,21.28,46.61,4.31,3.12,1.61,860.92,27.85
Karnali_Center,29.267,82.183,2025052710,2025-05-27 10:00:00,2025,5,27,10,22.19,44.93,5.23,3.96,4.71,914.1,15.73
Karnali_Center,29.267,82.183,2025052711,2025-05-27 11:00:00,2025,5,27,11,22.38,45.65,5.77,4.54,3.22,914.33,9.06
Karnali_Center,29.267,82.183,2025052712,2025-05-27 12:00:00,2025,5,27,12,22.18,47.51,5.9,4.75,64.95,819.2,16.78
Karnali_Center,29.267,82.183,2025052713,2025-05-27 13:00:00,2025,5,27,13,21.53,50.51,5.76,4.74,16.41,665.28,29.03
Karnali_Center,29.267,82.183,2025052714,2025-05-27 14:00:00,2025,5,27,14,20.88,53.19,5.56,4.7,28.58,485.3,41.94
Karnali_Center,29.267,82.183,2025052715,2025-05-27 15:00:00,2025,5,27,15,19.59,58.19,5.27,4.57,75.42,292.5,54.9
Karnali_Center,29.267,82.183,2025052716,2025-05-27 16:00:00,2025,5,27,16,18.43,63.41,4.78,4.19,73.32,169.52,67.72
Karnali_Center,29.267,82.183,2025052717,2025-05-27 17:00:00,2025,5,27,17,16.56,72.36,3.88,3.46,73.08,59.45,79.65
Karnali_Center,29.267,82.183,2025052718,2025-05-27 18:00:00,2025,5,27,18,14.74,83.8,2.74,2.62,30.71,0.0,90.0
Karnali_Center,29.267,82.183,2025052719,2025-05-27 19:00:00,2025,5,27,19,13.75,91.29,2.17,2.14,29.89,0.0,90.0
Karnali_Center,29.267,82.183,2025052720,2025-05-27 20:00:00,2025,5,27,20,13.26,95.12,1.84,1.85,14.95,0.0,90.0
Karnali_Center,29.267,82.183,2025052721,2025-05-27 21:00:00,2025,5,27,21,12.96,96.87,1.51,1.8,43.29,0.0,90.0
Karnali_Center,29.267,82.183,2025052722,2025-05-27 22:00:00,2025,5,27,22,12.65,98.15,1.23,1.8,89.63,0.0,90.0
Karnali_Center,29.267,82.183,2025052723,2025-05-27 23:00:00,2025,5,27,23,12.29,99.12,1.1,1.79,94.14,0.0,90.0
Karnali_Center,29.267,82.183,2025052800,2025-05-28 00:00:00,2025,5,28,0,11.9,99.46,1.15,1.65,82.92,0.0,90.0
Karnali_Center,29.267,82.183,2025052801,2025-05-28 01:00:00,2025,5,28,1,11.63,99.3,1.0,1.33,98.02,0.0,90.0
Karnali_Center,29.267,82.183,2025052802,2025-05-28 02:00:00,2025,5,28,2,11.4,99.2,0.94,1.24,99.8,0.0,90.0
Karnali_Center,29.267,82.183,2025052803,2025-05-28 03:00:00,2025,5,28,3,11.16,99.42,0.99,1.32,11.08,0.0,90.0
Karnali_Center,29.267,82.183,2025052804,2025-05-28 04:00:00,2025,5,28,4,10.96,99.37,1.03,1.36,13.35,3.5,89.03
Karnali_Center,29.267,82.183,2025052805,2025-05-28 05:00:00,2025,5,28,5,12.09,94.18,1.22,1.33,15.53,37.67,79.06
Karnali_Center,29.267,82.183,2025052806,2025-05-28 06:00:00,2025,5,28,6,14.02,82.55,1.39,1.36,17.78,74.03,66.51
Karnali_Center,29.267,82.183,2025052807,2025-05-28 07:00:00,2025,5,28,7,16.27,68.61,1.64,1.31,19.92,128.2,53.67
Karnali_Center,29.267,82.183,2025052808,2025-05-28 08:00:00,2025,5,28,8,18.59,56.81,2.21,1.52,3.73,314.12,40.7
Karnali_Center,29.267,82.183,2025052809,2025-05-28 09:00:00,2025,5,28,9,20.14,51.43,3.1,2.18,97.29,432.95,27.81
Karnali_Center,29.267,82.183,2025052810,2025-05-28 10:00:00,2025,5,28,10,21.24,49.17,3.91,2.88,97.72,556.75,15.67
Karnali_Center,29.267,82.183,2025052811,2025-05-28 11:00:00,2025,5,28,11,21.86,49.04,4.53,3.44,99.52,633.35,8.92
Karnali_Center,29.267,82.183,2025052812,2025-05-28 12:00:00,2025,5,28,12,21.98,50.25,4.84,3.79,94.33,747.62,16.67
Karnali_Center,29.267,82.183,2025052813,2025-05-28 13:00:00,2025,5,28,13,21.56,52.71,4.81,3.84,30.86,623.47,28.95
Karnali_Center,29.267,82.183,2025052814,2025-05-28 14:00:00,2025,5,28,14,20.77,55.99,4.42,3.59,41.14,447.58,41.85
Karnali_Center,29.267,82.183,2025052815,2025-05-28 15:00:00,2025,5,28,15,19.83,59.12,4.02,3.32,49.18,278.55,54.81
Karnali_Center,29.267,82.183,2025052816,2025-05-28 16:00:00,2025,5,28,16,18.55,63.12,3.58,3.01,50.84,160.32,67.63
Karnali_Center,29.267,82.183,2025052817,2025-05-28 17:00:00,2025,5,28,17,16.91,69.72,2.95,2.62,58.49,48.72,80.13
Karnali_Center,29.267,82.183,2025052818,2025-05-28 18:00:00,2025,5,28,18,14.99,81.66,1.7,1.88,54.84,2.28,89.4
Karnali_Center,29.267,82.183,2025052819,2025-05-28 19:00:00,2025,5,28,19,13.92,90.06,0.97,1.31,54.85,0.0,90.0
Karnali_Center,29.267,82.183,2025052820,2025-05-28 20:00:00,2025,5,28,20,13.43,93.98,0.74,0.97,44.94,0.0,90.0
Karnali_Center,29.267,82.183,2025052821,2025-05-28 21:00:00,2025,5,28,21,13.11,95.16,0.5,0.57,65.96,0.0,90.0
Karnali_Center,29.267,82.183,2025052822,2025-05-28 22:00:00,2025,5,28,22,12.92,95.8,0.21,0.26,94.8,0.0,90.0
Karnali_Center,29.267,82.183,2025052823,2025-05-28 23:00:00,2025,5,28,23,12.71,96.55,0.19,0.33,64.43,0.0,90.0
Karnali_Center,29.267,82.183,2025052900,2025-05-29 00:00:00,2025,5,29,0,12.34,97.28,0.32,0.48,76.29,0.0,90.0
Karnali_Center,29.267,82.183,2025052901,2025-05-29 01:00:00,2025,5,29,1,12.09,96.91,0.13,0.2,59.65,0.0,90.0
Karnali_Center,29.267,82.183,2025052902,2025-05-29 02:00:00,2025,5,29,2,11.89,96.04,0.23,0.27,62.12,0.0,90.0
Karnali_Center,29.267,82.183,2025052903,2025-05-29 03:00:00,2025,5,29,3,11.39,97.76,0.63,0.77,53.39,0.0,90.0
Karnali_Center,29.267,82.183,2025052904,2025-05-29 04:00:00,2025,5,29,4,10.92,98.38,0.94,1.13,80.17,4.75,89.01
Karnali_Center,29.267,82.183,2025052905,2025-05-29 05:00:00,2025,5,29,5,12.25,91.84,1.11,1.08,77.74,106.6,79.01
Karnali_Center,29.267,82.183,2025052906,2025-05-29 06:00:00,2025,5,29,6,14.92,73.82,0.63,0.66,81.98,271.23,66.48
Karnali_Center,29.267,82.183,2025052907,2025-05-29 07:00:00,2025,5,29,7,17.03,60.98,1.88,1.56,85.83,488.02,53.64
Karnali_Center,29.267,82.183,2025052908,2025-05-29 08:00:00,2025,5,29,8,18.66,52.55,2.5,1.95,89.74,643.03,40.67
Karnali_Center,29.267,82.183,2025052909,2025-05-29 09:00:00,2025,5,29,9,19.86,47.72,3.04,2.31,12.39,794.53,27.78
Karnali_Center,29.267,82.183,2025052910,2025-05-29 10:00:00,2025,5,29,10,20.82,45.45,3.62,2.76,24.48,797.65,15.6
Karnali_Center,29.267,82.183,2025052911,2025-05-29 11:00:00,2025,5,29,11,21.36,45.14,4.03,3.11,73.69,825.95,8.77
Karnali_Center,29.267,82.183,2025052912,2025-05-29 12:00:00,2025,5,29,12,21.46,46.07,4.3,3.37,97.6,616.97,16.56
Karnali_Center,29.267,82.183,2025052913,2025-05-29 13:00:00,2025,5,29,13,21.05,48.39,4.39,3.54,97.04,455.75,28.86
Karnali_Center,29.267,82.183,2025052914,2025-05-29 14:00:00,2025,5,29,14,20.32,51.49,4.24,3.47,82.71,302.2,41.77
Karnali_Center,29.267,82.183,2025052915,2025-05-29 15:00:00,2025,5,29,15,19.33,54.94,4.0,3.32,92.43,165.45,54.73
Karnali_Center,29.267,82.183,2025052916,2025-05-29 16:00:00,2025,5,29,16,17.99,59.63,3.6,3.06,98.94,133.38,67.53
Karnali_Center,29.267,82.183,2025052917,2025-05-29 17:00:00,2025,5,29,17,16.4,66.02,3.02,2.69,99.85,43.62,80.03
Karnali_Center,29.267,82.183,2025052918,2025-05-29 18:00:00,2025,5,29,18,14.8,75.47,2.08,2.05,94.92,2.3,89.37
Karnali_Center,29.267,82.183,2025052919,2025-05-29 19:00:00,2025,5,29,19,13.8,83.51,1.37,1.53,93.5,0.0,90.0
Karnali_Center,29.267,82.183,2025052920,2025-05-29 20:00:00,2025,5,29,20,13.02,90.1,0.97,1.28,78.44,0.0,90.0
Karnali_Center,29.267,82.183,2025052921,2025-05-29 21:00:00,2025,5,29,21,12.77,92.7,0.82,1.19,28.85,0.0,90.0
Karnali_Center,29.267,82.183,2025052922,2025-05-29 22:00:00,2025,5,29,22,12.51,94.53,0.78,1.24,82.78,0.0,90.0
Karnali_Center,29.267,82.183,2025052923,2025-05-29 23:00:00,2025,5,29,23,12.27,95.99,0.75,1.25,96.42,0.0,90.0
Karnali_Center,29.267,82.183,2025053000,2025-05-30 00:00:00,2025,5,30,0,12.02,97.12,0.85,1.38,96.12,0.0,90.0
Karnali_Center,29.267,82.183,2025053001,2025-05-30 01:00:00,2025,5,30,1,11.68,98.2,0.92,1.38,92.21,0.0,90.0
Karnali_Center,29.267,82.183,2025053002,2025-05-30 02:00:00,2025,5,30,2,11.34,98.7,0.95,1.35,97.16,0.0,90.0
Karnali_Center,29.267,82.183,2025053003,2025-05-30 03:00:00,2025,5,30,3,11.05,98.55,0.92,1.25,87.37,0.0,90.0
Karnali_Center,29.267,82.183,2025053004,2025-05-30 04:00:00,2025,5,30,4,10.78,98.08,0.7,0.91,85.46,4.75,88.99
Karnali_Center,29.267,82.183,2025053005,2025-05-30 05:00:00,2025,5,30,5,11.97,91.41,0.69,0.77,80.0,106.0,78.97
Karnali_Center,29.267,82.183,2025053006,2025-05-30 06:00:00,2025,5,30,6,13.86,76.89,1.17,1.01,81.42,265.67,66.44
Karnali_Center,29.267,82.183,2025053007,2025-05-30 07:00:00,2025,5,30,7,15.94,62.64,1.64,1.17,81.32,460.55,53.62
Karnali_Center,29.267,82.183,2025053008,2025-05-30 08:00:00,2025,5,30,8,17.96,52.41,2.4,1.68,84.06,597.15,40.65
Karnali_Center,29.267,82.183,2025053009,2025-05-30 09:00:00,2025,5,30,9,19.62,47.14,3.34,2.44,89.55,857.97,27.75
Karnali_Center,29.267,82.183,2025053010,2025-05-30 10:00:00,2025,5,30,10,20.98,44.1,4.26,3.25,86.09,859.6,15.55
Karnali_Center,29.267,82.183,2025053011,2025-05-30 11:00:00,2025,5,30,11,21.66,43.86,4.93,3.9,14.01,914.58,8.64
Karnali_Center,29.267,82.183,2025053012,2025-05-30 12:00:00,2025,5,30,12,21.63,45.63,5.25,4.31,81.69,727.67,16.46
Karnali_Center,29.267,82.183,2025053013,2025-05-30 13:00:00,2025,5,30,13,21.15,48.28,5.13,4.32,81.19,585.55,28.77
Karnali_Center,29.267,82.183,2025053014,2025-05-30 14:00:00,2025,5,30,14,20.38,51.08,4.91,4.21,73.88,316.02,41.69
Karnali_Center,29.267,82.183,2025053015,2025-05-30 15:00:00,2025,5,30,15,19.36,53.97,4.55,3.99,97.42,184.18,54.64
Karnali_Center,29.267,82.183,2025053016,2025-05-30 16:00:00,2025,5,30,16,18.06,58.22,4.07,3.65,97.65,108.97,67.44
Karnali_Center,29.267,82.183,2025053017,2025-05-30 17:00:00,2025,5,30,17,16.43,65.06,3.36,3.11,98.41,37.0,79.93
Karnali_Center,29.267,82.183,2025053018,2025-05-30 18:00:00,2025,5,30,18,14.73,75.59,2.14,2.3,96.2,2.1,89.33
Karnali_Center,29.267,82.183,2025053019,2025-05-30 19:00:00,2025,5,30,19,13.66,84.21,1.43,2.01,76.83,0.0,90.0
Karnali_Center,29.267,82.183,2025053020,2025-05-30 20:00:00,2025,5,30,20,12.87,88.5,1.37,1.76,98.45,0.0,90.0
Karnali_Center,29.267,82.183,2025053021,2025-05-30 21:00:00,2025,5,30,21,12.11,92.5,1.26,1.5,82.77,0.0,90.0
Karnali_Center,29.267,82.183,2025053022,2025-05-30 22:00:00,2025,5,30,22,11.69,94.27,1.03,1.22,92.1,0.0,90.0
Karnali_Center,29.267,82.183,2025053023,2025-05-30 23:00:00,2025,5,30,23,11.5,94.85,0.6,0.67,99.4,0.0,90.0
Karnali_Center,29.267,82.183,2025053100,2025-05-31 00:00:00,2025,5,31,0,11.11,95.75,0.19,0.19,88.44,0.0,90.0
Karnali_Center,29.267,82.183,2025053101,2025-05-31 01:00:00,2025,5,31,1,10.37,98.38,0.73,0.87,92.17,0.0,90.0
Karnali_Center,29.267,82.183,2025053102,2025-05-31 02:00:00,2025,5,31,2,9.7,99.96,1.23,1.56,75.33,0.0,90.0
Karnali_Center,29.267,82.183,2025053103,2025-05-31 03:00:00,2025,5,31,3,9.06,100.0,1.51,1.94,98.92,0.0,90.0
Karnali_Center,29.267,82.183,2025053104,2025-05-31 04:00:00,2025,5,31,4,8.6,100.0,1.68,2.19,98.9,3.95,88.97
Karnali_Center,29.267,82.183,2025053105,2025-05-31 05:00:00,2025,5,31,5,10.21,92.14,2.23,2.16,94.82,81.28,78.93
Karnali_Center,29.267,82.183,2025053106,2025-05-31 06:00:00,2025,5,31,6,12.95,74.7,1.26,1.16,95.94,233.98,66.42
Karnali_Center,29.267,82.183,2025053107,2025-05-31 07:00:00,2025,5,31,7,15.86,53.37,1.18,0.98,96.99,382.92,53.6
Karnali_Center,29.267,82.183,2025053108,2025-05-31 08:00:00,2025,5,31,8,17.75,43.98,2.47,2.05,48.21,533.67,40.63
Karnali_Center,29.267,82.183,2025053109,2025-05-31 09:00:00,2025,5,31,9,18.97,40.94,3.47,2.89,37.15,707.4,27.73
Karnali_Center,29.267,82.183,2025053110,2025-05-31 10:00:00,2025,5,31,10,19.88,39.81,4.22,3.55,51.51,748.5,15.5
Karnali_Center,29.267,82.183,2025053111,2025-05-31 11:00:00,2025,5,31,11,20.43,39.88,4.79,4.07,62.91,710.92,8.51
Karnali_Center,29.267,82.183,2025053112,2025-05-31 12:00:00,2025,5,31,12,20.42,41.02,5.11,4.43,89.83,540.1,16.36
Karnali_Center,29.267,82.183,2025053113,2025-05-31 13:00:00,2025,5,31,13,19.97,43.33,5.2,4.62,64.19,463.65,28.69
Karnali_Center,29.267,82.183,2025053114,2025-05-31 14:00:00,2025,5,31,14,18.91,47.05,5.04,4.59,68.8,346.05,41.61
Karnali_Center,29.267,82.183,2025053115,2025-05-31 15:00:00,2025,5,31,15,17.69,51.58,4.89,4.55,80.29,154.85,54.56
Karnali_Center,29.267,82.183,2025053116,2025-05-31 16:00:00,2025,5,31,16,16.12,58.67,4.58,4.29,77.06,102.82,67.36
Karnali_Center,29.267,82.183,2025053117,2025-05-31 17:00:00,2025,5,31,17,14.15,70.01,3.58,3.4,78.23,39.5,79.83
Karnali_Center,29.267,82.183,2025053118,2025-05-31 18:00:00,2025,5,31,18,12.85,79.53,2.52,2.53,66.31,2.33,89.3
Karnali_Center,29.267,82.183,2025053119,2025-05-31 19:00:00,2025,5,31,19,12.26,84.65,2.25,2.31,59.45,0.0,90.0
Karnali_Center,29.267,82.183,2025053120,2025-05-31 20:00:00,2025,5,31,20,11.85,88.34,2.03,2.19,97.0,0.0,90.0
Karnali_Center,29.267,82.183,2025053121,2025-05-31 21:00:00,2025,5,31,21,11.36,91.88,1.41,1.9,99.28,0.0,90.0
Karnali_Center,29.267,82.183,2025053122,2025-05-31 22:00:00,2025,5,31,22,10.59,94.19,1.44,1.84,11.71,0.0,90.0
Karnali_Center,29.267,82.183,2025053123,2025-05-31 23:00:00,2025,5,31,23,9.86,96.26,1.49,1.79,97.03,0.0,90.0
Karnali_Center,29.267,82.183,2025060100,2025-06-01 00:00:00,2025,6,1,0,9.24,97.59,1.39,1.68,99.75,0.0,90.0
Karnali_Center,29.267,82.183,2025060101,2025-06-01 01:00:00,2025,6,1,1,8.61,98.62,1.38,1.65,0.0,0.0,90.0
Karnali_Center,29.267,82.183,2025060102,2025-06-01 02:00:00,2025,6,1,2,8.2,98.44,1.37,1.61,52.19,0.0,90.0
Karnali_Center,29.267,82.183,2025060103,2025-06-01 03:00:00,2025,6,1,3,8.03,96.92,1.32,1.54,60.39,0.0,90.0
Karnali_Center,29.267,82.183,2025060104,2025-06-01 04:00:00,2025,6,1,4,7.98,94.38,1.24,1.41,60.53,3.67,88.95
Karnali_Center,29.267,82.183,2025060105,2025-06-01 05:00:00,2025,6,1,5,9.63,86.26,1.11,1.22,94.68,60.47,78.9
Karnali_Center,29.267,82.183,2025060106,2025-06-01 06:00:00,2025,6,1,6,12.13,70.09,0.93,1.02,95.28,161.98,66.39
Karnali_Center,29.267,82.183,2025060107,2025-06-01 07:00:00,2025,6,1,7,14.07,56.22,1.39,1.24,96.73,257.33,53.58
Karnali_Center,29.267,82.183,2025060108,2025-06-01 08:00:00,2025,6,1,8,15.81,46.07,2.14,1.8,77.42,507.15,40.62
Karnali_Center,29.267,82.183,2025060109,2025-06-01 09:00:00,2025,6,1,9,17.3,40.61,3.1,2.6,97.01,553.65,27.71
Karnali_Center,29.267,82.183,2025060110,2025-06-01 10:00:00,2025,6,1,10,18.42,38.21,4.03,3.42,68.68,716.45,15.45
Karnali_Center,29.267,82.183,2025060111,2025-06-01 11:00:00,2025,6,1,11,19.09,37.49,4.79,4.17,48.83,781.83,8.38
Karnali_Center,29.267,82.183,2025060112,2025-06-01 12:00:00,2025,6,1,12,19.24,37.99,5.31,4.75,91.74,592.83,16.26
Karnali_Center,29.267,82.183,2025060113,2025-06-01 13:00:00,2025,6,1,13,18.97,39.09,5.63,5.16,49.93,554.08,28.61
Karnali_Center,29.267,82.183,2025060114,2025-06-01 14:00:00,2025,6,1,14,18.3,41.18,5.83,5.44,61.1,376.5,41.53
Karnali_Center,29.267,82.183,2025060115,2025-06-01 15:00:00,2025,6,1,15,17.03,45.26,5.65,5.38,61.67,257.02,54.48
Karnali_Center,29.267,82.183,2025060116,2025-06-01 16:00:00,2025,6,1,16,15.47,49.87,5.14,4.98,87.44,159.98,67.27
Karnali_Center,29.267,82.183,2025060117,2025-06-01 17:00:00,2025,6,1,17,13.73,56.27,4.03,4.09,81.75,66.0,79.74
Karnali_Center,29.267,82.183,2025060118,2025-06-01 18:00:00,2025,6,1,18,12.12,69.09,2.39,3.27,79.97,2.8,89.26
Karnali_Center,29.267,82.183,2025060119,2025-06-01 19:00:00,2025,6,1,19,11.03,77.26,2.1,3.26,74.3,0.0,90.0
Karnali_Center,29.267,82.183,2025060120,2025-06-01 20:00:00,2025,6,1,20,9.98,77.33,2.02,2.8,30.78,0.0,90.0
Karnali_Center,29.267,82.183,2025060121,2025-06-01 21:00:00,2025,6,1,21,9.6,71.81,1.64,2.22,79.14,0.0,90.0
Karnali_Center,29.267,82.183,2025060122,2025-06-01 22:00:00,2025,6,1,22,9.52,66.13,1.21,1.62,97.5,0.0,90.0
Karnali_Center,29.267,82.183,2025060123,2025-06-01 23:00:00,2025,6,1,23,8.97,64.11,0.86,1.11,99.53,0.0,90.0
Karnali_Center,29.267,82.183,2025060200,2025-06-02 00:00:00,2025,6,2,0,8.06,66.13,1.15,1.4,92.56,0.0,90.0
Karnali_Center,29.267,82.183,2025060201,2025-06-02 01:00:00,2025,6,2,1,7.01,70.32,1.44,1.73,99.21,0.0,90.0
Karnali_Center,29.267,82.183,2025060202,2025-06-02 02:00:00,2025,6,2,2,6.24,72.68,1.64,1.95,99.47,0.0,90.0
Karnali_Center,29.267,82.183,2025060203,2025-06-02 03:00:00,2025,6,2,3,5.82,73.22,1.76,2.08,99.11,0.0,90.0
Karnali_Center,29.267,82.183,2025060204,2025-06-02 04:00:00,2025,6,2,4,5.78,73.93,1.79,2.1,98.22,4.78,88.94
Karnali_Center,29.267,82.183,2025060205,2025-06-02 05:00:00,2025,6,2,5,7.72,73.85,1.59,1.97,97.52,50.78,78.87
Karnali_Center,29.267,82.183,2025060206,2025-06-02 06:00:00,2025,6,2,6,10.44,57.8,1.56,1.52,98.26,146.3,66.37
Karnali_Center,29.267,82.183,2025060207,2025-06-02 07:00:00,2025,6,2,7,12.94,41.97,1.94,1.84,96.61,284.88,53.57
Karnali_Center,29.267,82.183,2025060208,2025-06-02 08:00:00,2025,6,2,8,14.65,33.58,2.69,2.45,99.95,440.12,40.61
Karnali_Center,29.267,82.183,2025060209,2025-06-02 09:00:00,2025,6,2,9,15.93,31.18,3.42,3.02,99.09,536.22,27.7
Karnali_Center,29.267,82.183,2025060210,2025-06-02 10:00:00,2025,6,2,10,16.74,30.98,4.15,3.6,68.88,573.8,15.42
Karnali_Center,29.267,82.183,2025060211,2025-06-02 11:00:00,2025,6,2,11,16.86,32.88,4.52,3.89,71.81,551.75,8.26
Karnali_Center,29.267,82.183,2025060212,2025-06-02 12:00:00,2025,6,2,12,16.53,36.0,4.3,3.7,97.15,586.67,16.16
Karnali_Center,29.267,82.183,2025060213,2025-06-02 13:00:00,2025,6,2,13,16.34,38.21,4.12,3.55,76.21,431.35,28.53
Karnali_Center,29.267,82.183,2025060214,2025-06-02 14:00:00,2025,6,2,14,16.12,39.6,4.12,3.62,79.85,339.33,41.45
Karnali_Center,29.267,82.183,2025060215,2025-06-02 15:00:00,2025,6,2,15,15.72,41.18,4.13,3.73,78.91,201.5,54.4
Karnali_Center,29.267,82.183,2025060216,2025-06-02 16:00:00,2025,6,2,16,14.59,44.41,3.92,3.63,83.54,102.72,67.18
Karnali_Center,29.267,82.183,2025060217,2025-06-02 17:00:00,2025,6,2,17,12.94,51.06,3.21,3.23,90.22,29.77,79.64
Karnali_Center,29.267,82.183,2025060218,2025-06-02 18:00:00,2025,6,2,18,10.49,67.69,2.02,2.57,80.8,2.17,89.23
Karnali_Center,29.267,82.183,2025060219,2025-06-02 19:00:00,2025,6,2,19,9.44,70.93,1.92,2.44,79.98,0.0,90.0
Karnali_Center,29.267,82.183,2025060220,2025-06-02 20:00:00,2025,6,2,20,8.95,71.38,1.95,2.42,96.55,0.0,90.0
Karnali_Center,29.267,82.183,2025060221,2025-06-02 21:00:00,2025,6,2,21,8.61,72.79,1.97,2.38,99.22,0.0,90.0
Karnali_Center,29.267,82.183,2025060222,2025-06-02 22:00:00,2025,6,2,22,8.21,75.01,2.06,2.46,99.59,0.0,90.0
Karnali_Center,29.267,82.183,2025060223,2025-06-02 23:00:00,2025,6,2,23,7.91,76.12,2.0,2.37,98.47,0.0,90.0
Karnali_Center,29.267,82.183,2025060300,2025-06-03 00:00:00,2025,6,3,0,7.67,76.27,1.86,2.07,94.17,0.0,90.0
Karnali_Center,29.267,82.183,2025060301,2025-06-03 01:00:00,2025,6,3,1,7.36,76.88,1.69,1.84,90.61,0.0,90.0
Karnali_Center,29.267,82.183,2025060302,2025-06-03 02:00:00,2025,6,3,2,6.87,77.76,1.64,1.8,99.85,0.0,90.0
Karnali_Center,29.267,82.183,2025060303,2025-06-03 03:00:00,2025,6,3,3,6.24,78.33,1.62,1.86,87.98,0.0,90.0
Karnali_Center,29.267,82.183,2025060304,2025-06-03 04:00:00,2025,6,3,4,5.82,77.43,1.69,1.95,82.2,5.25,88.93
Karnali_Center,29.267,82.183,2025060305,2025-06-03 05:00:00,2025,6,3,5,7.79,71.86,1.53,1.84,85.84,48.47,78.84
Karnali_Center,29.267,82.183,2025060306,2025-06-03 06:00:00,2025,6,3,6,10.89,53.34,1.33,1.39,81.3,130.43,66.36
Karnali_Center,29.267,82.183,2025060307,2025-06-03 07:00:00,2025,6,3,7,13.13,43.37,0.76,0.81,74.49,309.7,53.56
Karnali_Center,29.267,82.183,2025060308,2025-06-03 08:00:00,2025,6,3,8,15.1,36.97,1.84,1.4,100.0,268.62,40.6
Karnali_Center,29.267,82.183,2025060309,2025-06-03 09:00:00,2025,6,3,9,16.69,34.05,3.29,2.63,100.0,287.5,27.69
Karnali_Center,29.267,82.183,2025060310,2025-06-03 10:00:00,2025,6,3,10,17.75,33.24,4.24,3.52,100.0,402.95,15.38
Karnali_Center,29.267,82.183,2025060311,2025-06-03 11:00:00,2025,6,3,11,18.3,34.0,5.05,4.34,99.92,222.95,8.15
Karnali_Center,29.267,82.183,2025060312,2025-06-03 12:00:00,2025,6,3,12,18.06,36.71,5.52,4.9,98.23,399.12,16.07
Karnali_Center,29.267,82.183,2025060313,2025-06-03 13:00:00,2025,6,3,13,17.25,41.47,5.53,5.04,84.08,260.73,28.45
Karnali_Center,29.267,82.183,2025060314,2025-06-03 14:00:00,2025,6,3,14,16.33,46.78,5.29,4.88,99.36,146.32,41.37
Karnali_Center,29.267,82.183,2025060315,2025-06-03 15:00:00,2025,6,3,15,14.53,56.03,4.73,4.39,100.0,71.25,54.32
Karnali_Center,29.267,82.183,2025060316,2025-06-03 16:00:00,2025,6,3,16,12.75,65.24,4.14,3.86,100.0,47.4,67.1
Karnali_Center,29.267,82.183,2025060317,2025-06-03 17:00:00,2025,6,3,17,11.29,72.89,3.43,3.23,100.0,30.77,79.55
Karnali_Center,29.267,82.183,2025060318,2025-06-03 18:00:00,2025,6,3,18,10.19,79.58,2.61,2.49,99.95,2.9,89.19
Karnali_Center,29.267,82.183,2025060319,2025-06-03 19:00:00,2025,6,3,19,9.64,82.44,2.13,2.19,99.91,0.0,90.0
Karnali_Center,29.267,82.183,2025060320,2025-06-03 20:00:00,2025,6,3,20,8.83,86.42,1.4,1.7,100.0,0.0,90.0
Karnali_Center,29.267,82.183,2025060321,2025-06-03 21:00:00,2025,6,3,21,8.6,88.74,1.01,1.29,100.0,0.0,90.0
Karnali_Center,29.267,82.183,2025060322,2025-06-03 22:00:00,2025,6,3,22,7.95,91.57,0.98,1.2,99.38,0.0,90.0
Karnali_Center,29.267,82.183,2025060323,2025-06-03 23:00:00,2025,6,3,23,7.17,94.53,1.03,1.22,99.52,0.0,90.0
Karnali_Center,29.267,82.183,2025060400,2025-06-04 00:00:00,2025,6,4,0,6.26,97.72,1.18,1.43,95.3,0.0,90.0
Karnali_Center,29.267,82.183,2025060401,2025-06-04 01:00:00,2025,6,4,1,5.8,97.74,1.4,1.65,99.19,0.0,90.0
Karnali_Center,29.267,82.183,2025060402,2025-06-04 02:00:00,2025,6,4,2,5.54,96.21,1.56,1.8,91.87,0.0,90.0
Karnali_Center,29.267,82.183,2025060403,2025-06-04 03:00:00,2025,6,4,3,5.27,93.78,1.61,1.81,88.4,0.0,90.0
Karnali_Center,29.267,82.183,2025060404,2025-06-04 04:00:00,2025,6,4,4,5.11,90.84,1.6,1.78,90.68,4.75,88.91
Karnali_Center,29.267,82.183,2025060405,2025-06-04 05:00:00,2025,6,4,5,7.03,80.49,1.54,1.71,96.58,42.78,78.82
Karnali_Center,29.267,82.183,2025060406,2025-06-04 06:00:00,2025,6,4,6,10.08,60.01,1.46,1.55,97.31,156.65,66.34
Karnali_Center,29.267,82.183,2025060407,2025-06-04 07:00:00,2025,6,4,7,12.57,44.9,2.03,1.99,99.17,291.48,53.55
Karnali_Center,29.267,82.183,2025060408,2025-06-04 08:00:00,2025,6,4,8,14.53,37.65,2.6,2.37,97.95,429.58,40.6
Karnali_Center,29.267,82.183,2025060409,2025-06-04 09:00:00,2025,6,4,9,16.05,34.96,3.41,2.95,61.54,534.08,27.68
Karnali_Center,29.267,82.183,2025060410,2025-06-04 10:00:00,2025,6,4,10,17.09,34.54,4.22,3.6,56.39,577.62,15.36
Karnali_Center,29.267,82.183,2025060411,2025-06-04 11:00:00,2025,6,4,11,17.59,36.14,4.72,4.08,91.32,685.5,8.05
Karnali_Center,29.267,82.183,2025060412,2025-06-04 12:00:00,2025,6,4,12,17.12,40.62,4.83,4.24,75.03,511.52,15.98
Karnali_Center,29.267,82.183,2025060413,2025-06-04 13:00:00,2025,6,4,13,15.71,48.28,4.48,4.01,93.6,369.08,28.37
Karnali_Center,29.267,82.183,2025060414,2025-06-04 14:00:00,2025,6,4,14,14.52,55.57,4.14,3.76,80.84,348.65,41.29
Karnali_Center,29.267,82.183,2025060415,2025-06-04 15:00:00,2025,6,4,15,13.31,61.39,3.82,3.54,79.6,189.93,54.24
Karnali_Center,29.267,82.183,2025060416,2025-06-04 16:00:00,2025,6,4,16,12.12,66.63,3.43,3.22,85.85,105.68,67.01
Karnali_Center,29.267,82.183,2025060417,2025-06-04 17:00:00,2025,6,4,17,10.64,74.79,2.69,2.57,96.9,37.75,79.47
Karnali_Center,29.267,82.183,2025060418,2025-06-04 18:00:00,2025,6,4,18,9.27,85.86,1.52,1.73,96.61,2.67,89.16
Karnali_Center,29.267,82.183,2025060419,2025-06-04 19:00:00,2025,6,4,19,8.56,92.81,1.07,1.41,97.58,0.0,90.0
Karnali_Center,29.267,82.183,2025060420,2025-06-04 20:00:00,2025,6,4,20,8.3,91.71,0.76,0.9,97.58,0.0,90.0
Karnali_Center,29.267,82.183,2025060421,2025-06-04 21:00:00,2025,6,4,21,8.16,89.34,0.45,0.52,96.88,0.0,90.0
Karnali_Center,29.267,82.183,2025060422,2025-06-04 22:00:00,2025,6,4,22,7.85,90.71,0.31,0.32,93.27,0.0,90.0
Karnali_Center,29.267,82.183,2025060423,2025-06-04 23:00:00,2025,6,4,23,7.45,91.77,0.41,0.49,91.87,0.0,90.0
Karnali_Center,29.267,82.183,2025060500,2025-06-05 00:00:00,2025,6,5,0,7.05,94.4,0.61,0.77,77.47,0.0,90.0
Karnali_Center,29.267,82.183,2025060501,2025-06-05 01:00:00,2025,6,5,1,6.59,95.05,0.82,1.05,72.53,0.0,90.0
Karnali_Center,29.267,82.183,2025060502,2025-06-05 02:00:00,2025,6,5,2,6.2,94.12,1.04,1.26,32.86,0.0,90.0
Karnali_Center,29.267,82.183,2025060503,2025-06-05 03:00:00,2025,6,5,3,5.88,93.52,1.19,1.39,45.92,0.0,90.0
Karnali_Center,29.267,82.183,2025060504,2025-06-05 04:00:00,2025,6,5,4,5.66,92.35,1.28,1.46,49.39,5.55,88.9
Karnali_Center,29.267,82.183,2025060505,2025-06-05 05:00:00,2025,6,5,5,6.94,87.81,1.19,1.26,58.29,75.47,78.81
Karnali_Center,29.267,82.183,2025060506,2025-06-05 06:00:00,2025,6,5,6,9.23,75.57,0.44,0.48,64.52,168.0,66.34
Karnali_Center,29.267,82.183,2025060507,2025-06-05 07:00:00,2025,6,5,7,10.99,66.83,1.18,0.83,69.16,237.7,53.55
Karnali_Center,29.267,82.183,2025060508,2025-06-05 08:00:00,2025,6,5,8,12.47,59.89,1.91,1.4,11.72,367.98,40.6
Karnali_Center,29.267,82.183,2025060509,2025-06-05 09:00:00,2025,6,5,9,13.78,55.26,2.58,1.96,27.81,493.88,27.68
Karnali_Center,29.267,82.183,2025060510,2025-06-05 10:00:00,2025,6,5,10,14.7,53.28,3.13,2.43,59.11,579.25,15.33
Karnali_Center,29.267,82.183,2025060511,2025-06-05 11:00:00,2025,6,5,11,15.26,52.77,3.47,2.76,61.58,639.62,7.95
Karnali_Center,29.267,82.183,2025060512,2025-06-05 12:00:00,2025,6,5,12,15.35,53.69,3.62,2.95,66.53,607.17,15.89
Karnali_Center,29.267,82.183,2025060513,2025-06-05 13:00:00,2025,6,5,13,15.02,55.69,3.66,3.03,90.22,542.97,28.29
Karnali_Center,29.267,82.183,2025060514,2025-06-05 14:00:00,2025,6,5,14,14.45,58.25,3.62,3.04,53.28,396.73,41.22
Karnali_Center,29.267,82.183,2025060515,2025-06-05 15:00:00,2025,6,5,15,13.61,61.74,3.34,2.87,52.71,263.45,54.16
Karnali_Center,29.267,82.183,2025060516,2025-06-05 16:00:00,2025,6,5,16,12.62,65.5,2.94,2.61,53.73,144.93,66.93
Karnali_Center,29.267,82.183,2025060517,2025-06-05 17:00:00,2025,6,5,17,11.4,71.11,2.35,2.18,53.43,47.08,79.38
Karnali_Center,29.267,82.183,2025060518,2025-06-05 18:00:00,2025,6,5,18,10.11,81.8,1.14,1.37,45.24,3.35,89.12
Karnali_Center,29.267,82.183,2025060519,2025-06-05 19:00:00,2025,6,5,19,9.48,86.45,0.55,0.72,41.08,0.0,90.0
Karnali_Center,29.267,82.183,2025060520,2025-06-05 20:00:00,2025,6,5,20,9.01,87.47,0.49,0.64,43.99,0.0,90.0
Karnali_Center,29.267,82.183,2025060521,2025-06-05 21:00:00,2025,6,5,21,8.39,88.21,0.86,1.07,78.78,0.0,90.0
Karnali_Center,29.267,82.183,2025060522,2025-06-05 22:00:00,2025,6,5,22,7.67,89.77,1.11,1.35,78.09,0.0,90.0
Karnali_Center,29.267,82.183,2025060523,2025-06-05 23:00:00,2025,6,5,23,7.11,90.62,1.25,1.48,66.95,0.0,90.0
Karnali_Center,29.267,82.183,2025060600,2025-06-06 00:00:00,2025,6,6,0,6.83,90.15,1.28,1.51,70.62,0.0,90.0
Karnali_Center,29.267,82.183,2025060601,2025-06-06 01:00:00,2025,6,6,1,6.75,88.42,1.26,1.45,64.03,0.0,90.0
Karnali_Center,29.267,82.183,2025060602,2025-06-06 02:00:00,2025,6,6,2,6.72,85.9,1.23,1.41,33.84,0.0,90.0
Karnali_Center,29.267,82.183,2025060603,2025-06-06 03:00:00,2025,6,6,3,6.62,83.43,1.19,1.36,15.28,0.0,90.0
Karnali_Center,29.267,82.183,2025060604,2025-06-06 04:00:00,2025,6,6,4,6.56,80.48,1.23,1.38,23.14,7.35,88.89
Karnali_Center,29.267,82.183,2025060605,2025-06-06 05:00:00,2025,6,6,5,8.3,75.36,1.2,1.36,44.67,115.55,78.8
Karnali_Center,29.267,82.183,2025060606,2025-06-06 06:00:00,2025,6,6,6,11.43,64.08,0.88,0.86,57.09,210.95,66.33
Karnali_Center,29.267,82.183,2025060607,2025-06-06 07:00:00,2025,6,6,7,14.15,54.33,1.65,1.02,57.39,364.83,53.55
Karnali_Center,29.267,82.183,2025060608,2025-06-06 08:00:00,2025,6,6,8,16.4,46.4,2.93,2.01,20.03,568.62,40.6
Karnali_Center,29.267,82.183,2025060609,2025-06-06 09:00:00,2025,6,6,9,17.94,42.59,4.06,3.01,13.89,658.47,27.68
Karnali_Center,29.267,82.183,2025060610,2025-06-06 10:00:00,2025,6,6,10,18.67,41.75,5.0,3.91,0.73,771.22,15.32
Karnali_Center,29.267,82.183,2025060611,2025-06-06 11:00:00,2025,6,6,11,18.76,42.94,5.45,4.42,7.11,820.3,7.85
Karnali_Center,29.267,82.183,2025060612,2025-06-06 12:00:00,2025,6,6,12,18.49,45.01,5.49,4.52,16.01,749.0,15.81
Karnali_Center,29.267,82.183,2025060613,2025-06-06 13:00:00,2025,6,6,13,17.65,48.3,5.3,4.44,19.19,677.0,28.22
Karnali_Center,29.267,82.183,2025060614,2025-06-06 14:00:00,2025,6,6,14,16.76,51.81,4.89,4.11,25.83,529.15,41.15
Karnali_Center,29.267,82.183,2025060615,2025-06-06 15:00:00,2025,6,6,15,16.32,53.76,4.43,3.69,34.18,347.35,54.09
Karnali_Center,29.267,82.183,2025060616,2025-06-06 16:00:00,2025,6,6,16,15.25,57.7,4.0,3.38,69.0,201.77,66.85
Karnali_Center,29.267,82.183,2025060617,2025-06-06 17:00:00,2025,6,6,17,13.95,63.56,3.4,3.03,63.04,77.93,79.29
Karnali_Center,29.267,82.183,2025060618,2025-06-06 18:00:00,2025,6,6,18,11.87,76.5,1.73,2.42,52.67,4.65,89.09
Karnali_Center,29.267,82.183,2025060619,2025-06-06 19:00:00,2025,6,6,19,10.76,80.78,1.37,1.85,45.38,0.0,90.0
Karnali_Center,29.267,82.183,2025060620,2025-06-06 20:00:00,2025,6,6,20,10.3,80.87,1.07,1.41,31.68,0.0,90.0
Karnali_Center,29.267,82.183,2025060621,2025-06-06 21:00:00,2025,6,6,21,9.73,81.65,0.69,0.93,24.43,0.0,90.0
Karnali_Center,29.267,82.183,2025060622,2025-06-06 22:00:00,2025,6,6,22,9.25,82.25,0.41,0.63,2.48,0.0,90.0
Karnali_Center,29.267,82.183,2025060623,2025-06-06 23:00:00,2025,6,6,23,9.05,81.64,0.38,0.53,2.52,0.0,90.0
Karnali_Center,29.267,82.183,2025060700,2025-06-07 00:00:00,2025,6,7,0,8.66,81.96,0.5,0.59,6.19,0.0,90.0
Karnali_Center,29.267,82.183,2025060701,2025-06-07 01:00:00,2025,6,7,1,8.16,82.44,0.77,0.83,4.62,0.0,90.0
Karnali_Center,29.267,82.183,2025060702,2025-06-07 02:00:00,2025,6,7,2,7.51,82.62,1.04,1.08,0.62,0.0,90.0
Karnali_Center,29.267,82.183,2025060703,2025-06-07 03:00:00,2025,6,7,3,7.1,79.5,1.23,1.25,5.43,0.0,90.0
Karnali_Center,29.267,82.183,2025060704,2025-06-07 04:00:00,2025,6,7,4,6.87,73.48,1.39,1.39,10.62,7.2,88.89
Karnali_Center,29.267,82.183,2025060705,2025-06-07 05:00:00,2025,6,7,5,8.9,65.11,1.36,1.41,14.44,126.88,78.79
Karnali_Center,29.267,82.183,2025060706,2025-06-07 06:00:00,2025,6,7,6,12.96,47.1,0.66,0.6,21.07,310.17,66.33
Karnali_Center,29.267,82.183,2025060707,2025-06-07 07:00:00,2025,6,7,7,17.17,34.52,0.82,0.36,25.77,508.08,53.55
Karnali_Center,29.267,82.183,2025060708,2025-06-07 08:00:00,2025,6,7,8,19.91,29.02,1.94,1.06,42.07,704.35,40.61
Karnali_Center,29.267,82.183,2025060709,2025-06-07 09:00:00,2025,6,7,9,21.83,26.53,2.96,1.87,49.14,860.05,27.68
Karnali_Center,29.267,82.183,2025060710,2025-06-07 10:00:00,2025,6,7,10,23.06,26.2,4.08,2.86,53.5,964.08,15.3
Karnali_Center,29.267,82.183,2025060711,2025-06-07 11:00:00,2025,6,7,11,23.54,27.85,5.32,4.1,52.19,1009.4,7.77
Karnali_Center,29.267,82.183,2025060712,2025-06-07 12:00:00,2025,6,7,12,23.17,31.66,6.35,5.19,36.54,930.1,15.72
Karnali_Center,29.267,82.183,2025060713,2025-06-07 13:00:00,2025,6,7,13,22.22,35.81,6.75,5.59,50.95,859.65,28.14
Karnali_Center,29.267,82.183,2025060714,2025-06-07 14:00:00,2025,6,7,14,21.06,39.73,6.68,5.6,49.2,693.17,41.07
Karnali_Center,29.267,82.183,2025060715,2025-06-07 15:00:00,2025,6,7,15,19.76,44.13,6.28,5.42,49.85,491.25,54.01
Karnali_Center,29.267,82.183,2025060716,2025-06-07 16:00:00,2025,6,7,16,18.31,49.51,5.32,4.7,45.2,279.55,66.78
Karnali_Center,29.267,82.183,2025060717,2025-06-07 17:00:00,2025,6,7,17,16.78,55.51,3.99,3.62,33.42,114.6,79.21
Karnali_Center,29.267,82.183,2025060718,2025-06-07 18:00:00,2025,6,7,18,14.03,69.4,1.93,2.57,28.11,5.75,89.06
Karnali_Center,29.267,82.183,2025060719,2025-06-07 19:00:00,2025,6,7,19,12.73,73.23,1.35,1.73,21.12,0.0,90.0
Karnali_Center,29.267,82.183,2025060720,2025-06-07 20:00:00,2025,6,7,20,12.35,73.5,0.81,1.06,21.05,0.0,90.0
Karnali_Center,29.267,82.183,2025060721,2025-06-07 21:00:00,2025,6,7,21,12.13,72.95,0.25,0.4,21.03,0.0,90.0
Karnali_Center,29.267,82.183,2025060722,2025-06-07 22:00:00,2025,6,7,22,11.57,73.9,0.42,0.37,2.48,0.0,90.0
Karnali_Center,29.267,82.183,2025060723,2025-06-07 23:00:00,2025,6,7,23,10.88,74.52,0.92,0.92,3.11,0.0,90.0
Karnali_Center,29.267,82.183,2025060800,2025-06-08 00:00:00,2025,6,8,0,10.45,73.04,1.06,1.07,6.31,0.0,90.0
Karnali_Center,29.267,82.183,2025060801,2025-06-08 01:00:00,2025,6,8,1,9.95,70.63,1.13,1.17,7.3,0.0,90.0
Karnali_Center,29.267,82.183,2025060802,2025-06-08 02:00:00,2025,6,8,2,9.8,64.9,1.17,1.2,16.01,0.0,90.0
Karnali_Center,29.267,82.183,2025060803,2025-06-08 03:00:00,2025,6,8,3,9.58,58.75,1.2,1.25,25.36,0.0,90.0
Karnali_Center,29.267,82.183,2025060804,2025-06-08 04:00:00,2025,6,8,4,9.4,53.45,1.26,1.31,25.82,6.8,88.88
Karnali_Center,29.267,82.183,2025060805,2025-06-08 05:00:00,2025,6,8,5,11.24,53.16,1.18,1.28,15.63,126.28,78.78
Karnali_Center,29.267,82.183,2025060806,2025-06-08 06:00:00,2025,6,8,6,14.58,45.58,0.58,0.54,26.7,317.33,66.33
Karnali_Center,29.267,82.183,2025060807,2025-06-08 07:00:00,2025,6,8,7,17.85,39.24,0.79,0.28,26.98,539.47,53.56
Karnali_Center,29.267,82.183,2025060808,2025-06-08 08:00:00,2025,6,8,8,20.61,32.19,1.85,0.91,32.63,742.25,40.62
Karnali_Center,29.267,82.183,2025060809,2025-06-08 09:00:00,2025,6,8,9,22.74,27.99,2.98,1.82,40.05,910.75,27.69
Karnali_Center,29.267,82.183,2025060810,2025-06-08 10:00:00,2025,6,8,10,24.17,26.58,4.12,2.85,42.87,1018.03,15.3
Karnali_Center,29.267,82.183,2025060811,2025-06-08 11:00:00,2025,6,8,11,24.8,27.53,5.21,3.92,34.11,1063.18,7.69
Karnali_Center,29.267,82.183,2025060812,2025-06-08 12:00:00,2025,6,8,12,24.66,30.49,5.99,4.72,20.36,1016.65,15.64
Karnali_Center,29.267,82.183,2025060813,2025-06-08 13:00:00,2025,6,8,13,24.03,34.49,6.4,5.23,42.97,914.03,28.07
Karnali_Center,29.267,82.183,2025060814,2025-06-08 14:00:00,2025,6,8,14,23.15,38.38,6.33,5.27,43.58,738.47,41.0
Karnali_Center,29.267,82.183,2025060815,2025-06-08 15:00:00,2025,6,8,15,22.03,42.51,5.69,4.77,44.9,514.5,53.94
Karnali_Center,29.267,82.183,2025060816,2025-06-08 16:00:00,2025,6,8,16,20.51,47.76,4.6,3.89,36.29,284.88,66.7
Karnali_Center,29.267,82.183,2025060817,2025-06-08 17:00:00,2025,6,8,17,18.58,54.89,3.42,3.04,21.54,106.0,79.13
Karnali_Center,29.267,82.183,2025060818,2025-06-08 18:00:00,2025,6,8,18,15.93,68.34,1.62,2.1,19.66,5.4,89.02
Karnali_Center,29.267,82.183,2025060819,2025-06-08 19:00:00,2025,6,8,19,14.88,71.31,1.06,1.32,10.8,0.0,90.0
Karnali_Center,29.267,82.183,2025060820,2025-06-08 20:00:00,2025,6,8,20,14.57,72.22,0.37,0.49,14.4,0.0,90.0
Karnali_Center,29.267,82.183,2025060821,2025-06-08 21:00:00,2025,6,8,21,13.79,75.59,0.58,0.62,18.79,0.0,90.0
Karnali_Center,29.267,82.183,2025060822,2025-06-08 22:00:00,2025,6,8,22,12.91,79.39,0.94,1.01,23.88,0.0,90.0
Karnali_Center,29.267,82.183,2025060823,2025-06-08 23:00:00,2025,6,8,23,12.34,81.17,1.07,1.14,28.38,0.0,90.0
Karnali_Center,29.267,82.183,2025060900,2025-06-09 00:00:00,2025,6,9,0,12.01,81.03,1.1,1.14,21.01,0.0,90.0
Karnali_Center,29.267,82.183,2025060901,2025-06-09 01:00:00,2025,6,9,1,11.61,80.32,1.09,1.11,37.77,0.0,90.0
Karnali_Center,29.267,82.183,2025060902,2025-06-09 02:00:00,2025,6,9,2,11.36,77.75,1.04,1.06,29.14,0.0,90.0
Karnali_Center,29.267,82.183,2025060903,2025-06-09 03:00:00,2025,6,9,3,11.25,73.72,1.01,1.05,45.36,0.0,90.0
Karnali_Center,29.267,82.183,2025060904,2025-06-09 04:00:00,2025,6,9,4,11.19,68.55,1.06,1.1,49.12,5.28,88.88
Karnali_Center,29.267,82.183,2025060905,2025-06-09 05:00:00,2025,6,9,5,12.64,65.4,0.94,1.04,48.52,98.15,78.78
Karnali_Center,29.267,82.183,2025060906,2025-06-09 06:00:00,2025,6,9,6,15.65,57.96,0.16,0.21,52.9,279.85,66.34
Karnali_Center,29.267,82.183,2025060907,2025-06-09 07:00:00,2025,6,9,7,18.47,50.21,1.48,0.89,61.03,463.35,53.57
Karnali_Center,29.267,82.183,2025060908,2025-06-09 08:00:00,2025,6,9,8,20.72,43.09,2.6,1.71,44.66,693.95,40.63
Karnali_Center,29.267,82.183,2025060909,2025-06-09 09:00:00,2025,6,9,9,22.51,38.57,3.46,2.37,47.8,857.42,27.7
Karnali_Center,29.267,82.183,2025060910,2025-06-09 10:00:00,2025,6,9,10,23.85,36.25,4.34,3.13,41.91,963.35,15.29
Karnali_Center,29.267,82.183,2025060911,2025-06-09 11:00:00,2025,6,9,11,24.59,35.95,5.11,3.84,33.65,989.78,7.61
Karnali_Center,29.267,82.183,2025060912,2025-06-09 12:00:00,2025,6,9,12,24.67,37.64,5.61,4.36,47.21,995.83,15.56
Karnali_Center,29.267,82.183,2025060913,2025-06-09 13:00:00,2025,6,9,13,24.35,39.73,5.65,4.48,1.68,849.38,28.0
Karnali_Center,29.267,82.183,2025060914,2025-06-09 14:00:00,2025,6,9,14,23.81,41.56,5.31,4.26,63.85,686.12,40.93
Karnali_Center,29.267,82.183,2025060915,2025-06-09 15:00:00,2025,6,9,15,22.91,43.9,4.81,3.9,36.46,474.12,53.87
Karnali_Center,29.267,82.183,2025060916,2025-06-09 16:00:00,2025,6,9,16,21.57,47.77,4.16,3.47,33.15,270.45,66.63
Karnali_Center,29.267,82.183,2025060917,2025-06-09 17:00:00,2025,6,9,17,19.7,54.17,3.3,2.97,28.61,100.25,79.05
Karnali_Center,29.267,82.183,2025060918,2025-06-09 18:00:00,2025,6,9,18,16.73,68.32,1.7,2.25,24.3,5.62,88.99
Karnali_Center,29.267,82.183,2025060919,2025-06-09 19:00:00,2025,6,9,19,15.57,72.77,1.36,1.7,20.09,0.0,90.0
Karnali_Center,29.267,82.183,2025060920,2025-06-09 20:00:00,2025,6,9,20,14.94,75.94,1.01,1.27,22.04,0.0,90.0
Karnali_Center,29.267,82.183,2025060921,2025-06-09 21:00:00,2025,6,9,21,14.26,79.36,0.65,0.85,34.61,0.0,90.0
Karnali_Center,29.267,82.183,2025060922,2025-06-09 22:00:00,2025,6,9,22,13.87,81.23,0.28,0.4,54.47,0.0,90.0
Karnali_Center,29.267,82.183,2025060923,2025-06-09 23:00:00,2025,6,9,23,13.55,82.54,0.01,0.07,69.88,0.0,90.0
Karnali_Center,29.267,82.183,2025061000,2025-06-10 00:00:00,2025,6,10,0,13.22,84.01,0.22,0.2,75.51,0.0,90.0
Karnali_Center,29.267,82.183,2025061001,2025-06-10 01:00:00,2025,6,10,1,12.92,84.66,0.39,0.35,52.16,0.0,90.0
Karnali_Center,29.267,82.183,2025061002,2025-06-10 02:00:00,2025,6,10,2,12.72,84.06,0.6,0.59,66.8,0.0,90.0
Karnali_Center,29.267,82.183,2025061003,2025-06-10 03:00:00,2025,6,10,3,12.37,84.51,0.8,0.84,63.06,0.0,90.0
Karnali_Center,29.267,82.183,2025061004,2025-06-10 04:00:00,2025,6,10,4,12.18,83.5,0.98,1.06,56.48,4.88,88.88
Karnali_Center,29.267,82.183,2025061005,2025-06-10 05:00:00,2025,6,10,5,13.58,77.47,0.98,1.02,19.11,88.97,78.79
Karnali_Center,29.267,82.183,2025061006,2025-06-10 06:00:00,2025,6,10,6,15.99,66.78,0.23,0.24,14.99,265.85,66.35
Karnali_Center,29.267,82.183,2025061007,2025-06-10 07:00:00,2025,6,10,7,18.43,58.16,2.06,1.46,6.96,482.2,53.59
Karnali_Center,29.267,82.183,2025061008,2025-06-10 08:00:00,2025,6,10,8,20.41,52.05,3.1,2.19,37.38,718.53,40.65
Karnali_Center,29.267,82.183,2025061009,2025-06-10 09:00:00,2025,6,10,9,21.92,48.36,3.89,2.79,4.85,936.58,27.72
Karnali_Center,29.267,82.183,2025061010,2025-06-10 10:00:00,2025,6,10,10,23.1,46.01,4.54,3.32,30.45,977.83,15.29
Karnali_Center,29.267,82.183,2025061011,2025-06-10 11:00:00,2025,6,10,11,23.77,45.37,5.01,3.78,54.18,923.28,7.55
Karnali_Center,29.267,82.183,2025061012,2025-06-10 12:00:00,2025,6,10,12,23.84,46.46,5.18,4.0,64.22,886.0,15.49
Karnali_Center,29.267,82.183,2025061013,2025-06-10 13:00:00,2025,6,10,13,23.56,48.09,5.11,4.06,31.25,732.9,27.93
Karnali_Center,29.267,82.183,2025061014,2025-06-10 14:00:00,2025,6,10,14,22.86,50.61,4.92,4.01,86.66,610.72,40.86
Karnali_Center,29.267,82.183,2025061015,2025-06-10 15:00:00,2025,6,10,15,21.77,54.25,4.61,3.85,74.49,389.0,53.8
Karnali_Center,29.267,82.183,2025061016,2025-06-10 16:00:00,2025,6,10,16,20.39,59.06,4.12,3.57,71.85,240.6,66.55
Karnali_Center,29.267,82.183,2025061017,2025-06-10 17:00:00,2025,6,10,17,18.67,66.45,3.42,3.13,73.09,85.45,78.98
Karnali_Center,29.267,82.183,2025061018,2025-06-10 18:00:00,2025,6,10,18,16.78,77.53,2.12,2.45,76.47,4.95,88.96
Karnali_Center,29.267,82.183,2025061019,2025-06-10 19:00:00,2025,6,10,19,15.71,85.16,1.67,2.04,76.79,0.0,90.0
Karnali_Center,29.267,82.183,2025061020,2025-06-10 20:00:00,2025,6,10,20,14.95,91.27,1.05,1.63,80.44,0.0,90.0
Karnali_Center,29.267,82.183,2025061021,2025-06-10 21:00:00,2025,6,10,21,14.44,94.98,0.82,1.25,73.15,0.0,90.0
Karnali_Center,29.267,82.183,2025061022,2025-06-10 22:00:00,2025,6,10,22,14.13,96.39,0.7,0.94,64.83,0.0,90.0
Karnali_Center,29.267,82.183,2025061023,2025-06-10 23:00:00,2025,6,10,23,13.97,96.58,0.45,0.58,33.28,0.0,90.0
Karnali_Center,29.267,82.183,2025061100,2025-06-11 00:00:00,2025,6,11,0,13.85,95.94,0.12,0.16,37.21,0.0,90.0
Karnali_Center,29.267,82.183,2025061101,2025-06-11 01:00:00,2025,6,11,1,13.42,97.23,0.35,0.39,57.41,0.0,90.0
Karnali_Center,29.267,82.183,2025061102,2025-06-11 02:00:00,2025,6,11,2,13.01,97.33,0.68,0.82,79.93,0.0,90.0
Karnali_Center,29.267,82.183,2025061103,2025-06-11 03:00:00,2025,6,11,3,12.5,98.42,1.09,1.33,78.59,0.0,90.0
Karnali_Center,29.267,82.183,2025061104,2025-06-11 04:00:00,2025,6,11,4,12.05,98.72,1.36,1.68,83.6,4.8,88.88
Karnali_Center,29.267,82.183,2025061105,2025-06-11 05:00:00,2025,6,11,5,13.59,89.95,1.56,1.63,87.18,85.28,78.79
Karnali_Center,29.267,82.183,2025061106,2025-06-11 06:00:00,2025,6,11,6,15.96,75.35,0.74,0.78,92.71,236.18,66.36
Karnali_Center,29.267,82.183,2025061107,2025-06-11 07:00:00,2025,6,11,7,18.59,61.69,1.48,1.01,98.63,394.52,53.61
Karnali_Center,29.267,82.183,2025061108,2025-06-11 08:00:00,2025,6,11,8,20.64,53.58,2.75,2.06,94.24,609.45,40.67
Karnali_Center,29.267,82.183,2025061109,2025-06-11 09:00:00,2025,6,11,9,21.96,49.89,3.68,2.8,94.53,790.4,27.74
Karnali_Center,29.267,82.183,2025061110,2025-06-11 10:00:00,2025,6,11,10,23.02,47.7,4.43,3.42,96.77,838.7,15.3
Karnali_Center,29.267,82.183,2025061111,2025-06-11 11:00:00,2025,6,11,11,23.44,47.43,5.04,4.0,94.75,868.12,7.48
Karnali_Center,29.267,82.183,2025061112,2025-06-11 12:00:00,2025,6,11,12,23.32,48.82,5.3,4.35,80.93,776.67,15.42
Karnali_Center,29.267,82.183,2025061113,2025-06-11 13:00:00,2025,6,11,13,22.89,50.98,5.38,4.53,98.24,755.7,27.87
Karnali_Center,29.267,82.183,2025061114,2025-06-11 14:00:00,2025,6,11,14,22.11,54.12,5.36,4.65,95.31,585.12,40.8
Karnali_Center,29.267,82.183,2025061115,2025-06-11 15:00:00,2025,6,11,15,21.18,57.44,5.24,4.69,91.82,380.6,53.73
Karnali_Center,29.267,82.183,2025061116,2025-06-11 16:00:00,2025,6,11,16,19.92,62.51,4.78,4.36,86.2,216.55,66.48
Karnali_Center,29.267,82.183,2025061117,2025-06-11 17:00:00,2025,6,11,17,18.14,71.72,3.76,3.5,80.9,85.82,78.9
Karnali_Center,29.267,82.183,2025061118,2025-06-11 18:00:00,2025,6,11,18,16.15,84.87,2.26,2.61,75.42,5.47,88.92
Karnali_Center,29.267,82.183,2025061119,2025-06-11 19:00:00,2025,6,11,19,15.05,92.86,1.89,2.21,68.8,0.0,90.0
Karnali_Center,29.267,82.183,2025061120,2025-06-11 20:00:00,2025,6,11,20,14.58,96.6,1.29,1.83,58.19,0.0,90.0
Karnali_Center,29.267,82.183,2025061121,2025-06-11 21:00:00,2025,6,11,21,14.29,97.95,0.89,1.31,55.75,0.0,90.0
Karnali_Center,29.267,82.183,2025061122,2025-06-11 22:00:00,2025,6,11,22,14.06,98.17,0.69,0.93,58.78,0.0,90.0
Karnali_Center,29.267,82.183,2025061123,2025-06-11 23:00:00,2025,6,11,23,13.95,97.48,0.41,0.53,65.7,0.0,90.0
Karnali_Center,29.267,82.183,2025061200,2025-06-12 00:00:00,2025,6,12,0,13.75,97.43,0.56,0.73,70.05,0.0,90.0
Karnali_Center,29.267,82.183,2025061201,2025-06-12 01:00:00,2025,6,12,1,13.53,97.27,0.61,0.79,50.47,0.0,90.0
Karnali_Center,29.267,82.183,2025061202,2025-06-12 02:00:00,2025,6,12,2,13.34,97.07,0.64,0.82,29.93,0.0,90.0
Karnali_Center,29.267,82.183,2025061203,2025-06-12 03:00:00,2025,6,12,3,13.22,96.88,0.65,0.83,66.36,0.0,90.0
Karnali_Center,29.267,82.183,2025061204,2025-06-12 04:00:00,2025,6,12,4,13.26,96.06,0.55,0.7,59.91,5.28,88.88
Karnali_Center,29.267,82.183,2025061205,2025-06-12 05:00:00,2025,6,12,5,14.09,92.54,0.51,0.57,54.55,84.78,78.81
Karnali_Center,29.267,82.183,2025061206,2025-06-12 06:00:00,2025,6,12,6,15.69,82.67,1.04,0.95,50.43,236.15,66.38
Karnali_Center,29.267,82.183,2025061207,2025-06-12 07:00:00,2025,6,12,7,17.52,71.79,1.94,1.52,46.23,388.0,53.63
Karnali_Center,29.267,82.183,2025061208,2025-06-12 08:00:00,2025,6,12,8,19.4,62.5,2.74,2.06,54.0,548.62,40.69
Karnali_Center,29.267,82.183,2025061209,2025-06-12 09:00:00,2025,6,12,9,20.61,57.94,3.59,2.76,62.47,693.7,27.76
Karnali_Center,29.267,82.183,2025061210,2025-06-12 10:00:00,2025,6,12,10,21.44,55.54,4.18,3.29,90.82,707.05,15.31
Karnali_Center,29.267,82.183,2025061211,2025-06-12 11:00:00,2025,6,12,11,21.84,54.65,4.57,3.68,95.74,812.0,7.43
Karnali_Center,29.267,82.183,2025061212,2025-06-12 12:00:00,2025,6,12,12,21.81,55.41,4.76,3.94,76.22,713.05,15.35
Karnali_Center,29.267,82.183,2025061213,2025-06-12 13:00:00,2025,6,12,13,21.74,56.89,4.84,4.11,96.65,656.88,27.8
Karnali_Center,29.267,82.183,2025061214,2025-06-12 14:00:00,2025,6,12,14,21.13,60.8,4.78,4.14,93.48,475.12,40.73
Karnali_Center,29.267,82.183,2025061215,2025-06-12 15:00:00,2025,6,12,15,19.97,68.12,4.32,3.83,91.85,325.23,53.66
Karnali_Center,29.267,82.183,2025061216,2025-06-12 16:00:00,2025,6,12,16,18.85,75.34,3.76,3.43,91.79,196.18,66.41
Karnali_Center,29.267,82.183,2025061217,2025-06-12 17:00:00,2025,6,12,17,17.52,83.6,3.0,2.82,96.17,63.55,78.83
Karnali_Center,29.267,82.183,2025061218,2025-06-12 18:00:00,2025,6,12,18,16.39,91.14,2.19,2.18,99.51,2.72,88.89
Karnali_Center,29.267,82.183,2025061219,2025-06-12 19:00:00,2025,6,12,19,15.91,94.65,1.71,1.93,99.29,0.0,90.0
Karnali_Center,29.267,82.183,2025061220,2025-06-12 20:00:00,2025,6,12,20,15.5,96.56,1.11,1.8,97.07,0.0,90.0
Karnali_Center,29.267,82.183,2025061221,2025-06-12 21:00:00,2025,6,12,21,15.04,97.8,0.94,1.4,68.85,0.0,90.0
Karnali_Center,29.267,82.183,2025061222,2025-06-12 22:00:00,2025,6,12,22,14.84,96.87,0.64,0.88,38.55,0.0,90.0
Karnali_Center,29.267,82.183,2025061223,2025-06-12 23:00:00,2025,6,12,23,14.59,95.87,0.33,0.45,40.44,0.0,90.0
Karnali_Center,29.267,82.183,2025061300,2025-06-13 00:00:00,2025,6,13,0,14.33,94.93,0.15,0.2,57.99,0.0,90.0
Karnali_Center,29.267,82.183,2025061301,2025-06-13 01:00:00,2025,6,13,1,13.95,95.26,0.45,0.57,74.3,0.0,90.0
Karnali_Center,29.267,82.183,2025061302,2025-06-13 02:00:00,2025,6,13,2,13.71,95.59,0.63,0.79,61.56,0.0,90.0
Karnali_Center,29.267,82.183,2025061303,2025-06-13 03:00:00,2025,6,13,3,13.69,94.74,0.55,0.64,49.13,0.0,90.0
Karnali_Center,29.267,82.183,2025061304,2025-06-13 04:00:00,2025,6,13,4,13.87,93.11,0.4,0.41,51.96,4.97,88.89
Karnali_Center,29.267,82.183,2025061305,2025-06-13 05:00:00,2025,6,13,5,14.51,92.08,0.39,0.44,55.76,71.05,78.82
Karnali_Center,29.267,82.183,2025061306,2025-06-13 06:00:00,2025,6,13,6,15.7,87.39,1.37,1.37,60.47,176.68,66.4
Karnali_Center,29.267,82.183,2025061307,2025-06-13 07:00:00,2025,6,13,7,17.51,76.2,2.55,2.34,67.62,245.48,53.65
Karnali_Center,29.267,82.183,2025061308,2025-06-13 08:00:00,2025,6,13,8,19.08,65.7,3.37,2.97,96.0,342.7,40.72
Karnali_Center,29.267,82.183,2025061309,2025-06-13 09:00:00,2025,6,13,9,20.17,60.23,3.78,3.27,97.45,401.4,27.79
Karnali_Center,29.267,82.183,2025061310,2025-06-13 10:00:00,2025,6,13,10,21.18,55.93,4.13,3.52,95.86,486.25,15.32
Karnali_Center,29.267,82.183,2025061311,2025-06-13 11:00:00,2025,6,13,11,21.61,53.99,4.54,3.86,90.69,523.28,7.38
Karnali_Center,29.267,82.183,2025061312,2025-06-13 12:00:00,2025,6,13,12,21.62,54.74,4.9,4.17,97.12,513.1,15.28
Karnali_Center,29.267,82.183,2025061313,2025-06-13 13:00:00,2025,6,13,13,21.33,57.07,5.07,4.34,93.2,470.9,27.74
Karnali_Center,29.267,82.183,2025061314,2025-06-13 14:00:00,2025,6,13,14,21.0,59.46,5.04,4.32,99.94,260.48,40.67
Karnali_Center,29.267,82.183,2025061315,2025-06-13 15:00:00,2025,6,13,15,20.11,63.26,4.62,3.98,96.71,268.67,53.6
Karnali_Center,29.267,82.183,2025061316,2025-06-13 16:00:00,2025,6,13,16,18.79,68.95,3.98,3.48,84.3,154.07,66.35
Karnali_Center,29.267,82.183,2025061317,2025-06-13 17:00:00,2025,6,13,17,17.11,78.19,2.98,2.7,69.14,81.88,78.76
Karnali_Center,29.267,82.183,2025061318,2025-06-13 18:00:00,2025,6,13,18,15.71,87.24,1.88,1.81,51.09,6.68,88.86
Karnali_Center,29.267,82.183,2025061319,2025-06-13 19:00:00,2025,6,13,19,14.93,93.12,1.02,1.31,36.94,0.0,90.0
Karnali_Center,29.267,82.183,2025061320,2025-06-13 20:00:00,2025,6,13,20,14.53,96.21,0.87,1.12,27.71,0.0,90.0
Karnali_Center,29.267,82.183,2025061321,2025-06-13 21:00:00,2025,6,13,21,14.23,98.08,0.79,1.08,39.65,0.0,90.0
Karnali_Center,29.267,82.183,2025061322,2025-06-13 22:00:00,2025,6,13,22,13.95,99.41,0.83,1.12,45.59,0.0,90.0
Karnali_Center,29.267,82.183,2025061323,2025-06-13 23:00:00,2025,6,13,23,13.73,99.92,0.89,1.17,69.95,0.0,90.0
Karnali_Center,29.267,82.183,2025061400,2025-06-14 00:00:00,2025,6,14,0,13.45,100.0,0.92,1.2,52.39,0.0,90.0
Karnali_Center,29.267,82.183,2025061401,2025-06-14 01:00:00,2025,6,14,1,13.22,100.0,0.9,1.17,36.86,0.0,90.0
Karnali_Center,29.267,82.183,2025061402,2025-06-14 02:00:00,2025,6,14,2,13.01,100.0,0.94,1.21,27.26,0.0,90.0
Karnali_Center,29.267,82.183,2025061403,2025-06-14 03:00:00,2025,6,14,3,12.83,100.0,0.94,1.21,26.11,0.0,90.0
Karnali_Center,29.267,82.183,2025061404,2025-06-14 04:00:00,2025,6,14,4,12.75,100.0,0.86,1.15,25.4,6.1,88.89
Karnali_Center,29.267,82.183,2025061405,2025-06-14 05:00:00,2025,6,14,5,14.03,92.72,0.99,1.13,33.27,115.3,78.84
Karnali_Center,29.267,82.183,2025061406,2025-06-14 06:00:00,2025,6,14,6,15.89,78.8,1.46,1.26,35.51,296.77,66.43
Karnali_Center,29.267,82.183,2025061407,2025-06-14 07:00:00,2025,6,14,7,18.24,66.27,2.28,1.71,33.64,514.72,53.68
Karnali_Center,29.267,82.183,2025061408,2025-06-14 08:00:00,2025,6,14,8,20.37,57.74,3.16,2.31,37.71,700.08,40.75
Karnali_Center,29.267,82.183,2025061409,2025-06-14 09:00:00,2025,6,14,9,22.0,52.83,4.16,3.07,42.34,865.03,27.81
Karnali_Center,29.267,82.183,2025061410,2025-06-14 10:00:00,2025,6,14,10,22.95,50.99,4.92,3.77,43.65,911.3,15.34
Karnali_Center,29.267,82.183,2025061411,2025-06-14 11:00:00,2025,6,14,11,23.4,50.9,5.3,4.2,32.89,959.95,7.34
Karnali_Center,29.267,82.183,2025061412,2025-06-14 12:00:00,2025,6,14,12,23.64,50.6,5.45,4.46,55.24,965.75,15.22
Karnali_Center,29.267,82.183,2025061413,2025-06-14 13:00:00,2025,6,14,13,23.27,52.08,5.47,4.6,0.61,857.72,27.67
Karnali_Center,29.267,82.183,2025061414,2025-06-14 14:00:00,2025,6,14,14,22.55,54.63,5.19,4.43,82.85,680.88,40.61
Karnali_Center,29.267,82.183,2025061415,2025-06-14 15:00:00,2025,6,14,15,21.63,57.4,4.79,4.13,80.52,496.48,53.54
Karnali_Center,29.267,82.183,2025061416,2025-06-14 16:00:00,2025,6,14,16,20.32,61.84,4.29,3.74,70.3,291.33,66.28
Karnali_Center,29.267,82.183,2025061417,2025-06-14 17:00:00,2025,6,14,17,18.45,70.15,3.54,3.15,60.75,110.7,78.7
Karnali_Center,29.267,82.183,2025061418,2025-06-14 18:00:00,2025,6,14,18,16.69,79.57,2.52,2.43,56.06,6.15,88.83
Karnali_Center,29.267,82.183,2025061419,2025-06-14 19:00:00,2025,6,14,19,15.6,86.69,1.84,1.88,3.83,0.0,90.0
Karnali_Center,29.267,82.183,2025061420,2025-06-14 20:00:00,2025,6,14,20,14.88,91.8,1.4,1.61,23.44,0.0,90.0
Karnali_Center,29.267,82.183,2025061421,2025-06-14 21:00:00,2025,6,14,21,14.44,94.63,1.02,1.51,78.59,0.0,90.0
Karnali_Center,29.267,82.183,2025061422,2025-06-14 22:00:00,2025,6,14,22,14.06,96.43,0.93,1.56,66.76,0.0,90.0
Karnali_Center,29.267,82.183,2025061423,2025-06-14 23:00:00,2025,6,14,23,13.62,98.18,1.03,1.51,41.03,0.0,90.0
Karnali_Center,29.267,82.183,2025061500,2025-06-15 00:00:00,2025,6,15,0,13.23,99.16,0.93,1.26,39.26,0.0,90.0
Karnali_Center,29.267,82.183,2025061501,2025-06-15 01:00:00,2025,6,15,1,13.06,98.63,0.58,0.78,52.31,0.0,90.0
Karnali_Center,29.267,82.183,2025061502,2025-06-15 02:00:00,2025,6,15,2,12.92,97.53,0.17,0.22,67.63,0.0,90.0
Karnali_Center,29.267,82.183,2025061503,2025-06-15 03:00:00,2025,6,15,3,12.49,98.98,0.6,0.72,53.98,0.0,90.0
Karnali_Center,29.267,82.183,2025061504,2025-06-15 04:00:00,2025,6,15,4,12.22,99.42,0.89,1.08,61.16,6.15,88.9
Karnali_Center,29.267,82.183,2025061505,2025-06-15 05:00:00,2025,6,15,5,13.77,89.01,1.06,1.09,69.98,98.88,78.86
Karnali_Center,29.267,82.183,2025061506,2025-06-15 06:00:00,2025,6,15,6,16.57,69.47,0.27,0.38,79.65,220.38,66.45
Karnali_Center,29.267,82.183,2025061507,2025-06-15 07:00:00,2025,6,15,7,18.99,56.33,2.04,1.6,86.0,403.3,53.71
Karnali_Center,29.267,82.183,2025061508,2025-06-15 08:00:00,2025,6,15,8,20.69,50.33,3.15,2.39,80.14,552.95,40.78
Karnali_Center,29.267,82.183,2025061509,2025-06-15 09:00:00,2025,6,15,9,21.87,47.59,4.08,3.12,96.67,760.28,27.84
Karnali_Center,29.267,82.183,2025061510,2025-06-15 10:00:00,2025,6,15,10,22.31,47.46,4.61,3.58,94.14,752.47,15.36
Karnali_Center,29.267,82.183,2025061511,2025-06-15 11:00:00,2025,6,15,11,22.53,47.84,4.79,3.78,98.92,715.17,7.3
Karnali_Center,29.267,82.183,2025061512,2025-06-15 12:00:00,2025,6,15,12,22.68,47.95,4.79,3.83,100.0,747.85,15.15
Karnali_Center,29.267,82.183,2025061513,2025-06-15 13:00:00,2025,6,15,13,22.69,48.29,4.74,3.85,99.04,700.53,27.61
Karnali_Center,29.267,82.183,2025061514,2025-06-15 14:00:00,2025,6,15,14,22.26,49.88,4.66,3.85,99.37,556.53,40.55
Karnali_Center,29.267,82.183,2025061515,2025-06-15 15:00:00,2025,6,15,15,21.49,52.3,4.51,3.81,93.69,385.67,53.48
Karnali_Center,29.267,82.183,2025061516,2025-06-15 16:00:00,2025,6,15,16,20.02,58.0,4.21,3.66,88.37,193.5,66.22
Karnali_Center,29.267,82.183,2025061517,2025-06-15 17:00:00,2025,6,15,17,17.9,68.75,3.51,3.16,80.55,85.47,78.64
Karnali_Center,29.267,82.183,2025061518,2025-06-15 18:00:00,2025,6,15,18,16.01,80.77,2.5,2.39,74.55,5.8,88.8
Karnali_Center,29.267,82.183,2025061519,2025-06-15 19:00:00,2025,6,15,19,14.99,89.03,1.97,1.95,68.45,0.0,90.0
Karnali_Center,29.267,82.183,2025061520,2025-06-15 20:00:00,2025,6,15,20,14.51,93.21,1.77,1.82,88.2,0.0,90.0
Karnali_Center,29.267,82.183,2025061521,2025-06-15 21:00:00,2025,6,15,21,14.13,95.41,1.43,1.87,93.75,0.0,90.0
Karnali_Center,29.267,82.183,2025061522,2025-06-15 22:00:00,2025,6,15,22,13.69,96.48,1.09,1.81,92.54,0.0,90.0
Karnali_Center,29.267,82.183,2025061523,2025-06-15 23:00:00,2025,6,15,23,13.11,97.8,1.08,1.57,96.29,0.0,90.0
Karnali_Center,29.267,82.183,2025061600,2025-06-16 00:00:00,2025,6,16,0,12.72,97.62,0.86,1.11,98.55,0.0,90.0
Karnali_Center,29.267,82.183,2025061601,2025-06-16 01:00:00,2025,6,16,1,12.52,96.29,0.22,0.27,91.27,0.0,90.0
Karnali_Center,29.267,82.183,2025061602,2025-06-16 02:00:00,2025,6,16,2,11.88,98.24,0.8,1.08,96.26,0.0,90.0
Karnali_Center,29.267,82.183,2025061603,2025-06-16 03:00:00,2025,6,16,3,11.4,99.41,1.16,1.55,99.17,0.0,90.0
Karnali_Center,29.267,82.183,2025061604,2025-06-16 04:00:00,2025,6,16,4,11.2,98.29,1.31,1.77,98.91,4.6,88.91
Karnali_Center,29.267,82.183,2025061605,2025-06-16 05:00:00,2025,6,16,5,12.8,88.87,1.63,1.77,100.0,63.67,78.89
Karnali_Center,29.267,82.183,2025061606,2025-06-16 06:00:00,2025,6,16,6,15.31,70.88,1.13,1.34,99.78,159.7,66.48
Karnali_Center,29.267,82.183,2025061607,2025-06-16 07:00:00,2025,6,16,7,18.37,50.48,0.8,0.28,99.02,264.4,53.74
Karnali_Center,29.267,82.183,2025061608,2025-06-16 08:00:00,2025,6,16,8,20.68,41.1,2.61,1.85,84.49,406.1,40.82
Karnali_Center,29.267,82.183,2025061609,2025-06-16 09:00:00,2025,6,16,9,22.16,38.16,3.66,2.66,100.0,427.17,27.88
Karnali_Center,29.267,82.183,2025061610,2025-06-16 10:00:00,2025,6,16,10,23.28,37.03,4.54,3.39,86.95,539.08,15.39
Karnali_Center,29.267,82.183,2025061611,2025-06-16 11:00:00,2025,6,16,11,23.84,37.55,5.22,4.02,99.78,503.95,7.27
Karnali_Center,29.267,82.183,2025061612,2025-06-16 12:00:00,2025,6,16,12,23.82,39.5,5.5,4.33,25.66,543.6,15.09
Karnali_Center,29.267,82.183,2025061613,2025-06-16 13:00:00,2025,6,16,13,23.39,42.42,5.5,4.41,100.0,540.65,27.56
Karnali_Center,29.267,82.183,2025061614,2025-06-16 14:00:00,2025,6,16,14,22.61,46.24,5.2,4.25,99.5,433.92,40.49
Karnali_Center,29.267,82.183,2025061615,2025-06-16 15:00:00,2025,6,16,15,21.49,50.92,4.76,3.97,79.57,281.73,53.42
Karnali_Center,29.267,82.183,2025061616,2025-06-16 16:00:00,2025,6,16,16,20.05,56.57,4.16,3.54,73.62,179.62,66.16
Karnali_Center,29.267,82.183,2025061617,2025-06-16 17:00:00,2025,6,16,17,18.23,64.77,3.43,3.02,67.38,71.15,78.58
Karnali_Center,29.267,82.183,2025061618,2025-06-16 18:00:00,2025,6,16,18,16.34,76.05,2.36,2.23,60.79,5.22,88.78
Karnali_Center,29.267,82.183,2025061619,2025-06-16 19:00:00,2025,6,16,19,15.17,85.45,1.7,1.67,30.47,0.0,90.0
Karnali_Center,29.267,82.183,2025061620,2025-06-16 20:00:00,2025,6,16,20,14.48,92.01,1.36,1.35,73.85,0.0,90.0
Karnali_Center,29.267,82.183,2025061621,2025-06-16 21:00:00,2025,6,16,21,14.24,94.53,1.09,1.18,82.95,0.0,90.0
Karnali_Center,29.267,82.183,2025061622,2025-06-16 22:00:00,2025,6,16,22,13.95,96.59,0.83,1.2,64.14,0.0,90.0
Karnali_Center,29.267,82.183,2025061623,2025-06-16 23:00:00,2025,6,16,23,13.67,97.68,0.89,1.28,96.21,0.0,90.0
Karnali_Center,29.267,82.183,2025061700,2025-06-17 00:00:00,2025,6,17,0,13.26,98.87,0.93,1.25,67.24,0.0,90.0
Karnali_Center,29.267,82.183,2025061701,2025-06-17 01:00:00,2025,6,17,1,13.06,98.48,0.77,1.02,77.51,0.0,90.0
Karnali_Center,29.267,82.183,2025061702,2025-06-17 02:00:00,2025,6,17,2,12.81,97.7,0.55,0.71,97.39,0.0,90.0
Karnali_Center,29.267,82.183,2025061703,2025-06-17 03:00:00,2025,6,17,3,12.57,96.91,0.46,0.6,79.43,0.0,90.0
Karnali_Center,29.267,82.183,2025061704,2025-06-17 04:00:00,2025,6,17,4,12.36,96.47,0.46,0.62,78.98,5.43,88.92
Karnali_Center,29.267,82.183,2025061705,2025-06-17 05:00:00,2025,6,17,5,13.37,89.81,0.53,0.58,79.17,89.32,78.92
Karnali_Center,29.267,82.183,2025061706,2025-06-17 06:00:00,2025,6,17,6,15.3,75.62,0.48,0.49,79.8,252.05,66.52
Karnali_Center,29.267,82.183,2025061707,2025-06-17 07:00:00,2025,6,17,7,17.76,61.03,1.22,0.59,80.07,407.67,53.78
Karnali_Center,29.267,82.183,2025061708,2025-06-17 08:00:00,2025,6,17,8,19.93,52.26,2.28,1.39,83.19,566.22,40.85
Karnali_Center,29.267,82.183,2025061709,2025-06-17 09:00:00,2025,6,17,9,21.75,47.36,3.38,2.32,83.1,746.15,27.91
Karnali_Center,29.267,82.183,2025061710,2025-06-17 10:00:00,2025,6,17,10,23.05,44.91,4.35,3.21,75.0,792.08,15.42
Karnali_Center,29.267,82.183,2025061711,2025-06-17 11:00:00,2025,6,17,11,23.66,44.98,5.09,3.98,3.83,830.1,7.24
Karnali_Center,29.267,82.183,2025061712,2025-06-17 12:00:00,2025,6,17,12,23.67,46.32,5.56,4.53,32.36,788.83,15.04
Karnali_Center,29.267,82.183,2025061713,2025-06-17 13:00:00,2025,6,17,13,22.75,50.15,5.67,4.75,83.65,691.55,27.5
Karnali_Center,29.267,82.183,2025061714,2025-06-17 14:00:00,2025,6,17,14,21.62,54.32,5.38,4.61,82.16,566.42,40.43
Karnali_Center,29.267,82.183,2025061715,2025-06-17 15:00:00,2025,6,17,15,20.42,58.41,4.99,4.32,14.22,397.23,53.36
Karnali_Center,29.267,82.183,2025061716,2025-06-17 16:00:00,2025,6,17,16,19.08,63.27,4.52,3.97,77.12,219.35,66.11
Karnali_Center,29.267,82.183,2025061717,2025-06-17 17:00:00,2025,6,17,17,17.41,70.81,3.79,3.39,77.64,84.28,78.52
Karnali_Center,29.267,82.183,2025061718,2025-06-17 18:00:00,2025,6,17,18,15.65,81.75,2.73,2.53,80.89,5.12,88.75
Karnali_Center,29.267,82.183,2025061719,2025-06-17 19:00:00,2025,6,17,19,14.71,89.69,2.04,1.99,83.0,0.0,90.0
Karnali_Center,29.267,82.183,2025061720,2025-06-17 20:00:00,2025,6,17,20,14.38,93.19,1.76,1.71,53.56,0.0,90.0
Karnali_Center,29.267,82.183,2025061721,2025-06-17 21:00:00,2025,6,17,21,14.24,94.89,1.65,1.71,51.82,0.0,90.0
Karnali_Center,29.267,82.183,2025061722,2025-06-17 22:00:00,2025,6,17,22,14.06,95.99,1.41,1.91,91.05,0.0,90.0
Karnali_Center,29.267,82.183,2025061723,2025-06-17 23:00:00,2025,6,17,23,13.76,97.63,1.28,2.04,96.7,0.0,90.0
Karnali_Center,29.267,82.183,2025061800,2025-06-18 00:00:00,2025,6,18,0,13.46,99.14,1.27,2.04,98.63,0.0,90.0
Karnali_Center,29.267,82.183,2025061801,2025-06-18 01:00:00,2025,6,18,1,13.22,99.9,1.24,1.86,99.28,0.0,90.0
Karnali_Center,29.267,82.183,2025061802,2025-06-18 02:00:00,2025,6,18,2,13.01,99.85,1.1,1.54,98.87,0.0,90.0
Karnali_Center,29.267,82.183,2025061803,2025-06-18 03:00:00,2025,6,18,3,12.93,99.13,0.89,1.19,86.36,0.0,90.0
Karnali_Center,29.267,82.183,2025061804,2025-06-18 04:00:00,2025,6,18,4,12.85,98.59,0.71,0.95,76.05,4.47,88.93
Karnali_Center,29.267,82.183,2025061805,2025-06-18 05:00:00,2025,6,18,5,13.98,91.25,0.84,0.85,90.85,68.85,78.95
Karnali_Center,29.267,82.183,2025061806,2025-06-18 06:00:00,2025,6,18,6,15.96,76.35,1.49,1.32,87.64,169.85,66.55
Karnali_Center,29.267,82.183,2025061807,2025-06-18 07:00:00,2025,6,18,7,18.21,62.69,2.62,2.09,82.73,322.55,53.82
Karnali_Center,29.267,82.183,2025061808,2025-06-18 08:00:00,2025,6,18,8,20.0,55.0,3.52,2.68,83.18,472.52,40.89
Karnali_Center,29.267,82.183,2025061809,2025-06-18 09:00:00,2025,6,18,9,21.15,51.45,4.12,3.09,91.21,644.55,27.95
Karnali_Center,29.267,82.183,2025061810,2025-06-18 10:00:00,2025,6,18,10,22.08,49.52,4.62,3.5,57.93,690.75,15.45
Karnali_Center,29.267,82.183,2025061811,2025-06-18 11:00:00,2025,6,18,11,22.65,49.07,5.12,4.0,54.68,713.8,7.23
Karnali_Center,29.267,82.183,2025061812,2025-06-18 12:00:00,2025,6,18,12,22.75,49.55,5.59,4.53,78.53,640.75,14.99
Karnali_Center,29.267,82.183,2025061813,2025-06-18 13:00:00,2025,6,18,13,22.16,52.05,5.88,4.95,97.98,610.42,27.45
Karnali_Center,29.267,82.183,2025061814,2025-06-18 14:00:00,2025,6,18,14,21.03,56.44,5.83,5.07,97.48,481.6,40.38
Karnali_Center,29.267,82.183,2025061815,2025-06-18 15:00:00,2025,6,18,15,19.47,63.06,5.49,4.89,97.35,320.02,53.31
Karnali_Center,29.267,82.183,2025061816,2025-06-18 16:00:00,2025,6,18,16,17.67,71.56,4.81,4.36,98.68,187.77,66.05
Karnali_Center,29.267,82.183,2025061817,2025-06-18 17:00:00,2025,6,18,17,16.19,80.01,3.89,3.57,99.92,69.47,78.47
Karnali_Center,29.267,82.183,2025061818,2025-06-18 18:00:00,2025,6,18,18,15.16,87.11,3.05,2.84,99.36,5.8,88.73
Karnali_Center,29.267,82.183,2025061819,2025-06-18 19:00:00,2025,6,18,19,14.7,90.8,2.52,2.41,99.7,0.0,90.0
Karnali_Center,29.267,82.183,2025061820,2025-06-18 20:00:00,2025,6,18,20,14.51,92.57,2.16,2.07,99.14,0.0,90.0
Karnali_Center,29.267,82.183,2025061821,2025-06-18 21:00:00,2025,6,18,21,14.39,93.83,1.95,1.92,99.79,0.0,90.0
Karnali_Center,29.267,82.183,2025061822,2025-06-18 22:00:00,2025,6,18,22,14.25,94.99,1.72,1.82,97.68,0.0,90.0
Karnali_Center,29.267,82.183,2025061823,2025-06-18 23:00:00,2025,6,18,23,14.08,95.84,1.38,1.71,99.57,0.0,90.0
Karnali_Center,29.267,82.183,2025061900,2025-06-19 00:00:00,2025,6,19,0,13.78,96.23,0.95,1.53,91.53,0.0,90.0
Karnali_Center,29.267,82.183,2025061901,2025-06-19 01:00:00,2025,6,19,1,13.39,97.06,0.85,1.33,97.86,0.0,90.0
Karnali_Center,29.267,82.183,2025061902,2025-06-19 02:00:00,2025,6,19,2,13.11,97.72,0.87,1.26,98.48,0.0,90.0
Karnali_Center,29.267,82.183,2025061903,2025-06-19 03:00:00,2025,6,19,3,12.91,97.95,0.88,1.24,96.1,0.0,90.0
Karnali_Center,29.267,82.183,2025061904,2025-06-19 04:00:00,2025,6,19,4,12.74,96.92,0.88,1.2,91.73,4.72,88.95
Karnali_Center,29.267,82.183,2025061905,2025-06-19 05:00:00,2025,6,19,5,13.81,90.07,1.1,1.19,88.62,72.22,78.98
Karnali_Center,29.267,82.183,2025061906,2025-06-19 06:00:00,2025,6,19,6,15.72,76.63,1.05,1.1,84.59,209.73,66.59
Karnali_Center,29.267,82.183,2025061907,2025-06-19 07:00:00,2025,6,19,7,18.11,63.32,2.07,1.45,81.5,347.17,53.86
Karnali_Center,29.267,82.183,2025061908,2025-06-19 08:00:00,2025,6,19,8,20.04,55.61,3.32,2.35,89.08,645.2,40.93
Karnali_Center,29.267,82.183,2025061909,2025-06-19 09:00:00,2025,6,19,9,21.24,52.55,4.11,2.98,50.26,703.95,27.99
Karnali_Center,29.267,82.183,2025061910,2025-06-19 10:00:00,2025,6,19,10,22.15,50.88,4.63,3.42,88.28,748.5,15.48
Karnali_Center,29.267,82.183,2025061911,2025-06-19 11:00:00,2025,6,19,11,22.56,50.81,4.94,3.76,64.8,706.2,7.21
Karnali_Center,29.267,82.183,2025061912,2025-06-19 12:00:00,2025,6,19,12,22.71,51.63,5.11,3.96,48.95,569.9,14.94
Karnali_Center,29.267,82.183,2025061913,2025-06-19 13:00:00,2025,6,19,13,22.71,52.74,5.25,4.18,92.32,427.1,27.4
Karnali_Center,29.267,82.183,2025061914,2025-06-19 14:00:00,2025,6,19,14,22.2,55.36,5.41,4.45,88.27,346.1,40.33
Karnali_Center,29.267,82.183,2025061915,2025-06-19 15:00:00,2025,6,19,15,21.21,59.62,5.36,4.55,87.89,224.95,53.26
Karnali_Center,29.267,82.183,2025061916,2025-06-19 16:00:00,2025,6,19,16,19.67,66.65,4.99,4.38,89.19,130.8,66.0
Karnali_Center,29.267,82.183,2025061917,2025-06-19 17:00:00,2025,6,19,17,17.84,76.12,4.21,3.77,89.4,56.92,78.42
Karnali_Center,29.267,82.183,2025061918,2025-06-19 18:00:00,2025,6,19,18,16.14,87.4,3.22,2.97,89.28,4.57,88.7
Karnali_Center,29.267,82.183,2025061919,2025-06-19 19:00:00,2025,6,19,19,15.57,92.64,2.74,2.55,90.26,0.0,90.0
Karnali_Center,29.267,82.183,2025061920,2025-06-19 20:00:00,2025,6,19,20,15.42,94.44,2.49,2.38,90.93,0.0,90.0
Karnali_Center,29.267,82.183,2025061921,2025-06-19 21:00:00,2025,6,19,21,15.27,95.59,2.19,2.38,89.15,0.0,90.0
Karnali_Center,29.267,82.183,2025061922,2025-06-19 22:00:00,2025,6,19,22,15.08,96.42,1.76,2.31,81.59,0.0,90.0
Karnali_Center,29.267,82.183,2025061923,2025-06-19 23:00:00,2025,6,19,23,14.76,97.65,1.28,2.19,86.64,0.0,90.0
Karnali_Center,29.267,82.183,2025062000,2025-06-20 00:00:00,2025,6,20,0,14.48,98.08,1.19,2.03,84.24,0.0,90.0
Karnali_Center,29.267,82.183,2025062001,2025-06-20 01:00:00,2025,6,20,1,14.29,98.21,1.1,1.81,94.79,0.0,90.0
Karnali_Center,29.267,82.183,2025062002,2025-06-20 02:00:00,2025,6,20,2,14.14,98.1,0.84,1.33,81.51,0.0,90.0
Karnali_Center,29.267,82.183,2025062003,2025-06-20 03:00:00,2025,6,20,3,13.92,98.06,0.48,0.77,87.55,0.0,90.0
Karnali_Center,29.267,82.183,2025062004,2025-06-20 04:00:00,2025,6,20,4,13.65,97.32,0.18,0.37,89.67,4.57,88.96
Karnali_Center,29.267,82.183,2025062005,2025-06-20 05:00:00,2025,6,20,5,14.6,91.64,0.08,0.21,90.9,74.45,79.02
Karnali_Center,29.267,82.183,2025062006,2025-06-20 06:00:00,2025,6,20,6,16.69,78.97,0.18,0.08,92.07,189.23,66.63
Karnali_Center,29.267,82.183,2025062007,2025-06-20 07:00:00,2025,6,20,7,19.66,60.34,1.08,0.62,93.4,326.48,53.9
Karnali_Center,29.267,82.183,2025062008,2025-06-20 08:00:00,2025,6,20,8,22.37,47.47,2.54,1.59,93.93,522.83,40.98
Karnali_Center,29.267,82.183,2025062009,2025-06-20 09:00:00,2025,6,20,9,24.03,43.59,4.32,3.1,95.81,692.5,28.04
Karnali_Center,29.267,82.183,2025062010,2025-06-20 10:00:00,2025,6,20,10,24.31,46.16,5.94,4.61,95.66,783.88,15.52
Karnali_Center,29.267,82.183,2025062011,2025-06-20 11:00:00,2025,6,20,11,23.42,51.31,6.65,5.35,82.82,804.28,7.21
Karnali_Center,29.267,82.183,2025062012,2025-06-20 12:00:00,2025,6,20,12,22.93,54.34,6.85,5.64,88.79,743.8,14.89
Karnali_Center,29.267,82.183,2025062013,2025-06-20 13:00:00,2025,6,20,13,22.63,56.27,6.67,5.52,86.72,701.08,27.35
Karnali_Center,29.267,82.183,2025062014,2025-06-20 14:00:00,2025,6,20,14,21.36,61.74,6.19,5.17,80.55,512.9,40.28
Karnali_Center,29.267,82.183,2025062015,2025-06-20 15:00:00,2025,6,20,15,20.46,66.25,5.56,4.63,86.71,354.27,53.21
Karnali_Center,29.267,82.183,2025062016,2025-06-20 16:00:00,2025,6,20,16,19.03,72.67,4.91,4.17,88.15,211.75,65.95
Karnali_Center,29.267,82.183,2025062017,2025-06-20 17:00:00,2025,6,20,17,17.4,81.12,3.94,3.42,90.56,78.1,78.37
Karnali_Center,29.267,82.183,2025062018,2025-06-20 18:00:00,2025,6,20,18,15.84,90.1,2.76,2.46,94.61,5.03,88.68
Karnali_Center,29.267,82.183,2025062019,2025-06-20 19:00:00,2025,6,20,19,15.19,94.27,2.18,2.02,97.2,0.0,90.0
Karnali_Center,29.267,82.183,2025062020,2025-06-20 20:00:00,2025,6,20,20,14.98,95.34,1.91,1.95,95.92,0.0,90.0
Karnali_Center,29.267,82.183,2025062021,2025-06-20 21:00:00,2025,6,20,21,14.69,96.75,1.36,1.93,93.46,0.0,90.0
Karnali_Center,29.267,82.183,2025062022,2025-06-20 22:00:00,2025,6,20,22,14.33,98.17,1.14,1.87,91.62,0.0,90.0
Karnali_Center,29.267,82.183,2025062023,2025-06-20 23:00:00,2025,6,20,23,14.0,99.33,1.15,1.7,91.03,0.0,90.0
Karnali_Center,29.267,82.183,2025062100,2025-06-21 00:00:00,2025,6,21,0,13.78,99.77,1.03,1.46,93.03,0.0,90.0
Karnali_Center,29.267,82.183,2025062101,2025-06-21 01:00:00,2025,6,21,1,13.69,99.36,0.82,1.15,72.65,0.0,90.0
Karnali_Center,29.267,82.183,2025062102,2025-06-21 02:00:00,2025,6,21,2,13.6,98.89,0.58,0.85,70.67,0.0,90.0
Karnali_Center,29.267,82.183,2025062103,2025-06-21 03:00:00,2025,6,21,3,13.41,98.78,0.46,0.74,71.25,0.0,90.0
Karnali_Center,29.267,82.183,2025062104,2025-06-21 04:00:00,2025,6,21,4,13.27,97.76,0.34,0.63,71.79,5.62,88.98
Karnali_Center,29.267,82.183,2025062105,2025-06-21 05:00:00,2025,6,21,5,14.67,89.77,0.47,0.64,67.0,119.03,79.07
Karnali_Center,29.267,82.183,2025062106,2025-06-21 06:00:00,2025,6,21,6,16.99,77.13,1.32,1.17,72.01,287.27,66.68
Karnali_Center,29.267,82.183,2025062107,2025-06-21 07:00:00,2025,6,21,7,19.65,63.91,2.55,1.86,73.17,524.2,53.94
Karnali_Center,29.267,82.183,2025062108,2025-06-21 08:00:00,2025,6,21,8,21.98,54.69,3.54,2.48,64.84,759.2,41.02
Karnali_Center,29.267,82.183,2025062109,2025-06-21 09:00:00,2025,6,21,9,23.62,49.85,4.5,3.21,49.91,928.38,28.08
Karnali_Center,29.267,82.183,2025062110,2025-06-21 10:00:00,2025,6,21,10,24.6,48.13,5.36,3.99,50.35,1010.72,15.57
Karnali_Center,29.267,82.183,2025062111,2025-06-21 11:00:00,2025,6,21,11,24.89,48.8,5.94,4.56,57.1,1009.85,7.21
Karnali_Center,29.267,82.183,2025062112,2025-06-21 12:00:00,2025,6,21,12,24.66,51.05,6.2,4.91,4.55,913.58,14.85
Karnali_Center,29.267,82.183,2025062113,2025-06-21 13:00:00,2025,6,21,13,24.32,53.39,6.03,4.84,51.3,767.2,27.3
Karnali_Center,29.267,82.183,2025062114,2025-06-21 14:00:00,2025,6,21,14,23.65,55.72,5.54,4.46,58.81,531.75,40.23
Karnali_Center,29.267,82.183,2025062115,2025-06-21 15:00:00,2025,6,21,15,22.46,59.38,4.91,4.01,60.53,356.17,53.16
Karnali_Center,29.267,82.183,2025062116,2025-06-21 16:00:00,2025,6,21,16,21.06,64.32,4.14,3.47,65.94,204.45,65.91
Karnali_Center,29.267,82.183,2025062117,2025-06-21 17:00:00,2025,6,21,17,19.08,73.77,3.24,2.84,70.29,82.97,78.32
Karnali_Center,29.267,82.183,2025062118,2025-06-21 18:00:00,2025,6,21,18,17.32,84.44,2.31,2.19,76.63,5.78,88.66
Karnali_Center,29.267,82.183,2025062119,2025-06-21 19:00:00,2025,6,21,19,16.29,91.59,1.82,1.8,81.65,0.0,90.0
Karnali_Center,29.267,82.183,2025062120,2025-06-21 20:00:00,2025,6,21,20,15.92,94.45,1.55,1.58,81.16,0.0,90.0
Karnali_Center,29.267,82.183,2025062121,2025-06-21 21:00:00,2025,6,21,21,15.65,96.3,1.09,1.54,70.88,0.0,90.0
Karnali_Center,29.267,82.183,2025062122,2025-06-21 22:00:00,2025,6,21,22,15.32,97.89,1.0,1.53,87.39,0.0,90.0
Karnali_Center,29.267,82.183,2025062123,2025-06-21 23:00:00,2025,6,21,23,15.0,98.88,1.07,1.54,89.75,0.0,90.0
Karnali_Center,29.267,82.183,2025062200,2025-06-22 00:00:00,2025,6,22,0,14.75,99.55,1.13,1.65,91.57,0.0,90.0
Karnali_Center,29.267,82.183,2025062201,2025-06-22 01:00:00,2025,6,22,1,14.59,99.63,1.18,1.79,75.6,0.0,90.0
Karnali_Center,29.267,82.183,2025062202,2025-06-22 02:00:00,2025,6,22,2,14.64,98.74,1.06,1.75,91.83,0.0,90.0
Karnali_Center,29.267,82.183,2025062203,2025-06-22 03:00:00,2025,6,22,3,14.65,98.28,0.93,1.57,95.44,0.0,90.0
Karnali_Center,29.267,82.183,2025062204,2025-06-22 04:00:00,2025,6,22,4,14.63,98.09,0.81,1.4,77.74,5.1,89.0
Karnali_Center,29.267,82.183,2025062205,2025-06-22 05:00:00,2025,6,22,5,15.42,94.04,1.24,1.39,55.49,117.28,79.11
Karnali_Center,29.267,82.183,2025062206,2025-06-22 06:00:00,2025,6,22,6,16.36,89.08,2.06,1.98,42.08,316.88,66.72
Karnali_Center,29.267,82.183,2025062207,2025-06-22 07:00:00,2025,6,22,7,17.49,82.16,2.95,2.64,27.49,553.38,53.99
Karnali_Center,29.267,82.183,2025062208,2025-06-22 08:00:00,2025,6,22,8,18.5,74.94,3.5,3.04,42.95,730.55,41.07
Karnali_Center,29.267,82.183,2025062209,2025-06-22 09:00:00,2025,6,22,9,19.48,68.2,3.95,3.36,1.29,807.03,28.13
Karnali_Center,29.267,82.183,2025062210,2025-06-22 10:00:00,2025,6,22,10,20.31,63.52,4.25,3.62,67.17,786.92,15.61
Karnali_Center,29.267,82.183,2025062211,2025-06-22 11:00:00,2025,6,22,11,20.71,61.66,4.46,3.82,72.9,765.55,7.22
Karnali_Center,29.267,82.183,2025062212,2025-06-22 12:00:00,2025,6,22,12,21.2,60.05,4.83,4.16,77.78,562.42,14.81
Karnali_Center,29.267,82.183,2025062213,2025-06-22 13:00:00,2025,6,22,13,21.3,59.42,5.2,4.5,88.71,465.73,27.25
Karnali_Center,29.267,82.183,2025062214,2025-06-22 14:00:00,2025,6,22,14,20.68,62.21,5.06,4.47,93.47,276.38,40.19
Karnali_Center,29.267,82.183,2025062215,2025-06-22 15:00:00,2025,6,22,15,20.0,66.01,4.61,4.17,93.98,192.77,53.12
Karnali_Center,29.267,82.183,2025062216,2025-06-22 16:00:00,2025,6,22,16,18.99,71.99,4.16,3.83,88.85,119.62,65.86
Karnali_Center,29.267,82.183,2025062217,2025-06-22 17:00:00,2025,6,22,17,17.36,83.32,3.43,3.17,82.31,56.72,78.28
Karnali_Center,29.267,82.183,2025062218,2025-06-22 18:00:00,2025,6,22,18,16.2,92.86,2.64,2.47,71.61,5.25,88.64
Karnali_Center,29.267,82.183,2025062219,2025-06-22 19:00:00,2025,6,22,19,15.95,96.13,2.62,2.77,53.22,0.0,90.0
Karnali_Center,29.267,82.183,2025062220,2025-06-22 20:00:00,2025,6,22,20,15.86,97.34,2.78,3.35,80.3,0.0,90.0
Karnali_Center,29.267,82.183,2025062221,2025-06-22 21:00:00,2025,6,22,21,15.59,98.39,2.55,3.47,79.68,0.0,90.0
Karnali_Center,29.267,82.183,2025062222,2025-06-22 22:00:00,2025,6,22,22,15.23,99.21,2.16,3.36,42.94,0.0,90.0
Karnali_Center,29.267,82.183,2025062223,2025-06-22 23:00:00,2025,6,22,23,14.87,99.98,1.94,3.19,29.82,0.0,90.0
Karnali_Center,29.267,82.183,2025062300,2025-06-23 00:00:00,2025,6,23,0,14.52,100.0,1.7,2.8,76.64,0.0,90.0
Karnali_Center,29.267,82.183,2025062301,2025-06-23 01:00:00,2025,6,23,1,14.23,100.0,1.49,2.26,59.83,0.0,90.0
Karnali_Center,29.267,82.183,2025062302,2025-06-23 02:00:00,2025,6,23,2,13.87,100.0,1.34,1.95,67.37,0.0,90.0
Karnali_Center,29.267,82.183,2025062303,2025-06-23 03:00:00,2025,6,23,3,13.35,100.0,1.31,1.76,69.26,0.0,90.0
Karnali_Center,29.267,82.183,2025062304,2025-06-23 04:00:00,2025,6,23,4,13.1,100.0,1.22,1.64,61.88,4.1,89.02
Karnali_Center,29.267,82.183,2025062305,2025-06-23 05:00:00,2025,6,23,5,14.3,94.92,1.47,1.53,47.76,85.97,79.16
Karnali_Center,29.267,82.183,2025062306,2025-06-23 06:00:00,2025,6,23,6,15.56,86.26,2.11,1.95,47.32,220.12,66.77
Karnali_Center,29.267,82.183,2025062307,2025-06-23 07:00:00,2025,6,23,7,17.36,75.43,2.87,2.39,83.93,417.62,54.04
Karnali_Center,29.267,82.183,2025062308,2025-06-23 08:00:00,2025,6,23,8,19.12,65.89,3.63,2.89,35.2,566.85,41.12
Karnali_Center,29.267,82.183,2025062309,2025-06-23 09:00:00,2025,6,23,9,20.11,61.42,4.4,3.5,37.42,689.35,28.18
Karnali_Center,29.267,82.183,2025062310,2025-06-23 10:00:00,2025,6,23,10,20.97,58.9,5.08,4.09,44.29,710.58,15.66
Karnali_Center,29.267,82.183,2025062311,2025-06-23 11:00:00,2025,6,23,11,21.85,57.1,5.57,4.57,46.47,741.0,7.23
Karnali_Center,29.267,82.183,2025062312,2025-06-23 12:00:00,2025,6,23,12,22.25,56.81,5.87,4.91,72.96,730.62,14.77
Karnali_Center,29.267,82.183,2025062313,2025-06-23 13:00:00,2025,6,23,13,21.42,60.61,5.93,5.11,20.45,643.47,27.21
Karnali_Center,29.267,82.183,2025062314,2025-06-23 14:00:00,2025,6,23,14,20.68,64.56,5.62,4.92,18.74,482.02,40.14
Karnali_Center,29.267,82.183,2025062315,2025-06-23 15:00:00,2025,6,23,15,19.52,69.65,5.15,4.57,31.63,311.88,53.07
Karnali_Center,29.267,82.183,2025062316,2025-06-23 16:00:00,2025,6,23,16,18.19,76.3,4.52,4.05,81.78,188.73,65.82
Karnali_Center,29.267,82.183,2025062317,2025-06-23 17:00:00,2025,6,23,17,16.91,83.19,3.66,3.32,83.34,73.05,78.24
Karnali_Center,29.267,82.183,2025062318,2025-06-23 18:00:00,2025,6,23,18,15.8,89.86,2.69,2.49,84.8,5.32,88.62
Karnali_Center,29.267,82.183,2025062319,2025-06-23 19:00:00,2025,6,23,19,15.33,93.39,2.25,2.14,86.07,0.0,90.0
Karnali_Center,29.267,82.183,2025062320,2025-06-23 20:00:00,2025,6,23,20,15.11,95.1,1.99,2.11,91.71,0.0,90.0
Karnali_Center,29.267,82.183,2025062321,2025-06-23 21:00:00,2025,6,23,21,14.88,96.34,1.64,2.09,87.74,0.0,90.0
Karnali_Center,29.267,82.183,2025062322,2025-06-23 22:00:00,2025,6,23,22,14.46,97.37,1.33,2.12,95.35,0.0,90.0
Karnali_Center,29.267,82.183,2025062323,2025-06-23 23:00:00,2025,6,23,23,13.98,98.79,1.29,2.06,99.14,0.0,90.0
Karnali_Center,29.267,82.183,2025062400,2025-06-24 00:00:00,2025,6,24,0,13.59,100.0,1.3,1.94,90.81,0.0,90.0
Karnali_Center,29.267,82.183,2025062401,2025-06-24 01:00:00,2025,6,24,1,13.16,100.0,1.26,1.75,98.54,0.0,90.0
Karnali_Center,29.267,82.183,2025062402,2025-06-24 02:00:00,2025,6,24,2,12.99,100.0,1.11,1.5,99.22,0.0,90.0
Karnali_Center,29.267,82.183,2025062403,2025-06-24 03:00:00,2025,6,24,3,12.9,100.0,0.98,1.29,87.44,0.0,90.0
Karnali_Center,29.267,82.183,2025062404,2025-06-24 04:00:00,2025,6,24,4,12.95,99.2,0.78,1.02,86.64,5.47,89.04
Karnali_Center,29.267,82.183,2025062405,2025-06-24 05:00:00,2025,6,24,5,14.08,91.93,0.68,0.73,82.65,106.65,79.21
Karnali_Center,29.267,82.183,2025062406,2025-06-24 06:00:00,2025,6,24,6,16.33,77.94,1.34,1.02,83.75,275.2,66.82
Karnali_Center,29.267,82.183,2025062407,2025-06-24 07:00:00,2025,6,24,7,18.83,65.32,2.78,1.99,83.93,481.17,54.09
Karnali_Center,29.267,82.183,2025062408,2025-06-24 08:00:00,2025,6,24,8,20.87,57.93,3.99,2.84,85.83,667.8,41.17
Karnali_Center,29.267,82.183,2025062409,2025-06-24 09:00:00,2025,6,24,9,22.28,54.36,4.93,3.59,85.83,808.8,28.23
Karnali_Center,29.267,82.183,2025062410,2025-06-24 10:00:00,2025,6,24,10,22.89,53.5,5.56,4.13,19.04,879.8,15.71
Karnali_Center,29.267,82.183,2025062411,2025-06-24 11:00:00,2025,6,24,11,23.33,53.25,5.98,4.57,15.35,826.97,7.25
Karnali_Center,29.267,82.183,2025062412,2025-06-24 12:00:00,2025,6,24,12,23.76,53.32,6.2,4.87,83.14,674.4,14.74
Karnali_Center,29.267,82.183,2025062413,2025-06-24 13:00:00,2025,6,24,13,23.49,55.08,6.04,4.87,89.34,617.65,27.17
Karnali_Center,29.267,82.183,2025062414,2025-06-24 14:00:00,2025,6,24,14,22.91,57.4,5.69,4.7,90.28,397.45,40.1
Karnali_Center,29.267,82.183,2025062415,2025-06-24 15:00:00,2025,6,24,15,21.8,61.8,5.14,4.36,89.06,295.62,53.03
Karnali_Center,29.267,82.183,2025062416,2025-06-24 16:00:00,2025,6,24,16,20.19,68.44,4.41,3.79,85.37,173.75,65.79
Karnali_Center,29.267,82.183,2025062417,2025-06-24 17:00:00,2025,6,24,17,18.52,76.69,3.57,3.14,81.33,75.03,78.21
Karnali_Center,29.267,82.183,2025062418,2025-06-24 18:00:00,2025,6,24,18,17.03,85.83,2.61,2.35,75.89,6.45,88.61
Karnali_Center,29.267,82.183,2025062419,2025-06-24 19:00:00,2025,6,24,19,16.35,91.33,2.02,1.87,70.59,0.0,90.0
Karnali_Center,29.267,82.183,2025062420,2025-06-24 20:00:00,2025,6,24,20,16.13,93.61,1.83,1.73,81.88,0.0,90.0
Karnali_Center,29.267,82.183,2025062421,2025-06-24 21:00:00,2025,6,24,21,15.96,95.15,1.66,1.73,83.1,0.0,90.0
Karnali_Center,29.267,82.183,2025062422,2025-06-24 22:00:00,2025,6,24,22,15.78,96.54,1.16,1.67,81.55,0.0,90.0
Karnali_Center,29.267,82.183,2025062423,2025-06-24 23:00:00,2025,6,24,23,15.62,97.48,1.01,1.52,82.0,0.0,90.0
Karnali_Center,29.267,82.183,2025062500,2025-06-25 00:00:00,2025,6,25,0,15.56,97.78,0.98,1.46,73.19,0.0,90.0
Karnali_Center,29.267,82.183,2025062501,2025-06-25 01:00:00,2025,6,25,1,15.32,98.58,1.07,1.55,71.99,0.0,90.0
Karnali_Center,29.267,82.183,2025062502,2025-06-25 02:00:00,2025,6,25,2,15.26,98.41,1.09,1.74,73.75,0.0,90.0
Karnali_Center,29.267,82.183,2025062503,2025-06-25 03:00:00,2025,6,25,3,15.28,98.33,1.2,2.01,78.66,0.0,90.0
Karnali_Center,29.267,82.183,2025062504,2025-06-25 04:00:00,2025,6,25,4,15.27,98.34,1.19,2.0,75.94,4.72,89.06
Karnali_Center,29.267,82.183,2025062505,2025-06-25 05:00:00,2025,6,25,5,15.83,95.59,1.77,2.01,71.99,92.0,79.27
Karnali_Center,29.267,82.183,2025062506,2025-06-25 06:00:00,2025,6,25,6,16.4,90.39,2.71,2.64,71.03,231.2,66.88
Karnali_Center,29.267,82.183,2025062507,2025-06-25 07:00:00,2025,6,25,7,17.17,82.57,2.91,2.55,68.22,419.27,54.15
Karnali_Center,29.267,82.183,2025062508,2025-06-25 08:00:00,2025,6,25,8,18.24,74.46,3.14,2.49,69.6,634.22,41.23
Karnali_Center,29.267,82.183,2025062509,2025-06-25 09:00:00,2025,6,25,9,19.3,68.02,3.45,2.59,65.63,774.3,28.29
Karnali_Center,29.267,82.183,2025062510,2025-06-25 10:00:00,2025,6,25,10,20.53,62.86,3.8,2.78,11.15,832.45,15.76
Karnali_Center,29.267,82.183,2025062511,2025-06-25 11:00:00,2025,6,25,11,21.03,61.05,4.17,3.08,62.13,787.67,7.27
Karnali_Center,29.267,82.183,2025062512,2025-06-25 12:00:00,2025,6,25,12,21.19,61.0,4.45,3.35,69.58,774.45,14.71
Karnali_Center,29.267,82.183,2025062513,2025-06-25 13:00:00,2025,6,25,13,21.27,61.03,4.47,3.45,68.68,628.95,27.14
Karnali_Center,29.267,82.183,2025062514,2025-06-25 14:00:00,2025,6,25,14,21.12,61.49,4.22,3.28,76.11,435.3,40.07
Karnali_Center,29.267,82.183,2025062515,2025-06-25 15:00:00,2025,6,25,15,20.86,62.84,3.96,3.11,81.28,284.85,53.0
Karnali_Center,29.267,82.183,2025062516,2025-06-25 16:00:00,2025,6,25,16,19.96,66.92,3.69,2.99,78.78,177.07,65.75
Karnali_Center,29.267,82.183,2025062517,2025-06-25 17:00:00,2025,6,25,17,18.35,75.32,3.16,2.72,75.21,78.75,78.18
Karnali_Center,29.267,82.183,2025062518,2025-06-25 18:00:00,2025,6,25,18,16.44,87.31,2.16,2.11,68.53,6.72,88.6
Karnali_Center,29.267,82.183,2025062519,2025-06-25 19:00:00,2025,6,25,19,15.55,94.42,1.46,1.74,63.84,0.0,90.0
Karnali_Center,29.267,82.183,2025062520,2025-06-25 20:00:00,2025,6,25,20,15.28,96.92,1.05,1.61,75.52,0.0,90.0
Karnali_Center,29.267,82.183,2025062521,2025-06-25 21:00:00,2025,6,25,21,15.06,98.28,1.19,1.69,78.2,0.0,90.0
Karnali_Center,29.267,82.183,2025062522,2025-06-25 22:00:00,2025,6,25,22,14.88,99.02,1.3,1.9,70.55,0.0,90.0
Karnali_Center,29.267,82.183,2025062523,2025-06-25 23:00:00,2025,6,25,23,14.68,99.58,1.31,2.01,86.3,0.0,90.0
Karnali_Center,29.267,82.183,2025062600,2025-06-26 00:00:00,2025,6,26,0,14.48,99.78,1.35,2.08,92.5,0.0,90.0
Karnali_Center,29.267,82.183,2025062601,2025-06-26 01:00:00,2025,6,26,1,14.48,99.19,1.29,2.07,93.39,0.0,90.0
Karnali_Center,29.267,82.183,2025062602,2025-06-26 02:00:00,2025,6,26,2,14.4,99.0,1.28,2.08,8.97,0.0,90.0
Karnali_Center,29.267,82.183,2025062603,2025-06-26 03:00:00,2025,6,26,3,14.18,99.46,1.32,2.09,16.15,0.0,90.0
Karnali_Center,29.267,82.183,2025062604,2025-06-26 04:00:00,2025,6,26,4,14.06,99.44,1.31,2.06,97.04,4.03,89.08
Karnali_Center,29.267,82.183,2025062605,2025-06-26 05:00:00,2025,6,26,5,14.9,95.17,2.01,2.07,92.04,76.18,79.32
Karnali_Center,29.267,82.183,2025062606,2025-06-26 06:00:00,2025,6,26,6,15.8,88.81,2.57,2.38,89.95,180.23,66.93
Karnali_Center,29.267,82.183,2025062607,2025-06-26 07:00:00,2025,6,26,7,17.13,79.61,3.06,2.62,85.87,317.45,54.2
Karnali_Center,29.267,82.183,2025062608,2025-06-26 08:00:00,2025,6,26,8,18.57,70.44,3.6,2.91,78.41,614.9,41.28
Karnali_Center,29.267,82.183,2025062609,2025-06-26 09:00:00,2025,6,26,9,19.69,64.54,4.01,3.16,59.21,811.65,28.34
Karnali_Center,29.267,82.183,2025062610,2025-06-26 10:00:00,2025,6,26,10,20.33,62.07,4.25,3.34,76.52,918.03,15.82
Karnali_Center,29.267,82.183,2025062611,2025-06-26 11:00:00,2025,6,26,11,20.72,60.7,4.29,3.4,73.98,905.08,7.31
Karnali_Center,29.267,82.183,2025062612,2025-06-26 12:00:00,2025,6,26,12,20.92,59.87,4.22,3.41,66.98,770.0,14.68
Karnali_Center,29.267,82.183,2025062613,2025-06-26 13:00:00,2025,6,26,13,20.5,61.56,3.98,3.26,77.7,573.12,27.1
Karnali_Center,29.267,82.183,2025062614,2025-06-26 14:00:00,2025,6,26,14,19.68,65.25,3.66,3.04,95.08,264.15,40.03
Karnali_Center,29.267,82.183,2025062615,2025-06-26 15:00:00,2025,6,26,15,18.72,70.21,3.31,2.83,95.44,111.65,52.96
Karnali_Center,29.267,82.183,2025062616,2025-06-26 16:00:00,2025,6,26,16,17.9,75.13,2.88,2.54,97.35,70.95,65.72
Karnali_Center,29.267,82.183,2025062617,2025-06-26 17:00:00,2025,6,26,17,16.88,81.87,2.14,1.96,98.95,32.67,78.15
Karnali_Center,29.267,82.183,2025062618,2025-06-26 18:00:00,2025,6,26,18,15.95,89.16,1.21,1.35,99.22,3.47,88.58
Karnali_Center,29.267,82.183,2025062619,2025-06-26 19:00:00,2025,6,26,19,15.41,93.89,0.75,0.99,99.35,0.0,90.0
Karnali_Center,29.267,82.183,2025062620,2025-06-26 20:00:00,2025,6,26,20,15.1,95.08,0.54,0.69,96.08,0.0,90.0
Karnali_Center,29.267,82.183,2025062621,2025-06-26 21:00:00,2025,6,26,21,14.84,95.77,0.56,0.79,77.46,0.0,90.0
Karnali_Center,29.267,82.183,2025062622,2025-06-26 22:00:00,2025,6,26,22,14.53,96.17,0.74,1.1,83.74,0.0,90.0
Karnali_Center,29.267,82.183,2025062623,2025-06-26 23:00:00,2025,6,26,23,14.26,95.94,0.85,1.23,74.42,0.0,90.0
Karnali_Center,29.267,82.183,2025062700,2025-06-27 00:00:00,2025,6,27,0,14.1,94.77,0.88,1.21,68.23,0.0,90.0
Karnali_Center,29.267,82.183,2025062701,2025-06-27 01:00:00,2025,6,27,1,13.87,93.78,0.99,1.35,84.98,0.0,90.0
Karnali_Center,29.267,82.183,2025062702,2025-06-27 02:00:00,2025,6,27,2,13.72,92.41,1.05,1.44,90.48,0.0,90.0
Karnali_Center,29.267,82.183,2025062703,2025-06-27 03:00:00,2025,6,27,3,13.56,91.09,1.07,1.45,98.68,0.0,90.0
Karnali_Center,29.267,82.183,2025062704,2025-06-27 04:00:00,2025,6,27,4,13.45,89.69,1.05,1.4,96.64,3.78,89.11
Karnali_Center,29.267,82.183,2025062705,2025-06-27 05:00:00,2025,6,27,5,14.66,87.8,1.02,1.34,89.04,100.72,79.38
Karnali_Center,29.267,82.183,2025062706,2025-06-27 06:00:00,2025,6,27,6,16.44,79.21,1.08,1.14,90.22,272.6,66.99
Karnali_Center,29.267,82.183,2025062707,2025-06-27 07:00:00,2025,6,27,7,17.97,72.68,1.68,1.34,89.8,487.15,54.26
Karnali_Center,29.267,82.183,2025062708,2025-06-27 08:00:00,2025,6,27,8,19.62,64.85,2.47,1.85,49.14,732.25,41.34
Karnali_Center,29.267,82.183,2025062709,2025-06-27 09:00:00,2025,6,27,9,20.87,60.15,3.21,2.37,3.98,864.67,28.4
Karnali_Center,29.267,82.183,2025062710,2025-06-27 10:00:00,2025,6,27,10,21.74,58.4,3.86,2.9,22.12,848.9,15.88
Karnali_Center,29.267,82.183,2025062711,2025-06-27 11:00:00,2025,6,27,11,22.22,58.21,4.32,3.35,85.17,767.12,7.34
Karnali_Center,29.267,82.183,2025062712,2025-06-27 12:00:00,2025,6,27,12,22.18,59.76,4.58,3.68,77.33,625.0,14.66
Karnali_Center,29.267,82.183,2025062713,2025-06-27 13:00:00,2025,6,27,13,21.8,61.95,4.64,3.83,84.58,441.55,27.07
Karnali_Center,29.267,82.183,2025062714,2025-06-27 14:00:00,2025,6,27,14,21.09,64.76,4.6,3.89,93.05,341.95,40.0
Karnali_Center,29.267,82.183,2025062715,2025-06-27 15:00:00,2025,6,27,15,20.09,68.38,4.43,3.86,91.45,279.17,52.93
Karnali_Center,29.267,82.183,2025062716,2025-06-27 16:00:00,2025,6,27,16,18.98,72.69,4.08,3.64,90.15,153.8,65.69
Karnali_Center,29.267,82.183,2025062717,2025-06-27 17:00:00,2025,6,27,17,17.46,80.28,3.38,3.12,88.32,65.9,78.13
Karnali_Center,29.267,82.183,2025062718,2025-06-27 18:00:00,2025,6,27,18,15.8,91.73,2.31,2.2,84.36,6.03,88.57
Karnali_Center,29.267,82.183,2025062719,2025-06-27 19:00:00,2025,6,27,19,15.32,96.28,1.86,2.02,82.12,0.0,90.0
Karnali_Center,29.267,82.183,2025062720,2025-06-27 20:00:00,2025,6,27,20,15.24,97.41,1.4,2.02,78.49,0.0,90.0
Karnali_Center,29.267,82.183,2025062721,2025-06-27 21:00:00,2025,6,27,21,15.07,98.45,1.29,1.95,87.96,0.0,90.0
Karnali_Center,29.267,82.183,2025062722,2025-06-27 22:00:00,2025,6,27,22,15.0,98.89,1.32,1.92,98.57,0.0,90.0
Karnali_Center,29.267,82.183,2025062723,2025-06-27 23:00:00,2025,6,27,23,14.88,99.0,1.23,1.71,99.67,0.0,90.0
Karnali_Center,29.267,82.183,2025062800,2025-06-28 00:00:00,2025,6,28,0,14.7,98.46,0.98,1.31,31.23,0.0,90.0
Karnali_Center,29.267,82.183,2025062801,2025-06-28 01:00:00,2025,6,28,1,14.64,97.69,0.74,0.97,97.03,0.0,90.0
Karnali_Center,29.267,82.183,2025062802,2025-06-28 02:00:00,2025,6,28,2,14.3,97.45,0.8,1.16,99.24,0.0,90.0
Karnali_Center,29.267,82.183,2025062803,2025-06-28 03:00:00,2025,6,28,3,13.81,98.13,0.96,1.37,98.57,0.0,90.0
Karnali_Center,29.267,82.183,2025062804,2025-06-28 04:00:00,2025,6,28,4,13.52,98.18,0.97,1.37,98.77,3.15,89.13
Karnali_Center,29.267,82.183,2025062805,2025-06-28 05:00:00,2025,6,28,5,14.48,93.78,1.32,1.46,96.55,76.35,79.44
Karnali_Center,29.267,82.183,2025062806,2025-06-28 06:00:00,2025,6,28,6,15.79,85.07,1.65,1.6,97.62,213.5,67.05
Karnali_Center,29.267,82.183,2025062807,2025-06-28 07:00:00,2025,6,28,7,17.3,75.97,2.05,1.79,97.9,374.7,54.32
Karnali_Center,29.267,82.183,2025062808,2025-06-28 08:00:00,2025,6,28,8,18.05,71.58,2.6,2.14,93.1,553.88,41.4
Karnali_Center,29.267,82.183,2025062809,2025-06-28 09:00:00,2025,6,28,9,18.85,68.84,3.25,2.62,75.99,701.47,28.46
Karnali_Center,29.267,82.183,2025062810,2025-06-28 10:00:00,2025,6,28,10,19.82,65.7,3.9,3.15,76.04,772.1,15.94
Karnali_Center,29.267,82.183,2025062811,2025-06-28 11:00:00,2025,6,28,11,20.78,62.51,4.56,3.77,30.13,789.42,7.39
Karnali_Center,29.267,82.183,2025062812,2025-06-28 12:00:00,2025,6,28,12,21.47,60.16,5.27,4.48,78.39,662.9,14.64
Karnali_Center,29.267,82.183,2025062813,2025-06-28 13:00:00,2025,6,28,13,21.14,61.44,5.7,5.01,98.7,416.77,27.04
Karnali_Center,29.267,82.183,2025062814,2025-06-28 14:00:00,2025,6,28,14,19.77,67.68,5.64,5.11,98.28,257.38,39.97
Karnali_Center,29.267,82.183,2025062815,2025-06-28 15:00:00,2025,6,28,15,18.32,75.48,5.23,4.85,99.61,131.18,52.91
Karnali_Center,29.267,82.183,2025062816,2025-06-28 16:00:00,2025,6,28,16,17.11,82.29,4.55,4.25,99.84,89.53,65.67
Karnali_Center,29.267,82.183,2025062817,2025-06-28 17:00:00,2025,6,28,17,16.11,88.83,3.64,3.41,99.69,45.28,78.11
Karnali_Center,29.267,82.183,2025062818,2025-06-28 18:00:00,2025,6,28,18,15.49,93.52,2.61,2.55,99.57,4.62,88.57
Karnali_Center,29.267,82.183,2025062819,2025-06-28 19:00:00,2025,6,28,19,15.27,95.11,2.14,2.5,99.02,0.0,90.0
Karnali_Center,29.267,82.183,2025062820,2025-06-28 20:00:00,2025,6,28,20,14.58,98.27,1.59,2.5,99.91,0.0,90.0
Karnali_Center,29.267,82.183,2025062821,2025-06-28 21:00:00,2025,6,28,21,14.12,99.5,1.51,2.39,99.91,0.0,90.0
Karnali_Center,29.267,82.183,2025062822,2025-06-28 22:00:00,2025,6,28,22,13.74,98.35,1.56,2.36,13.43,0.0,90.0
Karnali_Center,29.267,82.183,2025062823,2025-06-28 23:00:00,2025,6,28,23,13.33,97.26,1.27,1.97,6.67,0.0,90.0
Karnali_Center,29.267,82.183,2025062900,2025-06-29 00:00:00,2025,6,29,0,13.05,96.59,0.87,1.35,91.19,0.0,90.0
Karnali_Center,29.267,82.183,2025062901,2025-06-29 01:00:00,2025,6,29,1,12.72,95.93,0.64,0.91,98.7,0.0,90.0
Karnali_Center,29.267,82.183,2025062902,2025-06-29 02:00:00,2025,6,29,2,12.43,95.92,0.59,0.82,75.56,0.0,90.0
Karnali_Center,29.267,82.183,2025062903,2025-06-29 03:00:00,2025,6,29,3,12.23,95.97,0.51,0.71,54.59,0.0,90.0
Karnali_Center,29.267,82.183,2025062904,2025-06-29 04:00:00,2025,6,29,4,12.17,95.41,0.41,0.59,61.3,4.35,89.16
Karnali_Center,29.267,82.183,2025062905,2025-06-29 05:00:00,2025,6,29,5,12.64,92.62,0.55,0.61,67.48,87.68,79.51
Karnali_Center,29.267,82.183,2025062906,2025-06-29 06:00:00,2025,6,29,6,13.46,85.98,1.06,1.0,75.26,231.23,67.12
Karnali_Center,29.267,82.183,2025062907,2025-06-29 07:00:00,2025,6,29,7,14.6,79.38,1.96,1.71,81.8,415.1,54.38
Karnali_Center,29.267,82.183,2025062908,2025-06-29 08:00:00,2025,6,29,8,15.95,72.84,2.72,2.21,26.75,610.67,41.46
Karnali_Center,29.267,82.183,2025062909,2025-06-29 09:00:00,2025,6,29,9,17.44,66.73,3.4,2.64,18.94,705.05,28.52
Karnali_Center,29.267,82.183,2025062910,2025-06-29 10:00:00,2025,6,29,10,19.05,61.26,4.03,3.09,93.44,700.3,16.0
Karnali_Center,29.267,82.183,2025062911,2025-06-29 11:00:00,2025,6,29,11,20.02,58.27,4.65,3.61,94.01,598.55,7.44
Karnali_Center,29.267,82.183,2025062912,2025-06-29 12:00:00,2025,6,29,12,19.82,59.15,5.16,4.16,92.39,567.58,14.63
Karnali_Center,29.267,82.183,2025062913,2025-06-29 13:00:00,2025,6,29,13,19.15,62.21,5.19,4.29,97.48,373.25,27.02
Karnali_Center,29.267,82.183,2025062914,2025-06-29 14:00:00,2025,6,29,14,18.21,66.34,4.93,4.15,98.7,286.73,39.94
Karnali_Center,29.267,82.183,2025062915,2025-06-29 15:00:00,2025,6,29,15,17.29,70.7,4.42,3.76,99.54,207.15,52.88
Karnali_Center,29.267,82.183,2025062916,2025-06-29 16:00:00,2025,6,29,16,16.31,75.44,3.77,3.27,100.0,112.38,65.65
Karnali_Center,29.267,82.183,2025062917,2025-06-29 17:00:00,2025,6,29,17,15.14,81.55,2.98,2.66,100.0,38.53,78.09
Karnali_Center,29.267,82.183,2025062918,2025-06-29 18:00:00,2025,6,29,18,13.85,90.06,1.92,1.89,99.69,3.7,88.56
Karnali_Center,29.267,82.183,2025062919,2025-06-29 19:00:00,2025,6,29,19,13.14,94.97,1.22,1.4,99.58,0.0,90.0
Karnali_Center,29.267,82.183,2025062920,2025-06-29 20:00:00,2025,6,29,20,12.55,96.63,0.94,1.23,99.59,0.0,90.0
Karnali_Center,29.267,82.183,2025062921,2025-06-29 21:00:00,2025,6,29,21,11.99,96.46,1.0,1.34,99.6,0.0,90.0
Karnali_Center,29.267,82.183,2025062922,2025-06-29 22:00:00,2025,6,29,22,11.89,94.72,1.02,1.35,99.53,0.0,90.0
Karnali_Center,29.267,82.183,2025062923,2025-06-29 23:00:00,2025,6,29,23,11.92,93.05,0.98,1.28,99.51,0.0,90.0
Karnali_Center,29.267,82.183,2025063000,2025-06-30 00:00:00,2025,6,30,0,11.7,92.55,1.2,1.54,99.93,0.0,90.0
Karnali_Center,29.267,82.183,2025063001,2025-06-30 01:00:00,2025,6,30,1,11.48,90.54,1.36,1.68,99.85,0.0,90.0
Karnali_Center,29.267,82.183,2025063002,2025-06-30 02:00:00,2025,6,30,2,11.62,86.83,0.95,1.2,100.0,0.0,90.0
Karnali_Center,29.267,82.183,2025063003,2025-06-30 03:00:00,2025,6,30,3,11.87,84.7,0.4,0.5,100.0,0.0,90.0
Karnali_Center,29.267,82.183,2025063004,2025-06-30 04:00:00,2025,6,30,4,11.73,86.7,0.26,0.31,9.94,2.58,89.18
Karnali_Center,29.267,82.183,2025063005,2025-06-30 05:00:00,2025,6,30,5,12.36,88.04,0.48,0.49,19.76,33.15,79.58
Karnali_Center,29.267,82.183,2025063006,2025-06-30 06:00:00,2025,6,30,6,14.31,79.36,0.77,0.86,29.75,69.45,67.18
Karnali_Center,29.267,82.183,2025063007,2025-06-30 07:00:00,2025,6,30,7,16.77,68.4,1.34,1.21,39.86,113.22,54.45
Karnali_Center,29.267,82.183,2025063008,2025-06-30 08:00:00,2025,6,30,8,18.77,61.04,2.59,2.1,1.78,261.42,41.52
Karnali_Center,29.267,82.183,2025063009,2025-06-30 09:00:00,2025,6,30,9,20.05,58.43,3.86,3.13,29.03,323.6,28.58
Karnali_Center,29.267,82.183,2025063010,2025-06-30 10:00:00,2025,6,30,10,20.38,59.36,4.94,4.12,73.92,411.08,16.07
Karnali_Center,29.267,82.183,2025063011,2025-06-30 11:00:00,2025,6,30,11,20.02,62.08,5.58,4.83,86.93,447.62,7.49
Karnali_Center,29.267,82.183,2025063012,2025-06-30 12:00:00,2025,6,30,12,19.31,65.56,5.87,5.22,97.91,344.17,14.62
Karnali_Center,29.267,82.183,2025063013,2025-06-30 13:00:00,2025,6,30,13,18.68,69.07,5.8,5.25,69.25,353.67,27.0
Karnali_Center,29.267,82.183,2025063014,2025-06-30 14:00:00,2025,6,30,14,18.35,70.78,5.55,5.02,80.8,298.45,39.92
Karnali_Center,29.267,82.183,2025063015,2025-06-30 15:00:00,2025,6,30,15,17.48,74.26,4.99,4.57,60.26,221.7,52.86
Karnali_Center,29.267,82.183,2025063016,2025-06-30 16:00:00,2025,6,30,16,16.38,78.87,4.29,3.93,51.57,129.18,65.63
Karnali_Center,29.267,82.183,2025063017,2025-06-30 17:00:00,2025,6,30,17,15.06,85.82,3.28,3.03,42.64,36.38,78.08
Karnali_Center,29.267,82.183,2025063018,2025-06-30 18:00:00,2025,6,30,18,13.98,93.17,2.2,2.1,99.93,4.45,88.56
Karnali_Center,29.267,82.183,2025063019,2025-06-30 19:00:00,2025,6,30,19,13.55,96.26,1.47,1.74,99.79,0.0,90.0
Karnali_Center,29.267,82.183,2025063020,2025-06-30 20:00:00,2025,6,30,20,13.12,97.7,0.72,1.22,99.96,0.0,90.0
Karnali_Center,29.267,82.183,2025063021,2025-06-30 21:00:00,2025,6,30,21,12.51,97.8,0.74,1.15,99.95,0.0,90.0
Karnali_Center,29.267,82.183,2025063022,2025-06-30 22:00:00,2025,6,30,22,12.04,97.64,1.01,1.51,99.9,0.0,90.0
Karnali_Center,29.267,82.183,2025063023,2025-06-30 23:00:00,2025,6,30,23,11.57,96.93,1.27,1.77,99.85,0.0,90.0
Karnali_Center,29.267,82.183,2025070100,2025-07-01 00:00:00,2025,7,1,0,11.19,96.61,1.5,2.02,99.95,0.0,90.0
Karnali_Center,29.267,82.183,2025070101,2025-07-01 01:00:00,2025,7,1,1,10.7,96.3,1.8,2.33,99.96,0.0,90.0
Karnali_Center,29.267,82.183,2025070102,2025-07-01 02:00:00,2025,7,1,2,10.47,94.51,1.93,2.41,99.86,0.0,90.0
Karnali_Center,29.267,82.183,2025070103,2025-07-01 03:00:00,2025,7,1,3,10.49,91.15,1.85,2.24,100.0,0.0,90.0
Karnali_Center,29.267,82.183,2025070104,2025-07-01 04:00:00,2025,7,1,4,10.8,86.95,1.67,2.0,100.0,3.33,89.21
Karnali_Center,29.267,82.183,2025070105,2025-07-01 05:00:00,2025,7,1,5,12.9,83.25,1.27,1.52,98.97,76.4,79.65
Karnali_Center,29.267,82.183,2025070106,2025-07-01 06:00:00,2025,7,1,6,15.96,67.92,0.65,0.59,99.58,201.5,67.25
Karnali_Center,29.267,82.183,2025070107,2025-07-01 07:00:00,2025,7,1,7,17.79,61.18,2.25,1.73,99.46,365.38,54.51
Karnali_Center,29.267,82.183,2025070108,2025-07-01 08:00:00,2025,7,1,8,19.33,56.18,3.15,2.29,58.61,548.95,41.58
Karnali_Center,29.267,82.183,2025070109,2025-07-01 09:00:00,2025,7,1,9,20.58,53.68,3.96,2.87,70.1,582.75,28.64
Karnali_Center,29.267,82.183,2025070110,2025-07-01 10:00:00,2025,7,1,10,21.25,53.42,4.62,3.42,68.11,594.38,16.13
Karnali_Center,29.267,82.183,2025070111,2025-07-01 11:00:00,2025,7,1,11,21.45,54.96,4.95,3.73,93.19,573.9,7.55
Karnali_Center,29.267,82.183,2025070112,2025-07-01 12:00:00,2025,7,1,12,21.52,56.36,4.96,3.76,90.6,531.78,14.61
Karnali_Center,29.267,82.183,2025070113,2025-07-01 13:00:00,2025,7,1,13,21.44,57.53,4.82,3.73,89.6,506.08,26.98
Karnali_Center,29.267,82.183,2025070114,2025-07-01 14:00:00,2025,7,1,14,21.04,59.62,4.55,3.58,38.38,391.27,39.9
Karnali_Center,29.267,82.183,2025070115,2025-07-01 15:00:00,2025,7,1,15,20.38,62.61,4.3,3.5,91.2,257.0,52.84
Karnali_Center,29.267,82.183,2025070116,2025-07-01 16:00:00,2025,7,1,16,19.31,67.33,3.93,3.32,92.52,162.3,65.62
Karnali_Center,29.267,82.183,2025070117,2025-07-01 17:00:00,2025,7,1,17,17.66,75.76,3.23,2.86,94.23,69.5,78.07
Karnali_Center,29.267,82.183,2025070118,2025-07-01 18:00:00,2025,7,1,18,15.91,87.04,1.98,1.94,95.64,5.9,88.56
Karnali_Center,29.267,82.183,2025070119,2025-07-01 19:00:00,2025,7,1,19,15.04,93.65,1.26,1.4,96.03,0.0,90.0
Karnali_Center,29.267,82.183,2025070120,2025-07-01 20:00:00,2025,7,1,20,14.59,96.76,0.96,1.43,97.25,0.0,90.0
Karnali_Center,29.267,82.183,2025070121,2025-07-01 21:00:00,2025,7,1,21,14.13,98.89,1.16,1.65,96.04,0.0,90.0
Karnali_Center,29.267,82.183,2025070122,2025-07-01 22:00:00,2025,7,1,22,13.87,99.69,1.15,1.57,96.8,0.0,90.0
Karnali_Center,29.267,82.183,2025070123,2025-07-01 23:00:00,2025,7,1,23,13.65,99.03,1.0,1.32,98.7,0.0,90.0
Karnali_Center,29.267,82.183,2025070200,2025-07-02 00:00:00,2025,7,2,0,13.43,98.95,0.82,1.04,97.47,0.0,90.0
Karnali_Center,29.267,82.183,2025070201,2025-07-02 01:00:00,2025,7,2,1,13.44,98.4,0.64,0.79,82.55,0.0,90.0
Karnali_Center,29.267,82.183,2025070202,2025-07-02 02:00:00,2025,7,2,2,13.54,97.14,0.37,0.41,99.95,0.0,90.0
Karnali_Center,29.267,82.183,2025070203,2025-07-02 03:00:00,2025,7,2,3,13.56,95.48,0.13,0.14,99.9,0.0,90.0
Karnali_Center,29.267,82.183,2025070204,2025-07-02 04:00:00,2025,7,2,4,13.47,95.11,0.2,0.26,98.17,3.25,89.24
Karnali_Center,29.267,82.183,2025070205,2025-07-02 05:00:00,2025,7,2,5,14.11,92.95,0.63,0.73,94.08,84.32,79.72
Karnali_Center,29.267,82.183,2025070206,2025-07-02 06:00:00,2025,7,2,6,15.97,78.1,0.22,0.5,94.58,229.7,67.32
Karnali_Center,29.267,82.183,2025070207,2025-07-02 07:00:00,2025,7,2,7,18.28,66.12,1.26,0.78,93.02,424.77,54.58
Karnali_Center,29.267,82.183,2025070208,2025-07-02 08:00:00,2025,7,2,8,20.2,59.09,2.58,1.68,18.53,645.42,41.65
Karnali_Center,29.267,82.183,2025070209,2025-07-02 09:00:00,2025,7,2,9,21.42,56.23,3.76,2.65,22.48,780.15,28.71
Karnali_Center,29.267,82.183,2025070210,2025-07-02 10:00:00,2025,7,2,10,22.04,55.96,4.6,3.42,32.39,808.88,16.2
Karnali_Center,29.267,82.183,2025070211,2025-07-02 11:00:00,2025,7,2,11,22.18,57.11,4.99,3.9,85.11,734.67,7.62
Karnali_Center,29.267,82.183,2025070212,2025-07-02 12:00:00,2025,7,2,12,21.92,59.28,5.21,4.26,88.81,534.62,14.61
Karnali_Center,29.267,82.183,2025070213,2025-07-02 13:00:00,2025,7,2,13,21.34,62.43,5.45,4.65,91.79,492.0,26.96
Karnali_Center,29.267,82.183,2025070214,2025-07-02 14:00:00,2025,7,2,14,20.22,67.65,5.65,5.0,87.69,339.58,39.88
Karnali_Center,29.267,82.183,2025070215,2025-07-02 15:00:00,2025,7,2,15,19.71,70.05,5.66,5.14,92.54,234.02,52.83
Karnali_Center,29.267,82.183,2025070216,2025-07-02 16:00:00,2025,7,2,16,18.4,76.63,5.16,4.78,93.89,137.3,65.61
Karnali_Center,29.267,82.183,2025070217,2025-07-02 17:00:00,2025,7,2,17,17.0,84.46,4.26,3.93,94.54,56.67,78.07
Karnali_Center,29.267,82.183,2025070218,2025-07-02 18:00:00,2025,7,2,18,15.63,93.71,3.0,2.87,96.24,5.03,88.56
Karnali_Center,29.267,82.183,2025070219,2025-07-02 19:00:00,2025,7,2,19,15.19,96.53,2.38,2.77,97.12,0.0,90.0
Karnali_Center,29.267,82.183,2025070220,2025-07-02 20:00:00,2025,7,2,20,14.75,97.43,1.75,2.44,99.12,0.0,90.0
Karnali_Center,29.267,82.183,2025070221,2025-07-02 21:00:00,2025,7,2,21,14.43,98.32,1.44,1.91,94.79,0.0,90.0
Karnali_Center,29.267,82.183,2025070222,2025-07-02 22:00:00,2025,7,2,22,14.14,98.33,1.2,1.47,99.74,0.0,90.0
Karnali_Center,29.267,82.183,2025070223,2025-07-02 23:00:00,2025,7,2,23,13.89,97.84,0.91,1.17,98.69,0.0,90.0
Karnali_Center,29.267,82.183,2025070300,2025-07-03 00:00:00,2025,7,3,0,13.71,97.58,0.62,0.82,99.93,0.0,90.0
Karnali_Center,29.267,82.183,2025070301,2025-07-03 01:00:00,2025,7,3,1,13.42,97.04,0.38,0.49,90.3,0.0,90.0
Karnali_Center,29.267,82.183,2025070302,2025-07-03 02:00:00,2025,7,3,2,13.12,97.37,0.46,0.61,98.72,0.0,90.0
Karnali_Center,29.267,82.183,2025070303,2025-07-03 03:00:00,2025,7,3,3,12.85,97.81,0.64,0.82,95.56,0.0,90.0
Karnali_Center,29.267,82.183,2025070304,2025-07-03 04:00:00,2025,7,3,4,12.58,97.96,0.83,1.05,94.25,2.72,89.26
Karnali_Center,29.267,82.183,2025070305,2025-07-03 05:00:00,2025,7,3,5,13.62,93.31,1.14,1.17,91.45,57.62,79.79
Karnali_Center,29.267,82.183,2025070306,2025-07-03 06:00:00,2025,7,3,6,15.42,83.15,0.76,0.85,91.42,151.77,67.39
Karnali_Center,29.267,82.183,2025070307,2025-07-03 07:00:00,2025,7,3,7,17.37,71.73,1.54,1.42,90.59,263.08,54.64
Karnali_Center,29.267,82.183,2025070308,2025-07-03 08:00:00,2025,7,3,8,18.99,63.82,2.22,1.79,75.35,455.4,41.71
Karnali_Center,29.267,82.183,2025070309,2025-07-03 09:00:00,2025,7,3,9,20.49,58.61,2.9,2.22,69.8,624.1,28.78
Karnali_Center,29.267,82.183,2025070310,2025-07-03 10:00:00,2025,7,3,10,21.64,56.26,3.8,2.93,95.74,693.12,16.28
Karnali_Center,29.267,82.183,2025070311,2025-07-03 11:00:00,2025,7,3,11,22.25,56.0,4.64,3.71,94.89,630.05,7.69
Karnali_Center,29.267,82.183,2025070312,2025-07-03 12:00:00,2025,7,3,12,22.15,57.63,5.25,4.4,88.66,594.03,14.62
Karnali_Center,29.267,82.183,2025070313,2025-07-03 13:00:00,2025,7,3,13,21.69,60.15,5.67,4.98,95.45,487.35,26.95
Karnali_Center,29.267,82.183,2025070314,2025-07-03 14:00:00,2025,7,3,14,20.74,64.33,5.93,5.4,91.08,367.33,39.87
Karnali_Center,29.267,82.183,2025070315,2025-07-03 15:00:00,2025,7,3,15,19.33,71.24,5.86,5.49,94.66,252.07,52.82
Karnali_Center,29.267,82.183,2025070316,2025-07-03 16:00:00,2025,7,3,16,17.78,79.95,5.38,5.15,95.27,153.93,65.6
Karnali_Center,29.267,82.183,2025070317,2025-07-03 17:00:00,2025,7,3,17,16.52,87.45,4.87,4.65,95.8,62.47,78.07
Karnali_Center,29.267,82.183,2025070318,2025-07-03 18:00:00,2025,7,3,18,15.6,93.29,3.77,3.44,98.74,4.75,88.56
Karnali_Center,29.267,82.183,2025070319,2025-07-03 19:00:00,2025,7,3,19,15.3,95.22,3.25,3.38,99.2,0.0,90.0
Karnali_Center,29.267,82.183,2025070320,2025-07-03 20:00:00,2025,7,3,20,14.99,95.83,2.58,3.23,99.38,0.0,90.0
Karnali_Center,29.267,82.183,2025070321,2025-07-03 21:00:00,2025,7,3,21,14.36,98.24,1.5,2.49,99.55,0.0,90.0
Karnali_Center,29.267,82.183,2025070322,2025-07-03 22:00:00,2025,7,3,22,13.93,99.71,1.27,1.9,58.79,0.0,90.0
Karnali_Center,29.267,82.183,2025070323,2025-07-03 23:00:00,2025,7,3,23,13.56,99.91,1.32,1.91,79.37,0.0,90.0
Karnali_Center,29.267,82.183,2025070400,2025-07-04 00:00:00,2025,7,4,0,13.14,98.41,1.22,1.79,96.33,0.0,90.0
Karnali_Center,29.267,82.183,2025070401,2025-07-04 01:00:00,2025,7,4,1,12.96,97.04,0.89,1.27,91.63,0.0,90.0
Karnali_Center,29.267,82.183,2025070402,2025-07-04 02:00:00,2025,7,4,2,12.87,95.78,0.62,0.81,99.19,0.0,90.0
Karnali_Center,29.267,82.183,2025070403,2025-07-04 03:00:00,2025,7,4,3,12.6,95.06,0.31,0.42,85.65,0.0,90.0
Karnali_Center,29.267,82.183,2025070404,2025-07-04 04:00:00,2025,7,4,4,12.39,94.56,0.19,0.24,98.31,2.9,89.29
Karnali_Center,29.267,82.183,2025070405,2025-07-04 05:00:00,2025,7,4,5,13.49,89.82,0.58,0.58,93.89,88.57,79.87
Karnali_Center,29.267,82.183,2025070406,2025-07-04 06:00:00,2025,7,4,6,15.93,75.35,0.53,0.66,93.94,251.15,67.46
Karnali_Center,29.267,82.183,2025070407,2025-07-04 07:00:00,2025,7,4,7,18.81,60.13,1.14,0.73,92.91,455.92,54.71
Karnali_Center,29.267,82.183,2025070408,2025-07-04 08:00:00,2025,7,4,8,21.07,52.17,2.58,1.72,83.03,660.75,41.78
Karnali_Center,29.267,82.183,2025070409,2025-07-04 09:00:00,2025,7,4,9,22.66,49.36,4.02,2.85,80.24,833.28,28.84
Karnali_Center,29.267,82.183,2025070410,2025-07-04 10:00:00,2025,7,4,10,23.52,49.55,5.28,3.96,71.37,946.4,16.35
Karnali_Center,29.267,82.183,2025070411,2025-07-04 11:00:00,2025,7,4,11,23.43,52.28,6.07,4.71,74.46,985.35,7.77
Karnali_Center,29.267,82.183,2025070412,2025-07-04 12:00:00,2025,7,4,12,23.01,55.38,6.46,5.16,76.8,779.17,14.63
Karnali_Center,29.267,82.183,2025070413,2025-07-04 13:00:00,2025,7,4,13,22.66,57.7,6.59,5.43,68.52,728.35,26.94
Karnali_Center,29.267,82.183,2025070414,2025-07-04 14:00:00,2025,7,4,14,21.98,61.05,6.36,5.38,61.2,565.95,39.86
Karnali_Center,29.267,82.183,2025070415,2025-07-04 15:00:00,2025,7,4,15,20.46,67.62,5.86,5.11,65.98,389.05,52.81
Karnali_Center,29.267,82.183,2025070416,2025-07-04 16:00:00,2025,7,4,16,18.89,75.49,4.97,4.4,69.25,232.85,65.6
Karnali_Center,29.267,82.183,2025070417,2025-07-04 17:00:00,2025,7,4,17,17.57,82.84,3.75,3.34,73.47,89.6,78.07
Karnali_Center,29.267,82.183,2025070418,2025-07-04 18:00:00,2025,7,4,18,16.32,90.59,2.67,2.43,74.86,7.57,88.56
Karnali_Center,29.267,82.183,2025070419,2025-07-04 19:00:00,2025,7,4,19,15.74,94.89,2.05,2.04,78.08,0.0,90.0
Karnali_Center,29.267,82.183,2025070420,2025-07-04 20:00:00,2025,7,4,20,15.44,96.47,1.49,2.03,65.02,0.0,90.0
Karnali_Center,29.267,82.183,2025070421,2025-07-04 21:00:00,2025,7,4,21,15.03,98.1,1.31,2.03,63.14,0.0,90.0
Karnali_Center,29.267,82.183,2025070422,2025-07-04 22:00:00,2025,7,4,22,14.64,99.32,1.27,2.01,66.26,0.0,90.0
Karnali_Center,29.267,82.183,2025070423,2025-07-04 23:00:00,2025,7,4,23,14.28,99.89,1.16,1.78,68.08,0.0,90.0
Karnali_Center,29.267,82.183,2025070500,2025-07-05 00:00:00,2025,7,5,0,14.0,99.11,0.96,1.36,51.26,0.0,90.0
Karnali_Center,29.267,82.183,2025070501,2025-07-05 01:00:00,2025,7,5,1,13.77,96.71,0.61,0.87,71.19,0.0,90.0
Karnali_Center,29.267,82.183,2025070502,2025-07-05 02:00:00,2025,7,5,2,13.44,95.21,0.34,0.55,62.48,0.0,90.0
Karnali_Center,29.267,82.183,2025070503,2025-07-05 03:00:00,2025,7,5,3,13.33,92.23,0.41,0.41,58.72,0.0,90.0
Karnali_Center,29.267,82.183,2025070504,2025-07-05 04:00:00,2025,7,5,4,12.91,88.33,0.78,0.63,46.56,4.12,89.32
Karnali_Center,29.267,82.183,2025070505,2025-07-05 05:00:00,2025,7,5,5,14.14,81.55,1.15,1.22,25.34,123.75,79.95
Karnali_Center,29.267,82.183,2025070506,2025-07-05 06:00:00,2025,7,5,6,17.69,55.17,1.36,1.34,16.32,354.48,67.53
Karnali_Center,29.267,82.183,2025070507,2025-07-05 07:00:00,2025,7,5,7,21.78,33.27,1.0,1.65,8.17,599.03,54.78
Karnali_Center,29.267,82.183,2025070508,2025-07-05 08:00:00,2025,7,5,8,24.88,23.3,0.76,0.89,15.3,811.03,41.85
Karnali_Center,29.267,82.183,2025070509,2025-07-05 09:00:00,2025,7,5,9,26.79,20.47,1.84,0.98,28.47,965.55,28.91
Karnali_Center,29.267,82.183,2025070510,2025-07-05 10:00:00,2025,7,5,10,27.86,21.07,2.85,1.7,30.26,1072.03,16.43
Karnali_Center,29.267,82.183,2025070511,2025-07-05 11:00:00,2025,7,5,11,28.28,23.83,4.04,2.79,20.32,1056.18,7.86
Karnali_Center,29.267,82.183,2025070512,2025-07-05 12:00:00,2025,7,5,12,27.56,31.55,5.42,4.19,39.74,1050.55,14.64
Karnali_Center,29.267,82.183,2025070513,2025-07-05 13:00:00,2025,7,5,13,26.14,41.79,6.16,4.97,50.21,923.83,26.94
Karnali_Center,29.267,82.183,2025070514,2025-07-05 14:00:00,2025,7,5,14,24.47,50.59,6.15,4.99,48.19,698.03,39.85
Karnali_Center,29.267,82.183,2025070515,2025-07-05 15:00:00,2025,7,5,15,23.02,55.74,5.74,4.75,49.17,484.98,52.8
Karnali_Center,29.267,82.183,2025070516,2025-07-05 16:00:00,2025,7,5,16,21.44,62.96,5.21,4.52,48.41,301.65,65.6
Karnali_Center,29.267,82.183,2025070517,2025-07-05 17:00:00,2025,7,5,17,19.52,74.0,4.27,3.91,48.11,124.6,78.08
Karnali_Center,29.267,82.183,2025070518,2025-07-05 18:00:00,2025,7,5,18,17.81,85.31,2.98,2.87,43.96,9.23,88.57
Karnali_Center,29.267,82.183,2025070519,2025-07-05 19:00:00,2025,7,5,19,17.31,88.34,2.19,2.18,42.1,0.0,90.0
Karnali_Center,29.267,82.183,2025070520,2025-07-05 20:00:00,2025,7,5,20,17.09,89.43,1.68,1.86,39.57,0.0,90.0
Karnali_Center,29.267,82.183,2025070521,2025-07-05 21:00:00,2025,7,5,21,16.78,90.55,1.09,1.77,46.39,0.0,90.0
Karnali_Center,29.267,82.183,2025070522,2025-07-05 22:00:00,2025,7,5,22,16.38,91.9,0.98,1.67,52.01,0.0,90.0
Karnali_Center,29.267,82.183,2025070523,2025-07-05 23:00:00,2025,7,5,23,15.93,93.11,0.93,1.52,56.98,0.0,90.0
Karnali_Center,29.267,82.183,2025070600,2025-07-06 00:00:00,2025,7,6,0,15.5,93.86,0.85,1.36,44.03,0.0,90.0
Karnali_Center,29.267,82.183,2025070601,2025-07-06 01:00:00,2025,7,6,1,15.13,93.89,0.74,1.17,53.26,0.0,90.0
Karnali_Center,29.267,82.183,2025070602,2025-07-06 02:00:00,2025,7,6,2,14.85,93.19,0.53,0.89,30.91,0.0,90.0
Karnali_Center,29.267,82.183,2025070603,2025-07-06 03:00:00,2025,7,6,3,14.47,92.28,0.27,0.58,46.37,0.0,90.0
Karnali_Center,29.267,82.183,2025070604,2025-07-06 04:00:00,2025,7,6,4,14.14,88.49,0.26,0.3,36.98,3.95,89.35
Karnali_Center,29.267,82.183,2025070605,2025-07-06 05:00:00,2025,7,6,5,15.43,80.71,0.25,0.36,20.77,123.7,80.03
Karnali_Center,29.267,82.183,2025070606,2025-07-06 06:00:00,2025,7,6,6,18.23,62.74,0.48,0.43,14.25,351.08,67.61
Karnali_Center,29.267,82.183,2025070607,2025-07-06 07:00:00,2025,7,6,7,21.33,48.95,1.27,0.77,7.54,590.03,54.86
Karnali_Center,29.267,82.183,2025070608,2025-07-06 08:00:00,2025,7,6,8,23.64,40.95,2.6,1.68,7.17,793.62,41.92
Karnali_Center,29.267,82.183,2025070609,2025-07-06 09:00:00,2025,7,6,9,25.02,38.44,4.02,2.84,26.45,942.9,28.98
Karnali_Center,29.267,82.183,2025070610,2025-07-06 10:00:00,2025,7,6,10,25.41,41.13,5.55,4.26,27.07,1038.22,16.51
Karnali_Center,29.267,82.183,2025070611,2025-07-06 11:00:00,2025,7,6,11,24.86,47.08,6.34,5.03,32.81,944.1,7.95
Karnali_Center,29.267,82.183,2025070612,2025-07-06 12:00:00,2025,7,6,12,23.73,52.48,6.37,5.16,1.89,979.58,14.66
Karnali_Center,29.267,82.183,2025070613,2025-07-06 13:00:00,2025,7,6,13,23.44,54.74,6.21,5.05,49.27,760.35,26.94
Karnali_Center,29.267,82.183,2025070614,2025-07-06 14:00:00,2025,7,6,14,23.06,56.51,5.75,4.68,0.61,667.92,39.85
Karnali_Center,29.267,82.183,2025070615,2025-07-06 15:00:00,2025,7,6,15,22.33,59.46,5.18,4.27,42.28,480.23,52.8
Karnali_Center,29.267,82.183,2025070616,2025-07-06 16:00:00,2025,7,6,16,20.52,68.19,4.4,3.74,9.5,281.08,65.6
Karnali_Center,29.267,82.183,2025070617,2025-07-06 17:00:00,2025,7,6,17,18.82,78.27,3.42,3.04,16.53,107.47,78.09
Karnali_Center,29.267,82.183,2025070618,2025-07-06 18:00:00,2025,7,6,18,17.35,87.38,2.4,2.16,20.38,7.12,88.58
Karnali_Center,29.267,82.183,2025070619,2025-07-06 19:00:00,2025,7,6,19,16.59,92.61,1.95,1.79,27.53,0.0,90.0
Karnali_Center,29.267,82.183,2025070620,2025-07-06 20:00:00,2025,7,6,20,16.18,94.77,2.13,2.07,47.7,0.0,90.0
Karnali_Center,29.267,82.183,2025070621,2025-07-06 21:00:00,2025,7,6,21,15.93,94.83,2.97,2.93,26.38,0.0,90.0
Karnali_Center,29.267,82.183,2025070622,2025-07-06 22:00:00,2025,7,6,22,15.57,94.58,3.2,3.23,76.13,0.0,90.0
Karnali_Center,29.267,82.183,2025070623,2025-07-06 23:00:00,2025,7,6,23,15.04,94.97,2.71,2.76,72.35,0.0,90.0
Karnali_Center,29.267,82.183,2025070700,2025-07-07 00:00:00,2025,7,7,0,14.42,94.71,2.65,2.75,54.3,0.0,90.0
Karnali_Center,29.267,82.183,2025070701,2025-07-07 01:00:00,2025,7,7,1,13.62,93.41,2.25,2.34,41.4,0.0,90.0
Karnali_Center,29.267,82.183,2025070702,2025-07-07 02:00:00,2025,7,7,2,12.82,95.71,1.22,1.61,60.03,0.0,90.0
Karnali_Center,29.267,82.183,2025070703,2025-07-07 03:00:00,2025,7,7,3,12.41,96.75,0.67,0.87,66.24,0.0,90.0
Karnali_Center,29.267,82.183,2025070704,2025-07-07 04:00:00,2025,7,7,4,12.11,97.41,0.51,0.63,66.59,3.28,89.38
Karnali_Center,29.267,82.183,2025070705,2025-07-07 05:00:00,2025,7,7,5,13.37,88.62,0.72,0.73,63.9,93.05,80.11
Karnali_Center,29.267,82.183,2025070706,2025-07-07 06:00:00,2025,7,7,6,15.81,70.64,1.33,1.2,66.15,280.27,67.69
Karnali_Center,29.267,82.183,2025070707,2025-07-07 07:00:00,2025,7,7,7,18.15,59.74,2.06,1.46,67.64,509.2,54.93
Karnali_Center,29.267,82.183,2025070708,2025-07-07 08:00:00,2025,7,7,8,20.46,52.5,2.91,1.93,65.32,719.97,41.99
Karnali_Center,29.267,82.183,2025070709,2025-07-07 09:00:00,2025,7,7,9,22.21,48.55,3.77,2.57,58.35,899.12,29.05
Karnali_Center,29.267,82.183,2025070710,2025-07-07 10:00:00,2025,7,7,10,23.32,47.11,4.59,3.27,0.99,988.72,16.59
Karnali_Center,29.267,82.183,2025070711,2025-07-07 11:00:00,2025,7,7,11,23.8,47.58,5.33,4.0,6.67,984.78,8.05
Karnali_Center,29.267,82.183,2025070712,2025-07-07 12:00:00,2025,7,7,12,23.77,49.29,5.69,4.37,71.25,842.83,14.68
Karnali_Center,29.267,82.183,2025070713,2025-07-07 13:00:00,2025,7,7,13,23.23,52.44,5.61,4.37,70.75,685.05,26.94
Karnali_Center,29.267,82.183,2025070714,2025-07-07 14:00:00,2025,7,7,14,22.52,55.69,5.25,4.12,69.15,561.47,39.85
Karnali_Center,29.267,82.183,2025070715,2025-07-07 15:00:00,2025,7,7,15,21.66,58.76,4.76,3.8,70.61,382.5,52.81
Karnali_Center,29.267,82.183,2025070716,2025-07-07 16:00:00,2025,7,7,16,20.34,64.02,4.24,3.5,65.02,232.3,65.61
Karnali_Center,29.267,82.183,2025070717,2025-07-07 17:00:00,2025,7,7,17,18.46,73.59,3.49,3.04,58.3,96.68,78.11
Karnali_Center,29.267,82.183,2025070718,2025-07-07 18:00:00,2025,7,7,18,16.69,84.96,2.45,2.33,48.25,7.5,88.59
Karnali_Center,29.267,82.183,2025070719,2025-07-07 19:00:00,2025,7,7,19,15.9,91.84,1.91,1.88,40.83,0.0,90.0
Karnali_Center,29.267,82.183,2025070720,2025-07-07 20:00:00,2025,7,7,20,15.74,94.39,1.63,1.66,40.23,0.0,90.0
Karnali_Center,29.267,82.183,2025070721,2025-07-07 21:00:00,2025,7,7,21,15.63,96.06,1.37,1.71,62.56,0.0,90.0
Karnali_Center,29.267,82.183,2025070722,2025-07-07 22:00:00,2025,7,7,22,15.49,97.38,1.31,2.07,79.93,0.0,90.0
Karnali_Center,29.267,82.183,2025070723,2025-07-07 23:00:00,2025,7,7,23,15.32,98.37,1.29,2.13,94.82,0.0,90.0
Karnali_Center,29.267,82.183,2025070800,2025-07-08 00:00:00,2025,7,8,0,14.97,99.57,1.26,1.98,76.86,0.0,90.0
Karnali_Center,29.267,82.183,2025070801,2025-07-08 01:00:00,2025,7,8,1,14.53,100.0,1.07,1.57,61.83,0.0,90.0
Karnali_Center,29.267,82.183,2025070802,2025-07-08 02:00:00,2025,7,8,2,14.15,100.0,0.76,1.05,72.51,0.0,90.0
Karnali_Center,29.267,82.183,2025070803,2025-07-08 03:00:00,2025,7,8,3,13.7,100.0,0.78,1.19,81.15,0.0,90.0
Karnali_Center,29.267,82.183,2025070804,2025-07-08 04:00:00,2025,7,8,4,13.63,99.88,1.01,1.53,85.6,2.92,89.41
Karnali_Center,29.267,82.183,2025070805,2025-07-08 05:00:00,2025,7,8,5,15.06,92.93,1.36,1.48,90.11,65.85,80.19
Karnali_Center,29.267,82.183,2025070806,2025-07-08 06:00:00,2025,7,8,6,16.55,83.34,1.64,1.38,94.44,175.12,67.76
Karnali_Center,29.267,82.183,2025070807,2025-07-08 07:00:00,2025,7,8,7,18.65,71.54,2.32,1.76,57.76,323.0,55.0
Karnali_Center,29.267,82.183,2025070808,2025-07-08 08:00:00,2025,7,8,8,20.55,62.59,3.23,2.35,39.02,522.5,42.06
Karnali_Center,29.267,82.183,2025070809,2025-07-08 09:00:00,2025,7,8,9,21.8,58.7,4.27,3.13,87.59,742.22,29.13
Karnali_Center,29.267,82.183,2025070810,2025-07-08 10:00:00,2025,7,8,10,22.26,58.33,5.13,3.95,78.36,886.85,16.67
Karnali_Center,29.267,82.183,2025070811,2025-07-08 11:00:00,2025,7,8,11,22.19,59.53,5.59,4.48,67.18,940.62,8.15
Karnali_Center,29.267,82.183,2025070812,2025-07-08 12:00:00,2025,7,8,12,21.7,61.87,5.59,4.67,71.24,752.92,14.71
Karnali_Center,29.267,82.183,2025070813,2025-07-08 13:00:00,2025,7,8,13,21.27,63.97,5.56,4.83,78.28,642.45,26.95
Karnali_Center,29.267,82.183,2025070814,2025-07-08 14:00:00,2025,7,8,14,20.73,66.55,5.6,5.03,76.71,455.45,39.85
Karnali_Center,29.267,82.183,2025070815,2025-07-08 15:00:00,2025,7,8,15,20.48,67.33,5.62,5.18,86.78,273.35,52.81
Karnali_Center,29.267,82.183,2025070816,2025-07-08 16:00:00,2025,7,8,16,19.29,73.54,5.22,4.82,84.91,163.4,65.62
Karnali_Center,29.267,82.183,2025070817,2025-07-08 17:00:00,2025,7,8,17,17.67,84.69,3.95,3.6,82.39,68.4,78.13
Karnali_Center,29.267,82.183,2025070818,2025-07-08 18:00:00,2025,7,8,18,16.77,92.38,2.83,2.75,78.9,5.82,88.61
Karnali_Center,29.267,82.183,2025070819,2025-07-08 19:00:00,2025,7,8,19,16.56,95.34,2.33,2.63,75.46,0.0,90.0
Karnali_Center,29.267,82.183,2025070820,2025-07-08 20:00:00,2025,7,8,20,16.44,96.75,1.95,2.64,52.7,0.0,90.0
Karnali_Center,29.267,82.183,2025070821,2025-07-08 21:00:00,2025,7,8,21,16.1,98.46,1.64,2.73,68.8,0.0,90.0
Karnali_Center,29.267,82.183,2025070822,2025-07-08 22:00:00,2025,7,8,22,15.88,99.34,1.7,2.91,71.95,0.0,90.0
Karnali_Center,29.267,82.183,2025070823,2025-07-08 23:00:00,2025,7,8,23,15.79,99.48,1.85,3.13,79.41,0.0,90.0
Karnali_Center,29.267,82.183,2025070900,2025-07-09 00:00:00,2025,7,9,0,15.75,99.35,1.79,2.99,86.24,0.0,90.0
Karnali_Center,29.267,82.183,2025070901,2025-07-09 01:00:00,2025,7,9,1,15.71,99.27,1.64,2.77,65.4,0.0,90.0
Karnali_Center,29.267,82.183,2025070902,2025-07-09 02:00:00,2025,7,9,2,15.66,99.08,1.52,2.47,99.88,0.0,90.0
Karnali_Center,29.267,82.183,2025070903,2025-07-09 03:00:00,2025,7,9,3,15.55,99.0,1.38,2.29,99.09,0.0,90.0
Karnali_Center,29.267,82.183,2025070904,2025-07-09 04:00:00,2025,7,9,4,15.29,99.49,1.3,2.23,99.63,0.0,90.0
Karnali_Center,29.267,82.183,2025070905,2025-07-09 05:00:00,2025,7,9,5,15.68,97.28,1.53,2.28,98.14,63.3,79.7
Karnali_Center,29.267,82.183,2025070906,2025-07-09 06:00:00,2025,7,9,6,16.5,91.68,2.45,2.47,98.32,162.12,67.84
Karnali_Center,29.267,82.183,2025070907,2025-07-09 07:00:00,2025,7,9,7,17.34,83.65,3.41,3.22,97.19,275.98,55.08
Karnali_Center,29.267,82.183,2025070908,2025-07-09 08:00:00,2025,7,9,8,18.63,74.89,4.38,3.95,98.11,384.83,42.13
Karnali_Center,29.267,82.183,2025070909,2025-07-09 09:00:00,2025,7,9,9,19.48,69.45,5.36,4.82,98.71,508.85,29.2
Karnali_Center,29.267,82.183,2025070910,2025-07-09 10:00:00,2025,7,9,10,19.71,68.07,6.04,5.51,98.73,592.88,16.76
Karnali_Center,29.267,82.183,2025070911,2025-07-09 11:00:00,2025,7,9,11,19.72,67.81,6.61,6.16,97.5,627.28,8.26
Karnali_Center,29.267,82.183,2025070912,2025-07-09 12:00:00,2025,7,9,12,19.77,67.16,7.17,6.79,94.31,608.17,14.75
Karnali_Center,29.267,82.183,2025070913,2025-07-09 13:00:00,2025,7,9,13,19.54,68.13,7.52,7.25,98.46,466.85,26.96
Karnali_Center,29.267,82.183,2025070914,2025-07-09 14:00:00,2025,7,9,14,18.97,70.72,7.62,7.43,97.29,334.45,39.86
Karnali_Center,29.267,82.183,2025070915,2025-07-09 15:00:00,2025,7,9,15,18.12,74.19,7.39,7.27,99.4,211.7,52.82
Karnali_Center,29.267,82.183,2025070916,2025-07-09 16:00:00,2025,7,9,16,16.74,81.62,6.52,6.38,99.75,130.38,65.64
Karnali_Center,29.267,82.183,2025070917,2025-07-09 17:00:00,2025,7,9,17,15.61,87.25,5.58,5.41,99.53,56.08,78.15
Karnali_Center,29.267,82.183,2025070918,2025-07-09 18:00:00,2025,7,9,18,14.72,89.93,4.52,4.23,98.42,5.03,88.62
Karnali_Center,29.267,82.183,2025070919,2025-07-09 19:00:00,2025,7,9,19,14.09,90.89,3.71,3.51,99.38,0.0,90.0
Karnali_Center,29.267,82.183,2025070920,2025-07-09 20:00:00,2025,7,9,20,13.54,91.48,2.94,2.84,99.48,0.0,90.0
Karnali_Center,29.267,82.183,2025070921,2025-07-09 21:00:00,2025,7,9,21,12.84,91.91,1.81,2.09,98.66,0.0,90.0
Karnali_Center,29.267,82.183,2025070922,2025-07-09 22:00:00,2025,7,9,22,12.44,90.6,1.61,2.07,98.68,0.0,90.0
Karnali_Center,29.267,82.183,2025070923,2025-07-09 23:00:00,2025,7,9,23,11.94,88.57,2.19,2.37,99.89,0.0,90.0
Karnali_Center,29.267,82.183,2025071000,2025-07-10 00:00:00,2025,7,10,0,11.44,86.72,2.56,2.48,86.78,0.0,90.0
Karnali_Center,29.267,82.183,2025071001,2025-07-10 01:00:00,2025,7,10,1,11.24,85.21,2.6,2.55,99.08,0.0,90.0
Karnali_Center,29.267,82.183,2025071002,2025-07-10 02:00:00,2025,7,10,2,11.16,84.87,2.18,2.29,97.23,0.0,90.0
Karnali_Center,29.267,82.183,2025071003,2025-07-10 03:00:00,2025,7,10,3,11.17,85.09,1.75,2.06,99.63,0.0,90.0
Karnali_Center,29.267,82.183,2025071004,2025-07-10 04:00:00,2025,7,10,4,11.18,85.49,1.51,1.99,99.71,0.0,90.0
Karnali_Center,29.267,82.183,2025071005,2025-07-10 05:00:00,2025,7,10,5,11.7,81.65,1.89,1.91,98.96,77.7,79.82
Karnali_Center,29.267,82.183,2025071006,2025-07-10 06:00:00,2025,7,10,6,13.07,76.25,1.38,1.39,98.47,182.38,67.92
Karnali_Center,29.267,82.183,2025071007,2025-07-10 07:00:00,2025,7,10,7,15.06,71.97,0.63,0.81,83.49,319.85,55.15
Karnali_Center,29.267,82.183,2025071008,2025-07-10 08:00:00,2025,7,10,8,17.26,66.15,1.78,1.5,98.48,360.5,42.21
Karnali_Center,29.267,82.183,2025071009,2025-07-10 09:00:00,2025,7,10,9,19.37,59.87,2.91,2.27,98.1,505.95,29.28
Karnali_Center,29.267,82.183,2025071010,2025-07-10 10:00:00,2025,7,10,10,20.53,57.18,3.67,2.88,98.52,554.88,16.85
Karnali_Center,29.267,82.183,2025071011,2025-07-10 11:00:00,2025,7,10,11,21.16,56.06,4.17,3.35,96.67,555.5,8.37
Karnali_Center,29.267,82.183,2025071012,2025-07-10 12:00:00,2025,7,10,12,21.08,56.34,4.55,3.81,91.74,652.53,14.79
Karnali_Center,29.267,82.183,2025071013,2025-07-10 13:00:00,2025,7,10,13,20.52,58.61,4.69,4.04,82.95,435.48,26.98
Karnali_Center,29.267,82.183,2025071014,2025-07-10 14:00:00,2025,7,10,14,19.47,64.32,4.55,4.02,89.88,269.9,39.88
Karnali_Center,29.267,82.183,2025071015,2025-07-10 15:00:00,2025,7,10,15,18.36,70.52,4.12,3.74,89.33,199.57,52.84
Karnali_Center,29.267,82.183,2025071016,2025-07-10 16:00:00,2025,7,10,16,17.32,77.46,3.6,3.34,98.66,168.23,65.66
Karnali_Center,29.267,82.183,2025071017,2025-07-10 17:00:00,2025,7,10,17,16.35,84.78,3.04,2.87,99.64,68.22,78.18
Karnali_Center,29.267,82.183,2025071018,2025-07-10 18:00:00,2025,7,10,18,15.55,91.64,2.38,2.21,99.67,5.4,88.64
Karnali_Center,29.267,82.183,2025071019,2025-07-10 19:00:00,2025,7,10,19,15.31,94.87,2.39,2.42,99.6,0.0,90.0
Karnali_Center,29.267,82.183,2025071020,2025-07-10 20:00:00,2025,7,10,20,15.22,96.05,2.42,2.72,99.38,0.0,90.0
Karnali_Center,29.267,82.183,2025071021,2025-07-10 21:00:00,2025,7,10,21,14.98,97.11,2.27,2.85,99.47,0.0,90.0
Karnali_Center,29.267,82.183,2025071022,2025-07-10 22:00:00,2025,7,10,22,14.7,97.73,2.29,2.96,99.53,0.0,90.0
Karnali_Center,29.267,82.183,2025071023,2025-07-10 23:00:00,2025,7,10,23,14.35,98.76,1.9,2.91,97.68,0.0,90.0
Karnali_Center,29.267,82.183,2025071100,2025-07-11 00:00:00,2025,7,11,0,14.05,99.55,1.7,2.82,85.03,0.0,90.0
Karnali_Center,29.267,82.183,2025071101,2025-07-11 01:00:00,2025,7,11,1,13.66,100.0,1.57,2.64,91.75,0.0,90.0
Karnali_Center,29.267,82.183,2025071102,2025-07-11 02:00:00,2025,7,11,2,13.31,100.0,1.42,2.34,82.79,0.0,90.0
Karnali_Center,29.267,82.183,2025071103,2025-07-11 03:00:00,2025,7,11,3,12.92,100.0,1.28,1.92,66.52,0.0,90.0
Karnali_Center,29.267,82.183,2025071104,2025-07-11 04:00:00,2025,7,11,4,12.75,100.0,0.95,1.34,83.01,0.0,90.0
Karnali_Center,29.267,82.183,2025071105,2025-07-11 05:00:00,2025,7,11,5,13.98,93.24,0.81,0.96,80.74,82.43,79.94
Karnali_Center,29.267,82.183,2025071106,2025-07-11 06:00:00,2025,7,11,6,15.67,80.96,1.18,1.05,80.96,208.75,68.01
Karnali_Center,29.267,82.183,2025071107,2025-07-11 07:00:00,2025,7,11,7,17.55,70.21,2.24,1.75,45.41,392.7,55.23
Karnali_Center,29.267,82.183,2025071108,2025-07-11 08:00:00,2025,7,11,8,19.44,62.23,3.45,2.63,52.96,502.83,42.28
Karnali_Center,29.267,82.183,2025071109,2025-07-11 09:00:00,2025,7,11,9,20.8,57.81,4.31,3.32,57.63,592.28,29.35
Karnali_Center,29.267,82.183,2025071110,2025-07-11 10:00:00,2025,7,11,10,21.54,56.02,4.88,3.86,65.18,620.47,16.94
Karnali_Center,29.267,82.183,2025071111,2025-07-11 11:00:00,2025,7,11,11,21.77,55.81,5.27,4.31,83.33,707.2,8.5
Karnali_Center,29.267,82.183,2025071112,2025-07-11 12:00:00,2025,7,11,12,21.51,57.06,5.44,4.59,52.95,591.08,14.84
Karnali_Center,29.267,82.183,2025071113,2025-07-11 13:00:00,2025,7,11,13,21.04,58.98,5.43,4.67,85.86,557.83,27.0
Karnali_Center,29.267,82.183,2025071114,2025-07-11 14:00:00,2025,7,11,14,20.3,61.8,5.16,4.49,57.21,415.95,39.89
Karnali_Center,29.267,82.183,2025071115,2025-07-11 15:00:00,2025,7,11,15,19.2,66.98,4.64,4.1,62.59,233.62,52.86
Karnali_Center,29.267,82.183,2025071116,2025-07-11 16:00:00,2025,7,11,16,17.75,75.95,3.94,3.53,92.76,152.85,65.68
Karnali_Center,29.267,82.183,2025071117,2025-07-11 17:00:00,2025,7,11,17,16.57,85.05,3.4,3.11,94.97,57.72,78.21
Karnali_Center,29.267,82.183,2025071118,2025-07-11 18:00:00,2025,7,11,18,15.76,92.19,2.89,2.7,97.02,4.47,88.66
Karnali_Center,29.267,82.183,2025071119,2025-07-11 19:00:00,2025,7,11,19,15.55,95.08,2.69,2.68,98.44,0.0,90.0
Karnali_Center,29.267,82.183,2025071120,2025-07-11 20:00:00,2025,7,11,20,15.57,95.81,2.7,2.96,93.46,0.0,90.0
Karnali_Center,29.267,82.183,2025071121,2025-07-11 21:00:00,2025,7,11,21,15.5,96.32,2.74,3.08,97.96,0.0,90.0
Karnali_Center,29.267,82.183,2025071122,2025-07-11 22:00:00,2025,7,11,22,15.32,96.84,2.62,3.18,98.51,0.0,90.0
Karnali_Center,29.267,82.183,2025071123,2025-07-11 23:00:00,2025,7,11,23,15.03,97.78,2.36,3.09,97.3,0.0,90.0
Karnali_Center,29.267,82.183,2025071200,2025-07-12 00:00:00,2025,7,12,0,14.57,99.4,1.79,2.87,96.14,0.0,90.0
Karnali_Center,29.267,82.183,2025071201,2025-07-12 01:00:00,2025,7,12,1,14.08,100.0,1.51,2.4,69.16,0.0,90.0
Karnali_Center,29.267,82.183,2025071202,2025-07-12 02:00:00,2025,7,12,2,13.73,100.0,1.33,1.95,74.31,0.0,90.0
Karnali_Center,29.267,82.183,2025071203,2025-07-12 03:00:00,2025,7,12,3,13.63,100.0,1.11,1.58,72.33,0.0,90.0
Karnali_Center,29.267,82.183,2025071204,2025-07-12 04:00:00,2025,7,12,4,13.71,98.47,0.78,1.1,61.89,0.0,90.0
Karnali_Center,29.267,82.183,2025071205,2025-07-12 05:00:00,2025,7,12,5,14.61,94.29,0.74,0.81,45.5,99.12,80.06
Karnali_Center,29.267,82.183,2025071206,2025-07-12 06:00:00,2025,7,12,6,15.92,84.75,0.9,0.85,35.18,299.12,68.09
Karnali_Center,29.267,82.183,2025071207,2025-07-12 07:00:00,2025,7,12,7,17.58,73.35,1.55,1.15,23.96,538.33,55.31
Karnali_Center,29.267,82.183,2025071208,2025-07-12 08:00:00,2025,7,12,8,19.22,64.44,2.4,1.72,1.1,714.6,42.36
Karnali_Center,29.267,82.183,2025071209,2025-07-12 09:00:00,2025,7,12,9,20.54,59.59,3.15,2.26,6.51,821.22,29.43
Karnali_Center,29.267,82.183,2025071210,2025-07-12 10:00:00,2025,7,12,10,21.46,57.21,3.83,2.78,24.96,810.9,17.03
Karnali_Center,29.267,82.183,2025071211,2025-07-12 11:00:00,2025,7,12,11,22.03,56.2,4.31,3.23,88.6,724.35,8.62
Karnali_Center,29.267,82.183,2025071212,2025-07-12 12:00:00,2025,7,12,12,22.4,55.7,4.73,3.69,92.21,579.05,14.89
Karnali_Center,29.267,82.183,2025071213,2025-07-12 13:00:00,2025,7,12,13,22.37,56.49,5.14,4.19,88.17,497.65,27.02
Karnali_Center,29.267,82.183,2025071214,2025-07-12 14:00:00,2025,7,12,14,21.23,61.4,5.36,4.58,94.88,385.85,39.91
Karnali_Center,29.267,82.183,2025071215,2025-07-12 15:00:00,2025,7,12,15,19.94,67.76,5.38,4.8,86.37,313.62,52.88
Karnali_Center,29.267,82.183,2025071216,2025-07-12 16:00:00,2025,7,12,16,18.53,74.84,5.25,4.88,85.78,178.9,65.71
Karnali_Center,29.267,82.183,2025071217,2025-07-12 17:00:00,2025,7,12,17,16.96,84.4,4.67,4.33,85.56,68.68,78.25
Karnali_Center,29.267,82.183,2025071218,2025-07-12 18:00:00,2025,7,12,18,15.83,93.22,3.07,2.98,83.51,5.5,88.68
Karnali_Center,29.267,82.183,2025071219,2025-07-12 19:00:00,2025,7,12,19,15.67,96.27,2.52,2.88,83.05,0.0,90.0
Karnali_Center,29.267,82.183,2025071220,2025-07-12 20:00:00,2025,7,12,20,15.59,97.4,2.38,2.91,86.21,0.0,90.0
Karnali_Center,29.267,82.183,2025071221,2025-07-12 21:00:00,2025,7,12,21,15.36,98.07,1.97,2.68,92.71,0.0,90.0
Karnali_Center,29.267,82.183,2025071222,2025-07-12 22:00:00,2025,7,12,22,15.06,98.51,1.58,2.4,86.65,0.0,90.0
Karnali_Center,29.267,82.183,2025071223,2025-07-12 23:00:00,2025,7,12,23,14.67,99.14,1.32,1.89,92.24,0.0,90.0
Karnali_Center,29.267,82.183,2025071300,2025-07-13 00:00:00,2025,7,13,0,14.37,99.31,1.05,1.51,77.53,0.0,90.0
Karnali_Center,29.267,82.183,2025071301,2025-07-13 01:00:00,2025,7,13,1,14.1,98.59,0.9,1.21,80.19,0.0,90.0
Karnali_Center,29.267,82.183,2025071302,2025-07-13 02:00:00,2025,7,13,2,13.91,96.94,0.68,0.9,94.23,0.0,90.0
Karnali_Center,29.267,82.183,2025071303,2025-07-13 03:00:00,2025,7,13,3,13.85,94.83,0.41,0.51,97.3,0.0,90.0
Karnali_Center,29.267,82.183,2025071304,2025-07-13 04:00:00,2025,7,13,4,13.42,94.89,0.68,0.85,98.52,0.0,90.0
Karnali_Center,29.267,82.183,2025071305,2025-07-13 05:00:00,2025,7,13,5,14.24,91.69,1.33,1.42,89.79,86.07,80.18
Karnali_Center,29.267,82.183,2025071306,2025-07-13 06:00:00,2025,7,13,6,16.34,78.0,0.97,1.18,87.53,234.23,68.17
Karnali_Center,29.267,82.183,2025071307,2025-07-13 07:00:00,2025,7,13,7,18.79,63.25,0.43,0.26,83.72,465.85,55.39
Karnali_Center,29.267,82.183,2025071308,2025-07-13 08:00:00,2025,7,13,8,20.91,53.5,2.22,1.34,93.14,576.97,42.43
Karnali_Center,29.267,82.183,2025071309,2025-07-13 09:00:00,2025,7,13,9,22.39,49.01,3.64,2.55,64.64,706.42,29.51
Karnali_Center,29.267,82.183,2025071310,2025-07-13 10:00:00,2025,7,13,10,23.33,47.54,4.63,3.44,49.28,781.45,17.13
Karnali_Center,29.267,82.183,2025071311,2025-07-13 11:00:00,2025,7,13,11,23.58,48.6,5.4,4.18,58.11,744.83,8.75
Karnali_Center,29.267,82.183,2025071312,2025-07-13 12:00:00,2025,7,13,12,23.18,51.51,5.77,4.61,85.21,595.1,14.95
Karnali_Center,29.267,82.183,2025071313,2025-07-13 13:00:00,2025,7,13,13,22.29,55.7,5.71,4.71,87.38,514.12,27.05
Karnali_Center,29.267,82.183,2025071314,2025-07-13 14:00:00,2025,7,13,14,21.49,58.7,5.42,4.6,86.51,415.1,39.94
Karnali_Center,29.267,82.183,2025071315,2025-07-13 15:00:00,2025,7,13,15,20.53,61.74,5.1,4.45,86.29,288.92,52.91
Karnali_Center,29.267,82.183,2025071316,2025-07-13 16:00:00,2025,7,13,16,19.25,66.99,4.5,4.02,88.42,167.85,65.75
Karnali_Center,29.267,82.183,2025071317,2025-07-13 17:00:00,2025,7,13,17,17.58,76.51,3.41,3.11,89.74,70.8,78.3
Karnali_Center,29.267,82.183,2025071318,2025-07-13 18:00:00,2025,7,13,18,16.15,86.96,2.14,2.08,91.26,4.97,88.71
Karnali_Center,29.267,82.183,2025071319,2025-07-13 19:00:00,2025,7,13,19,15.5,92.8,1.99,1.97,92.91,0.0,90.0
Karnali_Center,29.267,82.183,2025071320,2025-07-13 20:00:00,2025,7,13,20,15.19,95.1,2.35,2.37,97.21,0.0,90.0
Karnali_Center,29.267,82.183,2025071321,2025-07-13 21:00:00,2025,7,13,21,14.92,95.8,2.64,2.76,99.04,0.0,90.0
Karnali_Center,29.267,82.183,2025071322,2025-07-13 22:00:00,2025,7,13,22,14.65,96.89,2.39,2.52,99.15,0.0,90.0
Karnali_Center,29.267,82.183,2025071323,2025-07-13 23:00:00,2025,7,13,23,14.41,98.06,1.76,2.37,99.59,0.0,90.0
Karnali_Center,29.267,82.183,2025071400,2025-07-14 00:00:00,2025,7,14,0,14.31,98.35,1.6,2.39,99.12,0.0,90.0
Karnali_Center,29.267,82.183,2025071401,2025-07-14 01:00:00,2025,7,14,1,14.27,98.67,1.41,2.32,93.32,0.0,90.0
Karnali_Center,29.267,82.183,2025071402,2025-07-14 02:00:00,2025,7,14,2,14.13,99.05,1.23,2.1,98.78,0.0,90.0
Karnali_Center,29.267,82.183,2025071403,2025-07-14 03:00:00,2025,7,14,3,13.82,99.16,1.15,1.85,98.54,0.0,90.0
Karnali_Center,29.267,82.183,2025071404,2025-07-14 04:00:00,2025,7,14,4,13.54,98.5,0.99,1.49,99.09,0.0,90.0
Karnali_Center,29.267,82.183,2025071405,2025-07-14 05:00:00,2025,7,14,5,13.99,94.57,0.92,1.07,98.23,68.0,80.3
Karnali_Center,29.267,82.183,2025071406,2025-07-14 06:00:00,2025,7,14,6,14.82,85.13,1.04,0.92,99.53,182.82,68.26
Karnali_Center,29.267,82.183,2025071407,2025-07-14 07:00:00,2025,7,14,7,16.06,77.39,1.76,1.41,99.85,330.42,55.47
Karnali_Center,29.267,82.183,2025071408,2025-07-14 08:00:00,2025,7,14,8,17.88,67.67,2.63,2.01,98.5,524.45,42.51
Karnali_Center,29.267,82.183,2025071409,2025-07-14 09:00:00,2025,7,14,9,19.6,60.5,3.57,2.7,98.21,622.2,29.59
Karnali_Center,29.267,82.183,2025071410,2025-07-14 10:00:00,2025,7,14,10,20.61,57.69,4.36,3.37,54.99,685.97,17.23
Karnali_Center,29.267,82.183,2025071411,2025-07-14 11:00:00,2025,7,14,11,21.16,57.41,4.9,3.9,62.17,635.9,8.89
Karnali_Center,29.267,82.183,2025071412,2025-07-14 12:00:00,2025,7,14,12,21.18,59.11,5.38,4.45,91.1,506.17,15.01
Karnali_Center,29.267,82.183,2025071413,2025-07-14 13:00:00,2025,7,14,13,20.67,62.22,5.61,4.87,91.73,442.5,27.09
Karnali_Center,29.267,82.183,2025071414,2025-07-14 14:00:00,2025,7,14,14,20.11,65.49,5.68,5.1,89.29,324.17,39.97
Karnali_Center,29.267,82.183,2025071415,2025-07-14 15:00:00,2025,7,14,15,18.68,72.68,5.52,5.09,92.63,228.62,52.94
Karnali_Center,29.267,82.183,2025071416,2025-07-14 16:00:00,2025,7,14,16,17.35,81.21,5.14,4.87,94.0,137.52,65.78
Karnali_Center,29.267,82.183,2025071417,2025-07-14 17:00:00,2025,7,14,17,16.35,87.93,4.52,4.27,95.24,59.83,78.34
Karnali_Center,29.267,82.183,2025071418,2025-07-14 18:00:00,2025,7,14,18,15.43,94.77,3.34,3.4,97.61,4.6,88.73
Karnali_Center,29.267,82.183,2025071419,2025-07-14 19:00:00,2025,7,14,19,14.99,95.96,3.03,3.37,99.42,0.0,90.0
Karnali_Center,29.267,82.183,2025071420,2025-07-14 20:00:00,2025,7,14,20,14.01,95.58,2.32,2.77,99.02,0.0,90.0
Karnali_Center,29.267,82.183,2025071421,2025-07-14 21:00:00,2025,7,14,21,13.31,96.51,1.42,1.83,99.03,0.0,90.0
Karnali_Center,29.267,82.183,2025071422,2025-07-14 22:00:00,2025,7,14,22,12.8,97.01,0.89,1.07,98.9,0.0,90.0
Karnali_Center,29.267,82.183,2025071423,2025-07-14 23:00:00,2025,7,14,23,12.44,97.01,0.58,0.76,99.26,0.0,90.0
Karnali_Center,29.267,82.183,2025071500,2025-07-15 00:00:00,2025,7,15,0,12.08,97.17,0.48,0.73,99.88,0.0,90.0
Karnali_Center,29.267,82.183,2025071501,2025-07-15 01:00:00,2025,7,15,1,11.77,97.47,0.65,1.0,99.39,0.0,90.0
Karnali_Center,29.267,82.183,2025071502,2025-07-15 02:00:00,2025,7,15,2,11.63,97.2,0.81,1.23,99.56,0.0,90.0
Karnali_Center,29.267,82.183,2025071503,2025-07-15 03:00:00,2025,7,15,3,11.52,96.9,0.86,1.3,99.63,0.0,90.0
Karnali_Center,29.267,82.183,2025071504,2025-07-15 04:00:00,2025,7,15,4,11.55,96.29,0.95,1.45,99.17,0.0,90.0
Karnali_Center,29.267,82.183,2025071505,2025-07-15 05:00:00,2025,7,15,5,12.2,93.54,1.08,1.38,94.02,72.2,80.42
Karnali_Center,29.267,82.183,2025071506,2025-07-15 06:00:00,2025,7,15,6,13.06,86.54,0.9,0.98,90.02,199.82,68.35
Karnali_Center,29.267,82.183,2025071507,2025-07-15 07:00:00,2025,7,15,7,14.01,80.24,0.45,0.5,86.18,378.25,55.55
Karnali_Center,29.267,82.183,2025071508,2025-07-15 08:00:00,2025,7,15,8,14.93,75.95,0.88,0.65,87.05,583.08,42.59
Karnali_Center,29.267,82.183,2025071509,2025-07-15 09:00:00,2025,7,15,9,15.86,72.3,1.41,1.0,57.77,651.4,29.67
Karnali_Center,29.267,82.183,2025071510,2025-07-15 10:00:00,2025,7,15,10,16.68,68.9,1.95,1.45,70.02,614.7,17.33
Karnali_Center,29.267,82.183,2025071511,2025-07-15 11:00:00,2025,7,15,11,17.31,66.79,2.41,1.84,64.54,567.62,9.03
Karnali_Center,29.267,82.183,2025071512,2025-07-15 12:00:00,2025,7,15,12,17.69,66.28,2.91,2.26,95.07,490.27,15.08
Karnali_Center,29.267,82.183,2025071513,2025-07-15 13:00:00,2025,7,15,13,17.78,67.1,3.32,2.66,94.28,387.8,27.13
Karnali_Center,29.267,82.183,2025071514,2025-07-15 14:00:00,2025,7,15,14,17.42,69.78,3.47,2.85,97.46,271.3,40.0
Karnali_Center,29.267,82.183,2025071515,2025-07-15 15:00:00,2025,7,15,15,16.8,73.17,3.36,2.84,99.15,116.43,52.97
Karnali_Center,29.267,82.183,2025071516,2025-07-15 16:00:00,2025,7,15,16,15.97,77.46,3.0,2.61,98.42,79.88,65.83
Karnali_Center,29.267,82.183,2025071517,2025-07-15 17:00:00,2025,7,15,17,14.97,83.88,2.47,2.21,98.69,36.6,78.39
Karnali_Center,29.267,82.183,2025071518,2025-07-15 18:00:00,2025,7,15,18,13.81,94.5,1.45,1.71,100.0,2.58,88.76
Karnali_Center,29.267,82.183,2025071519,2025-07-15 19:00:00,2025,7,15,19,13.42,97.85,1.3,1.68,99.14,0.0,90.0
Karnali_Center,29.267,82.183,2025071520,2025-07-15 20:00:00,2025,7,15,20,13.28,98.28,1.42,2.03,99.16,0.0,90.0
Karnali_Center,29.267,82.183,2025071521,2025-07-15 21:00:00,2025,7,15,21,12.96,97.73,1.41,2.05,99.05,0.0,90.0
Karnali_Center,29.267,82.183,2025071522,2025-07-15 22:00:00,2025,7,15,22,12.29,96.81,1.39,1.92,99.34,0.0,90.0
Karnali_Center,29.267,82.183,2025071523,2025-07-15 23:00:00,2025,7,15,23,12.1,97.02,1.3,1.82,99.38,0.0,90.0
Karnali_Center,29.267,82.183,2025071600,2025-07-16 00:00:00,2025,7,16,0,11.85,97.02,1.09,1.6,99.86,0.0,90.0
Karnali_Center,29.267,82.183,2025071601,2025-07-16 01:00:00,2025,7,16,1,11.54,96.89,0.98,1.47,99.42,0.0,90.0
Karnali_Center,29.267,82.183,2025071602,2025-07-16 02:00:00,2025,7,16,2,11.19,96.56,1.08,1.55,93.09,0.0,90.0
Karnali_Center,29.267,82.183,2025071603,2025-07-16 03:00:00,2025,7,16,3,11.11,95.88,1.1,1.53,97.26,0.0,90.0
Karnali_Center,29.267,82.183,2025071604,2025-07-16 04:00:00,2025,7,16,4,11.15,94.89,1.05,1.44,99.65,0.0,90.0
Karnali_Center,29.267,82.183,2025071605,2025-07-16 05:00:00,2025,7,16,5,12.07,90.97,1.12,1.46,55.43,43.47,80.54
Karnali_Center,29.267,82.183,2025071606,2025-07-16 06:00:00,2025,7,16,6,13.21,82.9,1.87,1.91,31.47,121.15,68.43
Karnali_Center,29.267,82.183,2025071607,2025-07-16 07:00:00,2025,7,16,7,14.47,76.16,2.51,2.4,8.22,217.52,55.63
Karnali_Center,29.267,82.183,2025071608,2025-07-16 08:00:00,2025,7,16,8,15.77,68.93,2.74,2.48,12.7,275.48,42.67
Karnali_Center,29.267,82.183,2025071609,2025-07-16 09:00:00,2025,7,16,9,17.25,62.6,2.91,2.35,33.98,342.88,29.75
Karnali_Center,29.267,82.183,2025071610,2025-07-16 10:00:00,2025,7,16,10,18.85,57.86,3.3,2.48,56.56,318.98,17.43
Karnali_Center,29.267,82.183,2025071611,2025-07-16 11:00:00,2025,7,16,11,20.1,55.18,3.63,2.73,59.32,364.52,9.18
Karnali_Center,29.267,82.183,2025071612,2025-07-16 12:00:00,2025,7,16,12,20.7,55.03,3.93,3.03,97.4,364.92,15.16
Karnali_Center,29.267,82.183,2025071613,2025-07-16 13:00:00,2025,7,16,13,20.48,57.63,3.95,3.14,96.63,425.52,27.17
Karnali_Center,29.267,82.183,2025071614,2025-07-16 14:00:00,2025,7,16,14,19.73,61.53,3.85,3.16,46.31,280.88,40.04
Karnali_Center,29.267,82.183,2025071615,2025-07-16 15:00:00,2025,7,16,15,18.57,66.4,3.67,3.14,98.99,196.15,53.01
Karnali_Center,29.267,82.183,2025071616,2025-07-16 16:00:00,2025,7,16,16,17.2,72.76,3.3,2.93,98.81,140.57,65.87
Karnali_Center,29.267,82.183,2025071617,2025-07-16 17:00:00,2025,7,16,17,15.76,80.88,2.64,2.43,100.0,43.5,78.45
Karnali_Center,29.267,82.183,2025071618,2025-07-16 18:00:00,2025,7,16,18,14.45,90.13,1.7,1.7,100.0,3.4,88.79
Karnali_Center,29.267,82.183,2025071619,2025-07-16 19:00:00,2025,7,16,19,13.92,94.68,1.31,1.36,99.33,0.0,90.0
Karnali_Center,29.267,82.183,2025071620,2025-07-16 20:00:00,2025,7,16,20,13.77,96.59,1.01,1.32,99.52,0.0,90.0
Karnali_Center,29.267,82.183,2025071621,2025-07-16 21:00:00,2025,7,16,21,13.63,97.93,0.83,1.27,99.65,0.0,90.0
Karnali_Center,29.267,82.183,2025071622,2025-07-16 22:00:00,2025,7,16,22,13.55,98.21,0.79,1.2,99.74,0.0,90.0
Karnali_Center,29.267,82.183,2025071623,2025-07-16 23:00:00,2025,7,16,23,13.36,98.52,0.84,1.17,99.81,0.0,90.0
Karnali_Center,29.267,82.183,2025071700,2025-07-17 00:00:00,2025,7,17,0,13.14,99.08,0.91,1.23,99.18,0.0,90.0
Karnali_Center,29.267,82.183,2025071701,2025-07-17 01:00:00,2025,7,17,1,13.03,99.16,0.93,1.24,99.86,0.0,90.0
Karnali_Center,29.267,82.183,2025071702,2025-07-17 02:00:00,2025,7,17,2,12.92,99.1,0.93,1.23,19.62,0.0,90.0
Karnali_Center,29.267,82.183,2025071703,2025-07-17 03:00:00,2025,7,17,3,12.77,99.24,0.93,1.22,99.95,0.0,90.0
Karnali_Center,29.267,82.183,2025071704,2025-07-17 04:00:00,2025,7,17,4,12.62,99.4,0.95,1.27,100.0,0.0,90.0
Karnali_Center,29.267,82.183,2025071705,2025-07-17 05:00:00,2025,7,17,5,13.47,95.63,1.12,1.24,100.0,50.65,80.67
Karnali_Center,29.267,82.183,2025071706,2025-07-17 06:00:00,2025,7,17,6,14.37,88.8,1.54,1.44,100.0,129.75,68.52
Karnali_Center,29.267,82.183,2025071707,2025-07-17 07:00:00,2025,7,17,7,15.64,80.26,2.02,1.72,99.8,212.95,55.71
Karnali_Center,29.267,82.183,2025071708,2025-07-17 08:00:00,2025,7,17,8,17.29,71.16,2.71,2.16,99.69,366.45,42.75
Karnali_Center,29.267,82.183,2025071709,2025-07-17 09:00:00,2025,7,17,9,19.05,63.54,3.53,2.68,97.71,491.5,29.84
Karnali_Center,29.267,82.183,2025071710,2025-07-17 10:00:00,2025,7,17,10,20.06,60.38,4.24,3.22,98.11,619.17,17.54
Karnali_Center,29.267,82.183,2025071711,2025-07-17 11:00:00,2025,7,17,11,20.57,59.51,4.73,3.68,99.52,521.25,9.34
Karnali_Center,29.267,82.183,2025071712,2025-07-17 12:00:00,2025,7,17,12,20.8,59.85,5.01,4.04,98.79,456.8,15.24
Karnali_Center,29.267,82.183,2025071713,2025-07-17 13:00:00,2025,7,17,13,20.28,62.35,5.07,4.21,22.11,325.8,27.22
Karnali_Center,29.267,82.183,2025071714,2025-07-17 14:00:00,2025,7,17,14,19.8,65.06,5.17,4.44,95.13,261.98,40.08
Karnali_Center,29.267,82.183,2025071715,2025-07-17 15:00:00,2025,7,17,15,19.06,69.04,5.17,4.58,56.12,120.05,53.06
Karnali_Center,29.267,82.183,2025071716,2025-07-17 16:00:00,2025,7,17,16,17.62,77.27,4.78,4.37,61.13,79.75,65.92
Karnali_Center,29.267,82.183,2025071717,2025-07-17 17:00:00,2025,7,17,17,16.25,87.15,3.9,3.56,64.98,30.85,78.51
Karnali_Center,29.267,82.183,2025071718,2025-07-17 18:00:00,2025,7,17,18,15.44,94.49,2.79,2.8,67.74,2.95,88.82
Karnali_Center,29.267,82.183,2025071719,2025-07-17 19:00:00,2025,7,17,19,15.32,96.67,2.49,3.08,98.63,0.0,90.0
Karnali_Center,29.267,82.183,2025071720,2025-07-17 20:00:00,2025,7,17,20,15.17,97.2,2.48,3.09,98.65,0.0,90.0
Karnali_Center,29.267,82.183,2025071721,2025-07-17 21:00:00,2025,7,17,21,14.64,96.87,2.17,2.98,99.23,0.0,90.0
Karnali_Center,29.267,82.183,2025071722,2025-07-17 22:00:00,2025,7,17,22,13.96,96.75,2.06,2.76,99.01,0.0,90.0
Karnali_Center,29.267,82.183,2025071723,2025-07-17 23:00:00,2025,7,17,23,13.35,96.92,1.66,2.37,99.15,0.0,90.0
Karnali_Center,29.267,82.183,2025071800,2025-07-18 00:00:00,2025,7,18,0,13.0,96.2,0.78,1.06,99.93,0.0,90.0
Karnali_Center,29.267,82.183,2025071801,2025-07-18 01:00:00,2025,7,18,1,12.38,96.77,0.56,0.89,93.66,0.0,90.0
Karnali_Center,29.267,82.183,2025071802,2025-07-18 02:00:00,2025,7,18,2,11.72,95.98,1.27,1.82,99.31,0.0,90.0
Karnali_Center,29.267,82.183,2025071803,2025-07-18 03:00:00,2025,7,18,3,11.4,94.3,1.78,2.31,98.07,0.0,90.0
Karnali_Center,29.267,82.183,2025071804,2025-07-18 04:00:00,2025,7,18,4,11.3,92.19,1.83,2.28,95.57,0.0,90.0
Karnali_Center,29.267,82.183,2025071805,2025-07-18 05:00:00,2025,7,18,5,12.4,88.62,1.57,2.15,95.45,59.6,80.79
Karnali_Center,29.267,82.183,2025071806,2025-07-18 06:00:00,2025,7,18,6,14.9,72.84,1.37,1.46,97.12,168.8,68.61
Karnali_Center,29.267,82.183,2025071807,2025-07-18 07:00:00,2025,7,18,7,17.2,63.5,0.28,0.49,63.9,316.98,55.79
Karnali_Center,29.267,82.183,2025071808,2025-07-18 08:00:00,2025,7,18,8,19.45,55.65,0.97,0.37,43.87,534.08,42.83
Karnali_Center,29.267,82.183,2025071809,2025-07-18 09:00:00,2025,7,18,9,21.45,50.19,2.08,1.25,46.23,678.05,29.92
Karnali_Center,29.267,82.183,2025071810,2025-07-18 10:00:00,2025,7,18,10,22.85,47.25,3.04,2.03,58.65,722.05,17.64
Karnali_Center,29.267,82.183,2025071811,2025-07-18 11:00:00,2025,7,18,11,23.59,46.48,3.88,2.75,93.11,689.22,9.5
Karnali_Center,29.267,82.183,2025071812,2025-07-18 12:00:00,2025,7,18,12,23.8,47.1,4.37,3.26,87.7,586.35,15.33
Karnali_Center,29.267,82.183,2025071813,2025-07-18 13:00:00,2025,7,18,13,23.45,49.22,4.56,3.5,95.56,472.7,27.28
Karnali_Center,29.267,82.183,2025071814,2025-07-18 14:00:00,2025,7,18,14,22.57,53.11,4.31,3.38,93.16,359.48,40.13
Karnali_Center,29.267,82.183,2025071815,2025-07-18 15:00:00,2025,7,18,15,21.68,56.8,3.95,3.14,97.23,249.32,53.11
Karnali_Center,29.267,82.183,2025071816,2025-07-18 16:00:00,2025,7,18,16,20.45,62.15,3.44,2.84,86.31,156.23,65.98
Karnali_Center,29.267,82.183,2025071817,2025-07-18 17:00:00,2025,7,18,17,18.67,71.24,2.61,2.35,75.1,70.62,78.58
Karnali_Center,29.267,82.183,2025071818,2025-07-18 18:00:00,2025,7,18,18,16.84,83.78,1.23,1.68,57.67,5.95,88.85
Karnali_Center,29.267,82.183,2025071819,2025-07-18 19:00:00,2025,7,18,19,15.96,89.89,0.69,1.05,44.34,0.0,90.0
Karnali_Center,29.267,82.183,2025071820,2025-07-18 20:00:00,2025,7,18,20,15.46,93.49,0.54,0.72,58.19,0.0,90.0
Karnali_Center,29.267,82.183,2025071821,2025-07-18 21:00:00,2025,7,18,21,15.2,94.68,0.49,0.61,85.43,0.0,90.0
Karnali_Center,29.267,82.183,2025071822,2025-07-18 22:00:00,2025,7,18,22,14.86,95.95,0.71,0.91,91.25,0.0,90.0
Karnali_Center,29.267,82.183,2025071823,2025-07-18 23:00:00,2025,7,18,23,14.52,97.01,0.96,1.26,96.18,0.0,90.0
Karnali_Center,29.267,82.183,2025071900,2025-07-19 00:00:00,2025,7,19,0,14.28,97.16,0.98,1.31,99.86,0.0,90.0
Karnali_Center,29.267,82.183,2025071901,2025-07-19 01:00:00,2025,7,19,1,14.01,97.21,1.0,1.3,96.91,0.0,90.0
Karnali_Center,29.267,82.183,2025071902,2025-07-19 02:00:00,2025,7,19,2,13.76,96.68,0.98,1.23,97.99,0.0,90.0
Karnali_Center,29.267,82.183,2025071903,2025-07-19 03:00:00,2025,7,19,3,13.58,95.75,0.9,1.1,91.11,0.0,90.0
Karnali_Center,29.267,82.183,2025071904,2025-07-19 04:00:00,2025,7,19,4,13.47,94.53,0.73,0.86,89.27,0.0,90.0
Karnali_Center,29.267,82.183,2025071905,2025-07-19 05:00:00,2025,7,19,5,14.61,89.78,0.74,0.8,64.1,89.9,80.92
Karnali_Center,29.267,82.183,2025071906,2025-07-19 06:00:00,2025,7,19,6,17.27,76.96,0.56,0.69,50.23,287.27,68.7
Karnali_Center,29.267,82.183,2025071907,2025-07-19 07:00:00,2025,7,19,7,19.71,65.86,1.82,1.42,33.47,525.08,55.88
Karnali_Center,29.267,82.183,2025071908,2025-07-19 08:00:00,2025,7,19,8,21.56,58.58,2.98,2.2,27.08,730.5,42.91
Karnali_Center,29.267,82.183,2025071909,2025-07-19 09:00:00,2025,7,19,9,22.93,55.08,3.84,2.84,31.55,889.22,30.01
Karnali_Center,29.267,82.183,2025071910,2025-07-19 10:00:00,2025,7,19,10,23.7,54.18,4.41,3.34,3.73,984.78,17.75
Karnali_Center,29.267,82.183,2025071911,2025-07-19 11:00:00,2025,7,19,11,23.9,55.83,4.71,3.65,5.76,974.75,9.67
Karnali_Center,29.267,82.183,2025071912,2025-07-19 12:00:00,2025,7,19,12,23.51,59.19,4.9,3.91,61.4,806.38,15.43
Karnali_Center,29.267,82.183,2025071913,2025-07-19 13:00:00,2025,7,19,13,22.77,62.69,4.91,4.01,75.24,672.15,27.34
Karnali_Center,29.267,82.183,2025071914,2025-07-19 14:00:00,2025,7,19,14,22.04,64.7,4.75,3.95,81.65,416.62,40.18
Karnali_Center,29.267,82.183,2025071915,2025-07-19 15:00:00,2025,7,19,15,21.0,68.25,4.31,3.63,92.7,271.08,53.16
Karnali_Center,29.267,82.183,2025071916,2025-07-19 16:00:00,2025,7,19,16,19.96,72.76,3.64,3.14,93.93,159.75,66.04
Karnali_Center,29.267,82.183,2025071917,2025-07-19 17:00:00,2025,7,19,17,18.66,80.33,2.84,2.57,95.25,56.6,78.65
Karnali_Center,29.267,82.183,2025071918,2025-07-19 18:00:00,2025,7,19,18,17.33,89.64,1.86,1.88,95.15,4.38,88.89
Karnali_Center,29.267,82.183,2025071919,2025-07-19 19:00:00,2025,7,19,19,16.82,93.7,1.11,1.47,97.61,0.0,90.0
Karnali_Center,29.267,82.183,2025071920,2025-07-19 20:00:00,2025,7,19,20,16.5,95.67,0.81,1.44,98.63,0.0,90.0
Karnali_Center,29.267,82.183,2025071921,2025-07-19 21:00:00,2025,7,19,21,16.22,96.63,0.87,1.43,98.46,0.0,90.0
Karnali_Center,29.267,82.183,2025071922,2025-07-19 22:00:00,2025,7,19,22,16.03,96.92,0.72,1.04,99.07,0.0,90.0
Karnali_Center,29.267,82.183,2025071923,2025-07-19 23:00:00,2025,7,19,23,15.9,96.71,0.39,0.56,99.02,0.0,90.0
Karnali_Center,29.267,82.183,2025072000,2025-07-20 00:00:00,2025,7,20,0,15.51,97.57,0.56,0.76,99.05,0.0,90.0
Karnali_Center,29.267,82.183,2025072001,2025-07-20 01:00:00,2025,7,20,1,15.18,98.15,0.82,1.13,99.09,0.0,90.0
Karnali_Center,29.267,82.183,2025072002,2025-07-20 02:00:00,2025,7,20,2,15.09,97.37,0.8,1.11,99.36,0.0,90.0
Karnali_Center,29.267,82.183,2025072003,2025-07-20 03:00:00,2025,7,20,3,14.99,96.26,0.7,0.96,98.54,0.0,90.0
Karnali_Center,29.267,82.183,2025072004,2025-07-20 04:00:00,2025,7,20,4,14.72,95.61,0.7,0.9,98.69,0.0,90.0
Karnali_Center,29.267,82.183,2025072005,2025-07-20 05:00:00,2025,7,20,5,15.84,91.24,0.67,0.78,98.38,56.72,81.04
Karnali_Center,29.267,82.183,2025072006,2025-07-20 06:00:00,2025,7,20,6,18.27,80.34,0.73,0.55,98.43,163.38,68.79
Karnali_Center,29.267,82.183,2025072007,2025-07-20 07:00:00,2025,7,20,7,20.47,70.47,2.73,2.04,98.35,302.35,55.96
Karnali_Center,29.267,82.183,2025072008,2025-07-20 08:00:00,2025,7,20,8,21.73,65.2,4.4,3.42,98.36,444.52,42.99
Karnali_Center,29.267,82.183,2025072009,2025-07-20 09:00:00,2025,7,20,9,22.56,62.59,5.49,4.38,98.95,562.85,30.09
Karnali_Center,29.267,82.183,2025072010,2025-07-20 10:00:00,2025,7,20,10,23.02,61.6,6.04,4.95,98.51,558.1,17.87
Karnali_Center,29.267,82.183,2025072011,2025-07-20 11:00:00,2025,7,20,11,22.73,63.43,6.22,5.2,96.43,593.58,9.84
Karnali_Center,29.267,82.183,2025072012,2025-07-20 12:00:00,2025,7,20,12,22.12,66.38,6.31,5.46,15.45,514.28,15.53
Karnali_Center,29.267,82.183,2025072013,2025-07-20 13:00:00,2025,7,20,13,20.87,71.63,6.13,5.48,97.53,305.6,27.4
Karnali_Center,29.267,82.183,2025072014,2025-07-20 14:00:00,2025,7,20,14,19.36,77.98,5.69,5.2,98.67,112.07,40.23
Karnali_Center,29.267,82.183,2025072015,2025-07-20 15:00:00,2025,7,20,15,18.21,82.59,5.25,4.87,97.95,31.95,53.22
Karnali_Center,29.267,82.183,2025072016,2025-07-20 16:00:00,2025,7,20,16,17.41,85.48,4.63,4.42,98.78,19.85,66.1
Karnali_Center,29.267,82.183,2025072017,2025-07-20 17:00:00,2025,7,20,17,16.52,89.47,3.91,3.7,99.43,9.0,78.72
Karnali_Center,29.267,82.183,2025072018,2025-07-20 18:00:00,2025,7,20,18,15.58,94.26,3.12,3.54,99.08,0.98,88.92
Karnali_Center,29.267,82.183,2025072019,2025-07-20 19:00:00,2025,7,20,19,15.05,95.84,2.43,3.34,98.84,0.0,90.0
Karnali_Center,29.267,82.183,2025072020,2025-07-20 20:00:00,2025,7,20,20,14.48,96.59,2.08,2.89,98.61,0.0,90.0
Karnali_Center,29.267,82.183,2025072021,2025-07-20 21:00:00,2025,7,20,21,13.94,96.11,1.71,2.12,98.3,0.0,90.0
Karnali_Center,29.267,82.183,2025072022,2025-07-20 22:00:00,2025,7,20,22,13.79,95.12,1.19,1.35,99.11,0.0,90.0
Karnali_Center,29.267,82.183,2025072023,2025-07-20 23:00:00,2025,7,20,23,13.61,94.55,0.76,0.86,99.2,0.0,90.0
Karnali_Center,29.267,82.183,2025072100,2025-07-21 00:00:00,2025,7,21,0,13.36,94.8,0.62,0.84,99.86,0.0,90.0
Karnali_Center,29.267,82.183,2025072101,2025-07-21 01:00:00,2025,7,21,1,13.21,93.03,0.64,0.81,99.04,0.0,90.0
Karnali_Center,29.267,82.183,2025072102,2025-07-21 02:00:00,2025,7,21,2,13.08,90.3,0.37,0.5,99.03,0.0,90.0
Karnali_Center,29.267,82.183,2025072103,2025-07-21 03:00:00,2025,7,21,3,12.85,90.31,0.32,0.53,99.58,0.0,90.0
Karnali_Center,29.267,82.183,2025072104,2025-07-21 04:00:00,2025,7,21,4,12.69,90.23,0.37,0.54,99.82,0.0,90.0
Karnali_Center,29.267,82.183,2025072105,2025-07-21 05:00:00,2025,7,21,5,13.45,88.86,0.53,0.65,100.0,41.72,81.16
Karnali_Center,29.267,82.183,2025072106,2025-07-21 06:00:00,2025,7,21,6,15.14,81.95,1.27,1.06,100.0,91.03,68.88
Karnali_Center,29.267,82.183,2025072107,2025-07-21 07:00:00,2025,7,21,7,16.72,75.38,1.85,1.35,99.71,129.5,56.04
Karnali_Center,29.267,82.183,2025072108,2025-07-21 08:00:00,2025,7,21,8,18.54,68.34,2.4,1.69,98.64,284.12,43.07
Karnali_Center,29.267,82.183,2025072109,2025-07-21 09:00:00,2025,7,21,9,19.92,63.48,3.35,2.46,98.17,400.12,30.18
Karnali_Center,29.267,82.183,2025072110,2025-07-21 10:00:00,2025,7,21,10,20.68,61.56,4.17,3.18,93.89,475.38,17.98
Karnali_Center,29.267,82.183,2025072111,2025-07-21 11:00:00,2025,7,21,11,21.04,61.21,4.73,3.71,12.87,505.65,10.01
Karnali_Center,29.267,82.183,2025072112,2025-07-21 12:00:00,2025,7,21,12,21.31,60.97,5.12,4.11,96.99,428.3,15.64
Karnali_Center,29.267,82.183,2025072113,2025-07-21 13:00:00,2025,7,21,13,21.11,61.73,5.29,4.34,95.43,469.48,27.47
Karnali_Center,29.267,82.183,2025072114,2025-07-21 14:00:00,2025,7,21,14,20.27,64.57,5.22,4.38,98.17,279.55,40.29
Karnali_Center,29.267,82.183,2025072115,2025-07-21 15:00:00,2025,7,21,15,18.94,69.82,4.76,4.09,98.29,158.68,53.28
Karnali_Center,29.267,82.183,2025072116,2025-07-21 16:00:00,2025,7,21,16,17.54,76.48,3.89,3.42,96.66,116.07,66.17
Karnali_Center,29.267,82.183,2025072117,2025-07-21 17:00:00,2025,7,21,17,16.2,84.28,2.87,2.58,97.95,44.33,78.8
Karnali_Center,29.267,82.183,2025072118,2025-07-21 18:00:00,2025,7,21,18,15.23,90.76,1.74,1.61,100.0,2.83,88.96
Karnali_Center,29.267,82.183,2025072119,2025-07-21 19:00:00,2025,7,21,19,14.88,93.4,1.0,0.97,98.19,0.0,90.0
Karnali_Center,29.267,82.183,2025072120,2025-07-21 20:00:00,2025,7,21,20,14.59,95.62,0.72,1.0,98.93,0.0,90.0
Karnali_Center,29.267,82.183,2025072121,2025-07-21 21:00:00,2025,7,21,21,14.25,97.11,0.85,1.22,98.94,0.0,90.0
Karnali_Center,29.267,82.183,2025072122,2025-07-21 22:00:00,2025,7,21,22,13.95,97.71,0.86,1.22,98.77,0.0,90.0
Karnali_Center,29.267,82.183,2025072123,2025-07-21 23:00:00,2025,7,21,23,13.72,97.86,0.84,1.17,98.8,0.0,90.0
Karnali_Center,29.267,82.183,2025072200,2025-07-22 00:00:00,2025,7,22,0,13.5,98.14,0.83,1.1,99.86,0.0,90.0
Karnali_Center,29.267,82.183,2025072201,2025-07-22 01:00:00,2025,7,22,1,13.43,98.11,0.82,1.11,98.7,0.0,90.0
Karnali_Center,29.267,82.183,2025072202,2025-07-22 02:00:00,2025,7,22,2,13.29,98.46,0.96,1.3,99.85,0.0,90.0
Karnali_Center,29.267,82.183,2025072203,2025-07-22 03:00:00,2025,7,22,3,13.11,99.02,1.06,1.43,99.09,0.0,90.0
Karnali_Center,29.267,82.183,2025072204,2025-07-22 04:00:00,2025,7,22,4,13.0,99.38,1.05,1.43,99.92,0.0,90.0
Karnali_Center,29.267,82.183,2025072205,2025-07-22 05:00:00,2025,7,22,5,14.02,95.65,1.3,1.47,97.9,63.6,81.29
Karnali_Center,29.267,82.183,2025072206,2025-07-22 06:00:00,2025,7,22,6,15.71,88.01,1.87,1.8,98.46,171.68,68.97
Karnali_Center,29.267,82.183,2025072207,2025-07-22 07:00:00,2025,7,22,7,17.57,77.47,2.36,1.99,98.2,311.92,56.13
Karnali_Center,29.267,82.183,2025072208,2025-07-22 08:00:00,2025,7,22,8,19.32,68.46,2.87,2.24,48.37,513.08,43.15
Karnali_Center,29.267,82.183,2025072209,2025-07-22 09:00:00,2025,7,22,9,20.72,62.76,3.61,2.76,42.4,645.33,30.27
Karnali_Center,29.267,82.183,2025072210,2025-07-22 10:00:00,2025,7,22,10,21.8,59.61,4.39,3.41,53.77,619.83,18.1
Karnali_Center,29.267,82.183,2025072211,2025-07-22 11:00:00,2025,7,22,11,22.63,57.9,5.14,4.15,88.18,635.08,10.2
Karnali_Center,29.267,82.183,2025072212,2025-07-22 12:00:00,2025,7,22,12,22.81,57.79,5.8,4.9,59.84,568.17,15.76
Karnali_Center,29.267,82.183,2025072213,2025-07-22 13:00:00,2025,7,22,13,22.09,60.82,6.2,5.42,88.75,480.88,27.55
Karnali_Center,29.267,82.183,2025072214,2025-07-22 14:00:00,2025,7,22,14,20.89,65.89,6.2,5.6,92.1,351.5,40.36
Karnali_Center,29.267,82.183,2025072215,2025-07-22 15:00:00,2025,7,22,15,19.32,72.91,5.76,5.28,94.1,267.9,53.35
Karnali_Center,29.267,82.183,2025072216,2025-07-22 16:00:00,2025,7,22,16,18.11,78.71,4.97,4.63,95.7,157.9,66.24
Karnali_Center,29.267,82.183,2025072217,2025-07-22 17:00:00,2025,7,22,17,16.9,85.16,3.89,3.57,96.99,52.83,78.88
Karnali_Center,29.267,82.183,2025072218,2025-07-22 18:00:00,2025,7,22,18,15.75,92.54,2.88,2.66,98.67,3.25,89.0
Karnali_Center,29.267,82.183,2025072219,2025-07-22 19:00:00,2025,7,22,19,15.43,95.13,2.34,2.28,99.21,0.0,90.0
Karnali_Center,29.267,82.183,2025072220,2025-07-22 20:00:00,2025,7,22,20,15.33,95.85,2.03,2.28,98.04,0.0,90.0
Karnali_Center,29.267,82.183,2025072221,2025-07-22 21:00:00,2025,7,22,21,15.0,97.44,1.5,2.28,98.61,0.0,90.0
Karnali_Center,29.267,82.183,2025072222,2025-07-22 22:00:00,2025,7,22,22,14.46,99.98,1.44,2.24,99.29,0.0,90.0
Karnali_Center,29.267,82.183,2025072223,2025-07-22 23:00:00,2025,7,22,23,14.31,100.0,1.41,2.25,98.51,0.0,90.0
Karnali_Center,29.267,82.183,2025072300,2025-07-23 00:00:00,2025,7,23,0,14.37,98.78,1.38,2.22,99.12,0.0,90.0
Karnali_Center,29.267,82.183,2025072301,2025-07-23 01:00:00,2025,7,23,1,14.11,99.1,1.54,2.35,100.0,0.0,90.0
Karnali_Center,29.267,82.183,2025072302,2025-07-23 02:00:00,2025,7,23,2,13.95,98.43,1.54,2.31,82.63,0.0,90.0
Karnali_Center,29.267,82.183,2025072303,2025-07-23 03:00:00,2025,7,23,3,13.68,97.71,1.43,2.04,99.63,0.0,90.0
Karnali_Center,29.267,82.183,2025072304,2025-07-23 04:00:00,2025,7,23,4,13.5,96.48,1.25,1.69,99.86,0.0,90.0
Karnali_Center,29.267,82.183,2025072305,2025-07-23 05:00:00,2025,7,23,5,14.11,91.99,1.19,1.54,98.55,52.97,81.41
Karnali_Center,29.267,82.183,2025072306,2025-07-23 06:00:00,2025,7,23,6,15.26,81.39,1.71,1.8,97.6,152.93,69.07
Karnali_Center,29.267,82.183,2025072307,2025-07-23 07:00:00,2025,7,23,7,17.05,67.71,2.32,2.21,82.72,258.92,56.21
Karnali_Center,29.267,82.183,2025072308,2025-07-23 08:00:00,2025,7,23,8,18.79,59.96,2.92,2.42,79.89,371.5,43.24
Karnali_Center,29.267,82.183,2025072309,2025-07-23 09:00:00,2025,7,23,9,20.09,56.21,3.59,2.81,72.76,512.8,30.36
Karnali_Center,29.267,82.183,2025072310,2025-07-23 10:00:00,2025,7,23,10,20.85,54.99,4.11,3.21,59.99,642.92,18.22
Karnali_Center,29.267,82.183,2025072311,2025-07-23 11:00:00,2025,7,23,11,21.53,54.52,4.34,3.42,47.87,665.83,10.39
Karnali_Center,29.267,82.183,2025072312,2025-07-23 12:00:00,2025,7,23,12,22.12,54.16,4.51,3.6,49.62,573.6,15.88
Karnali_Center,29.267,82.183,2025072313,2025-07-23 13:00:00,2025,7,23,13,22.14,55.33,4.59,3.71,85.55,509.5,27.63
Karnali_Center,29.267,82.183,2025072314,2025-07-23 14:00:00,2025,7,23,14,21.65,58.08,4.3,3.5,66.65,307.7,40.43
Karnali_Center,29.267,82.183,2025072315,2025-07-23 15:00:00,2025,7,23,15,20.82,61.46,3.82,3.13,76.5,199.25,53.42
Karnali_Center,29.267,82.183,2025072316,2025-07-23 16:00:00,2025,7,23,16,19.7,65.47,3.27,2.73,95.29,154.55,66.32
Karnali_Center,29.267,82.183,2025072317,2025-07-23 17:00:00,2025,7,23,17,18.29,71.79,2.49,2.19,95.3,61.75,78.97
Karnali_Center,29.267,82.183,2025072318,2025-07-23 18:00:00,2025,7,23,18,16.61,84.48,1.16,1.42,93.27,3.95,89.04
Karnali_Center,29.267,82.183,2025072319,2025-07-23 19:00:00,2025,7,23,19,15.92,89.06,0.48,0.56,91.58,0.0,90.0
Karnali_Center,29.267,82.183,2025072320,2025-07-23 20:00:00,2025,7,23,20,15.45,92.86,0.16,0.22,97.17,0.0,90.0
Karnali_Center,29.267,82.183,2025072321,2025-07-23 21:00:00,2025,7,23,21,15.01,93.76,0.58,0.74,99.71,0.0,90.0
Karnali_Center,29.267,82.183,2025072322,2025-07-23 22:00:00,2025,7,23,22,14.73,94.86,0.77,0.99,99.77,0.0,90.0
Karnali_Center,29.267,82.183,2025072323,2025-07-23 23:00:00,2025,7,23,23,14.44,95.38,0.91,1.16,99.22,0.0,90.0
Karnali_Center,29.267,82.183,2025072400,2025-07-24 00:00:00,2025,7,24,0,14.2,95.55,1.01,1.28,99.25,0.0,90.0
Karnali_Center,29.267,82.183,2025072401,2025-07-24 01:00:00,2025,7,24,1,14.03,95.05,1.04,1.31,87.35,0.0,90.0
Karnali_Center,29.267,82.183,2025072402,2025-07-24 02:00:00,2025,7,24,2,13.95,94.01,1.0,1.25,69.32,0.0,90.0
Karnali_Center,29.267,82.183,2025072403,2025-07-24 03:00:00,2025,7,24,3,13.89,92.72,0.94,1.18,86.11,0.0,90.0
Karnali_Center,29.267,82.183,2025072404,2025-07-24 04:00:00,2025,7,24,4,13.79,92.16,1.07,1.36,89.97,0.0,90.0
Karnali_Center,29.267,82.183,2025072405,2025-07-24 05:00:00,2025,7,24,5,14.63,89.45,1.23,1.57,86.26,62.22,81.54
Karnali_Center,29.267,82.183,2025072406,2025-07-24 06:00:00,2025,7,24,6,16.51,78.39,0.97,1.19,84.73,198.68,69.16
Karnali_Center,29.267,82.183,2025072407,2025-07-24 07:00:00,2025,7,24,7,18.71,67.46,0.52,0.42,82.46,397.65,56.3
Karnali_Center,29.267,82.183,2025072408,2025-07-24 08:00:00,2025,7,24,8,20.77,59.45,2.52,1.86,59.22,522.72,43.32
Karnali_Center,29.267,82.183,2025072409,2025-07-24 09:00:00,2025,7,24,9,21.8,58.01,3.84,2.94,78.38,585.38,30.45
Karnali_Center,29.267,82.183,2025072410,2025-07-24 10:00:00,2025,7,24,10,22.23,59.13,4.48,3.5,97.88,574.58,18.35
Karnali_Center,29.267,82.183,2025072411,2025-07-24 11:00:00,2025,7,24,11,22.16,61.34,4.87,3.94,72.34,613.22,10.58
Karnali_Center,29.267,82.183,2025072412,2025-07-24 12:00:00,2025,7,24,12,21.9,63.15,5.07,4.24,77.89,569.4,16.01
Karnali_Center,29.267,82.183,2025072413,2025-07-24 13:00:00,2025,7,24,13,21.25,66.0,5.08,4.34,68.58,463.08,27.72
Karnali_Center,29.267,82.183,2025072414,2025-07-24 14:00:00,2025,7,24,14,20.14,70.47,4.67,4.07,69.72,371.7,40.51
Karnali_Center,29.267,82.183,2025072415,2025-07-24 15:00:00,2025,7,24,15,19.14,74.87,4.19,3.72,91.17,273.42,53.49
Karnali_Center,29.267,82.183,2025072416,2025-07-24 16:00:00,2025,7,24,16,18.15,79.88,3.71,3.34,92.39,157.6,66.4
Karnali_Center,29.267,82.183,2025072417,2025-07-24 17:00:00,2025,7,24,17,16.92,88.19,2.81,2.57,93.57,58.8,79.07
Karnali_Center,29.267,82.183,2025072418,2025-07-24 18:00:00,2025,7,24,18,16.04,95.74,1.6,1.83,95.14,3.4,89.08
Karnali_Center,29.267,82.183,2025072419,2025-07-24 19:00:00,2025,7,24,19,15.82,98.16,1.23,1.83,96.39,0.0,90.0
Karnali_Center,29.267,82.183,2025072420,2025-07-24 20:00:00,2025,7,24,20,15.68,98.71,1.2,1.88,98.9,0.0,90.0
Karnali_Center,29.267,82.183,2025072421,2025-07-24 21:00:00,2025,7,24,21,15.43,99.61,1.22,1.8,99.58,0.0,90.0
Karnali_Center,29.267,82.183,2025072422,2025-07-24 22:00:00,2025,7,24,22,15.22,100.0,1.34,1.93,99.5,0.0,90.0
Karnali_Center,29.267,82.183,2025072423,2025-07-24 23:00:00,2025,7,24,23,15.08,100.0,1.45,2.14,99.79,0.0,90.0
Karnali_Center,29.267,82.183,2025072500,2025-07-25 00:00:00,2025,7,25,0,14.84,100.0,1.56,2.24,94.89,0.0,90.0
Karnali_Center,29.267,82.183,2025072501,2025-07-25 01:00:00,2025,7,25,1,14.55,100.0,1.61,2.28,70.02,0.0,90.0
Karnali_Center,29.267,82.183,2025072502,2025-07-25 02:00:00,2025,7,25,2,14.18,100.0,1.66,2.3,99.88,0.0,90.0
Karnali_Center,29.267,82.183,2025072503,2025-07-25 03:00:00,2025,7,25,3,13.93,100.0,1.58,2.19,99.26,0.0,90.0
Karnali_Center,29.267,82.183,2025072504,2025-07-25 04:00:00,2025,7,25,4,13.86,98.99,1.19,1.53,99.89,0.0,90.0
Karnali_Center,29.267,82.183,2025072505,2025-07-25 05:00:00,2025,7,25,5,14.85,95.17,0.63,0.7,93.78,42.58,81.66
Karnali_Center,29.267,82.183,2025072506,2025-07-25 06:00:00,2025,7,25,6,16.39,84.22,0.11,0.16,91.65,148.32,69.25
Karnali_Center,29.267,82.183,2025072507,2025-07-25 07:00:00,2025,7,25,7,18.6,70.76,1.42,1.07,90.43,284.6,56.38
Karnali_Center,29.267,82.183,2025072508,2025-07-25 08:00:00,2025,7,25,8,20.26,62.98,3.1,2.47,96.4,504.08,43.4
Karnali_Center,29.267,82.183,2025072509,2025-07-25 09:00:00,2025,7,25,9,21.16,60.81,4.02,3.24,97.06,492.52,30.55
Karnali_Center,29.267,82.183,2025072510,2025-07-25 10:00:00,2025,7,25,10,21.63,60.5,4.62,3.76,99.13,461.8,18.47
Karnali_Center,29.267,82.183,2025072511,2025-07-25 11:00:00,2025,7,25,11,21.76,60.69,5.11,4.29,99.12,463.15,10.78
Karnali_Center,29.267,82.183,2025072512,2025-07-25 12:00:00,2025,7,25,12,21.71,61.15,5.53,4.79,1.98,504.38,16.15
Karnali_Center,29.267,82.183,2025072513,2025-07-25 13:00:00,2025,7,25,13,21.27,63.0,5.7,5.04,93.1,445.27,27.81
Karnali_Center,29.267,82.183,2025072514,2025-07-25 14:00:00,2025,7,25,14,20.49,66.45,5.8,5.25,96.63,381.35,40.59
Karnali_Center,29.267,82.183,2025072515,2025-07-25 15:00:00,2025,7,25,15,19.43,71.57,5.66,5.25,97.4,264.15,53.58
Karnali_Center,29.267,82.183,2025072516,2025-07-25 16:00:00,2025,7,25,16,18.19,77.75,5.24,4.93,97.04,143.98,66.49
Karnali_Center,29.267,82.183,2025072517,2025-07-25 17:00:00,2025,7,25,17,16.71,87.74,4.16,3.85,97.33,51.25,79.16
Karnali_Center,29.267,82.183,2025072518,2025-07-25 18:00:00,2025,7,25,18,15.88,95.08,3.08,3.25,98.1,2.65,89.12
Karnali_Center,29.267,82.183,2025072519,2025-07-25 19:00:00,2025,7,25,19,15.74,96.91,2.78,3.42,98.6,0.0,90.0
Karnali_Center,29.267,82.183,2025072520,2025-07-25 20:00:00,2025,7,25,20,15.51,97.22,2.76,3.45,98.84,0.0,90.0
Karnali_Center,29.267,82.183,2025072521,2025-07-25 21:00:00,2025,7,25,21,15.18,96.65,2.61,3.15,99.21,0.0,90.0
Karnali_Center,29.267,82.183,2025072522,2025-07-25 22:00:00,2025,7,25,22,14.73,97.4,1.66,2.32,99.59,0.0,90.0
Karnali_Center,29.267,82.183,2025072523,2025-07-25 23:00:00,2025,7,25,23,14.29,97.06,1.02,1.37,99.5,0.0,90.0
Karnali_Center,29.267,82.183,2025072600,2025-07-26 00:00:00,2025,7,26,0,14.02,94.83,0.6,0.79,100.0,0.0,90.0
Karnali_Center,29.267,82.183,2025072601,2025-07-26 01:00:00,2025,7,26,1,13.49,95.44,1.06,1.45,99.88,0.0,90.0
Karnali_Center,29.267,82.183,2025072602,2025-07-26 02:00:00,2025,7,26,2,13.4,93.94,1.3,1.7,99.35,0.0,90.0
Karnali_Center,29.267,82.183,2025072603,2025-07-26 03:00:00,2025,7,26,3,13.53,91.08,1.35,1.71,96.81,0.0,90.0
Karnali_Center,29.267,82.183,2025072604,2025-07-26 04:00:00,2025,7,26,4,13.65,87.71,1.36,1.67,97.42,0.0,90.0
Karnali_Center,29.267,82.183,2025072605,2025-07-26 05:00:00,2025,7,26,5,15.04,86.09,1.24,1.47,82.55,72.9,81.79
Karnali_Center,29.267,82.183,2025072606,2025-07-26 06:00:00,2025,7,26,6,17.64,69.48,0.51,0.55,70.88,236.3,69.35
Karnali_Center,29.267,82.183,2025072607,2025-07-26 07:00:00,2025,7,26,7,19.43,61.86,1.13,0.75,57.79,439.95,56.47
Karnali_Center,29.267,82.183,2025072608,2025-07-26 08:00:00,2025,7,26,8,21.04,57.37,2.83,2.12,68.57,653.6,43.49
Karnali_Center,29.267,82.183,2025072609,2025-07-26 09:00:00,2025,7,26,9,22.1,55.94,4.22,3.23,81.9,760.5,30.64
Karnali_Center,29.267,82.183,2025072610,2025-07-26 10:00:00,2025,7,26,10,22.34,57.47,4.96,3.89,43.91,827.15,18.6
Karnali_Center,29.267,82.183,2025072611,2025-07-26 11:00:00,2025,7,26,11,22.34,59.62,5.07,4.02,37.27,837.9,10.98
Karnali_Center,29.267,82.183,2025072612,2025-07-26 12:00:00,2025,7,26,12,22.67,60.19,4.93,3.92,75.05,766.67,16.29
Karnali_Center,29.267,82.183,2025072613,2025-07-26 13:00:00,2025,7,26,13,22.67,61.09,5.0,4.07,49.6,622.25,27.91
Karnali_Center,29.267,82.183,2025072614,2025-07-26 14:00:00,2025,7,26,14,22.2,63.2,5.04,4.25,85.72,448.83,40.67
Karnali_Center,29.267,82.183,2025072615,2025-07-26 15:00:00,2025,7,26,15,21.21,67.31,4.76,4.12,92.8,312.33,53.66
Karnali_Center,29.267,82.183,2025072616,2025-07-26 16:00:00,2025,7,26,16,19.97,73.65,4.05,3.61,94.27,179.82,66.58
Karnali_Center,29.267,82.183,2025072617,2025-07-26 17:00:00,2025,7,26,17,18.47,83.29,3.02,2.73,96.17,65.22,79.27
Karnali_Center,29.267,82.183,2025072618,2025-07-26 18:00:00,2025,7,26,18,17.27,92.64,1.93,2.13,97.52,3.58,89.16
Karnali_Center,29.267,82.183,2025072619,2025-07-26 19:00:00,2025,7,26,19,16.97,96.09,1.79,2.29,99.55,0.0,90.0
Karnali_Center,29.267,82.183,2025072620,2025-07-26 20:00:00,2025,7,26,20,17.0,97.0,2.26,2.71,99.15,0.0,90.0
Karnali_Center,29.267,82.183,2025072621,2025-07-26 21:00:00,2025,7,26,21,17.01,97.16,2.41,2.86,99.07,0.0,90.0
Karnali_Center,29.267,82.183,2025072622,2025-07-26 22:00:00,2025,7,26,22,16.8,97.2,2.27,2.83,98.18,0.0,90.0
Karnali_Center,29.267,82.183,2025072623,2025-07-26 23:00:00,2025,7,26,23,16.0,98.7,1.9,2.82,99.28,0.0,90.0
Karnali_Center,29.267,82.183,2025072700,2025-07-27 00:00:00,2025,7,27,0,15.21,98.76,1.8,2.48,100.0,0.0,90.0
Karnali_Center,29.267,82.183,2025072701,2025-07-27 01:00:00,2025,7,27,1,14.36,97.94,1.72,2.43,99.09,0.0,90.0
Karnali_Center,29.267,82.183,2025072702,2025-07-27 02:00:00,2025,7,27,2,13.58,95.77,1.4,2.03,98.61,0.0,90.0
Karnali_Center,29.267,82.183,2025072703,2025-07-27 03:00:00,2025,7,27,3,12.81,95.06,1.19,1.73,99.46,0.0,90.0
Karnali_Center,29.267,82.183,2025072704,2025-07-27 04:00:00,2025,7,27,4,12.29,94.27,1.39,2.18,99.56,0.0,90.0
Karnali_Center,29.267,82.183,2025072705,2025-07-27 05:00:00,2025,7,27,5,12.5,90.56,1.64,2.33,100.0,43.2,81.91
Karnali_Center,29.267,82.183,2025072706,2025-07-27 06:00:00,2025,7,27,6,13.14,83.67,2.25,2.25,100.0,129.65,69.44
Karnali_Center,29.267,82.183,2025072707,2025-07-27 07:00:00,2025,7,27,7,14.62,76.18,2.34,2.36,99.49,231.0,56.56
Karnali_Center,29.267,82.183,2025072708,2025-07-27 08:00:00,2025,7,27,8,16.87,67.25,2.1,2.09,95.64,534.7,43.57
Karnali_Center,29.267,82.183,2025072709,2025-07-27 09:00:00,2025,7,27,9,18.67,61.18,2.61,2.2,96.86,679.88,30.74
Karnali_Center,29.267,82.183,2025072710,2025-07-27 10:00:00,2025,7,27,10,19.86,57.96,3.16,2.42,94.03,784.75,18.73
Karnali_Center,29.267,82.183,2025072711,2025-07-27 11:00:00,2025,7,27,11,21.38,55.36,3.6,2.66,80.26,851.83,11.19
Karnali_Center,29.267,82.183,2025072712,2025-07-27 12:00:00,2025,7,27,12,22.45,53.99,4.08,3.06,79.53,754.55,16.44
Karnali_Center,29.267,82.183,2025072713,2025-07-27 13:00:00,2025,7,27,13,22.85,54.45,4.43,3.4,31.32,543.72,28.01
Karnali_Center,29.267,82.183,2025072714,2025-07-27 14:00:00,2025,7,27,14,22.42,57.33,4.39,3.44,93.73,360.25,40.77
Karnali_Center,29.267,82.183,2025072715,2025-07-27 15:00:00,2025,7,27,15,21.37,62.15,4.0,3.22,96.76,214.95,53.75
Karnali_Center,29.267,82.183,2025072716,2025-07-27 16:00:00,2025,7,27,16,19.91,69.1,3.33,2.77,97.36,110.62,66.68
Karnali_Center,29.267,82.183,2025072717,2025-07-27 17:00:00,2025,7,27,17,18.19,78.77,2.4,2.1,97.01,36.75,79.37
Karnali_Center,29.267,82.183,2025072718,2025-07-27 18:00:00,2025,7,27,18,16.4,92.07,0.98,1.26,99.85,1.23,89.21
Karnali_Center,29.267,82.183,2025072719,2025-07-27 19:00:00,2025,7,27,19,15.59,97.26,0.71,0.95,99.06,0.0,90.0
Karnali_Center,29.267,82.183,2025072720,2025-07-27 20:00:00,2025,7,27,20,15.2,98.46,1.03,1.34,99.13,0.0,90.0
Karnali_Center,29.267,82.183,2025072721,2025-07-27 21:00:00,2025,7,27,21,15.06,98.43,0.95,1.2,99.32,0.0,90.0
Karnali_Center,29.267,82.183,2025072722,2025-07-27 22:00:00,2025,7,27,22,14.95,98.2,0.73,0.92,99.32,0.0,90.0
Karnali_Center,29.267,82.183,2025072723,2025-07-27 23:00:00,2025,7,27,23,14.66,98.81,0.81,1.08,99.13,0.0,90.0
Karnali_Center,29.267,82.183,2025072800,2025-07-28 00:00:00,2025,7,28,0,14.38,99.05,0.87,1.17,98.96,0.0,90.0
Karnali_Center,29.267,82.183,2025072801,2025-07-28 01:00:00,2025,7,28,1,14.21,98.43,0.68,0.87,100.0,0.0,90.0
Karnali_Center,29.267,82.183,2025072802,2025-07-28 02:00:00,2025,7,28,2,14.19,97.02,0.32,0.36,58.57,0.0,90.0
Karnali_Center,29.267,82.183,2025072803,2025-07-28 03:00:00,2025,7,28,3,14.05,96.17,0.57,0.7,99.72,0.0,90.0
Karnali_Center,29.267,82.183,2025072804,2025-07-28 04:00:00,2025,7,28,4,13.85,96.09,0.61,0.75,99.39,0.0,90.0
Karnali_Center,29.267,82.183,2025072805,2025-07-28 05:00:00,2025,7,28,5,14.74,93.65,0.2,0.25,72.76,36.47,82.03
Karnali_Center,29.267,82.183,2025072806,2025-07-28 06:00:00,2025,7,28,6,16.24,87.11,1.58,1.49,68.15,103.72,69.53
Karnali_Center,29.267,82.183,2025072807,2025-07-28 07:00:00,2025,7,28,7,18.11,78.53,3.01,2.52,64.75,179.55,56.65
Karnali_Center,29.267,82.183,2025072808,2025-07-28 08:00:00,2025,7,28,8,19.66,70.9,4.51,3.67,58.13,293.75,43.66
Karnali_Center,29.267,82.183,2025072809,2025-07-28 09:00:00,2025,7,28,9,20.2,69.25,5.61,4.72,52.25,371.9,30.83
Karnali_Center,29.267,82.183,2025072810,2025-07-28 10:00:00,2025,7,28,10,19.85,71.89,6.09,5.33,97.75,411.25,18.87
Karnali_Center,29.267,82.183,2025072811,2025-07-28 11:00:00,2025,7,28,11,19.53,73.7,6.03,5.39,54.77,270.55,11.41
Karnali_Center,29.267,82.183,2025072812,2025-07-28 12:00:00,2025,7,28,12,19.13,75.16,5.83,5.25,97.2,306.58,16.6
Karnali_Center,29.267,82.183,2025072813,2025-07-28 13:00:00,2025,7,28,13,18.6,76.66,5.68,5.11,88.74,173.57,28.12
Karnali_Center,29.267,82.183,2025072814,2025-07-28 14:00:00,2025,7,28,14,17.81,79.12,5.05,4.55,96.41,62.55,40.86
Karnali_Center,29.267,82.183,2025072815,2025-07-28 15:00:00,2025,7,28,15,16.85,82.75,3.99,3.57,96.79,41.12,53.85
Karnali_Center,29.267,82.183,2025072816,2025-07-28 16:00:00,2025,7,28,16,16.05,86.31,3.21,2.9,97.07,26.88,66.78
Karnali_Center,29.267,82.183,2025072817,2025-07-28 17:00:00,2025,7,28,17,15.23,90.37,2.56,2.39,97.61,11.1,79.49
Karnali_Center,29.267,82.183,2025072818,2025-07-28 18:00:00,2025,7,28,18,14.48,95.39,1.5,1.77,98.99,0.73,89.25
Karnali_Center,29.267,82.183,2025072819,2025-07-28 19:00:00,2025,7,28,19,14.21,97.15,1.05,1.42,99.05,0.0,90.0
Karnali_Center,29.267,82.183,2025072820,2025-07-28 20:00:00,2025,7,28,20,14.04,97.15,1.0,1.34,98.89,0.0,90.0
Karnali_Center,29.267,82.183,2025072821,2025-07-28 21:00:00,2025,7,28,21,13.84,96.92,1.02,1.52,98.68,0.0,90.0
Karnali_Center,29.267,82.183,2025072822,2025-07-28 22:00:00,2025,7,28,22,13.11,96.15,1.23,1.82,98.58,0.0,90.0
Karnali_Center,29.267,82.183,2025072823,2025-07-28 23:00:00,2025,7,28,23,12.51,95.21,1.27,1.83,98.77,0.0,90.0
Karnali_Center,29.267,82.183,2025072900,2025-07-29 00:00:00,2025,7,29,0,11.96,94.85,1.25,1.9,98.93,0.0,90.0
Karnali_Center,29.267,82.183,2025072901,2025-07-29 01:00:00,2025,7,29,1,11.49,94.17,1.36,2.12,99.98,0.0,90.0
Karnali_Center,29.267,82.183,2025072902,2025-07-29 02:00:00,2025,7,29,2,10.99,92.98,1.58,2.36,84.6,0.0,90.0
Karnali_Center,29.267,82.183,2025072903,2025-07-29 03:00:00,2025,7,29,3,10.61,91.72,1.79,2.6,99.33,0.0,90.0
Karnali_Center,29.267,82.183,2025072904,2025-07-29 04:00:00,2025,7,29,4,10.41,91.9,1.83,2.65,99.33,0.0,90.0
Karnali_Center,29.267,82.183,2025072905,2025-07-29 05:00:00,2025,7,29,5,10.85,90.61,1.92,2.65,94.21,24.08,82.16
Karnali_Center,29.267,82.183,2025072906,2025-07-29 06:00:00,2025,7,29,6,11.8,84.39,2.51,2.5,89.03,86.65,69.63
Karnali_Center,29.267,82.183,2025072907,2025-07-29 07:00:00,2025,7,29,7,12.97,80.75,2.26,2.2,83.85,130.35,56.73
Karnali_Center,29.267,82.183,2025072908,2025-07-29 08:00:00,2025,7,29,8,14.94,74.82,1.11,1.28,66.42,279.2,43.75
Karnali_Center,29.267,82.183,2025072909,2025-07-29 09:00:00,2025,7,29,9,17.74,67.13,1.36,1.0,97.66,406.65,30.93
Karnali_Center,29.267,82.183,2025072910,2025-07-29 10:00:00,2025,7,29,10,18.66,66.3,2.82,2.16,97.34,463.42,19.01
Karnali_Center,29.267,82.183,2025072911,2025-07-29 11:00:00,2025,7,29,11,18.94,67.82,3.31,2.61,95.11,449.58,11.62
Karnali_Center,29.267,82.183,2025072912,2025-07-29 12:00:00,2025,7,29,12,19.61,67.64,3.66,2.96,8.83,420.1,16.77
Karnali_Center,29.267,82.183,2025072913,2025-07-29 13:00:00,2025,7,29,13,19.83,67.65,4.08,3.41,26.4,386.17,28.24
Karnali_Center,29.267,82.183,2025072914,2025-07-29 14:00:00,2025,7,29,14,19.33,70.15,4.25,3.65,66.01,163.77,40.96
Karnali_Center,29.267,82.183,2025072915,2025-07-29 15:00:00,2025,7,29,15,18.36,75.21,4.17,3.67,80.22,94.32,53.95
Karnali_Center,29.267,82.183,2025072916,2025-07-29 16:00:00,2025,7,29,16,17.08,82.35,3.63,3.28,85.05,53.03,66.89
Karnali_Center,29.267,82.183,2025072917,2025-07-29 17:00:00,2025,7,29,17,15.89,89.95,2.72,2.51,88.95,22.5,79.6
Karnali_Center,29.267,82.183,2025072918,2025-07-29 18:00:00,2025,7,29,18,15.17,95.54,1.76,1.94,94.33,1.2,89.29
Karnali_Center,29.267,82.183,2025072919,2025-07-29 19:00:00,2025,7,29,19,15.04,97.36,1.15,1.74,98.93,0.0,90.0
Karnali_Center,29.267,82.183,2025072920,2025-07-29 20:00:00,2025,7,29,20,14.86,98.03,1.0,1.67,98.69,0.0,90.0
Karnali_Center,29.267,82.183,2025072921,2025-07-29 21:00:00,2025,7,29,21,14.45,98.74,1.17,1.69,98.92,0.0,90.0
Karnali_Center,29.267,82.183,2025072922,2025-07-29 22:00:00,2025,7,29,22,13.97,99.77,1.31,1.84,99.01,0.0,90.0
Karnali_Center,29.267,82.183,2025072923,2025-07-29 23:00:00,2025,7,29,23,13.71,99.13,1.22,1.7,98.5,0.0,90.0
Karnali_Center,29.267,82.183,2025073000,2025-07-30 00:00:00,2025,7,30,0,13.62,97.87,1.02,1.39,99.2,0.0,90.0
Karnali_Center,29.267,82.183,2025073001,2025-07-30 01:00:00,2025,7,30,1,13.52,97.08,0.87,1.15,99.87,0.0,90.0
Karnali_Center,29.267,82.183,2025073002,2025-07-30 02:00:00,2025,7,30,2,13.47,96.2,0.74,0.95,84.68,0.0,90.0
Karnali_Center,29.267,82.183,2025073003,2025-07-30 03:00:00,2025,7,30,3,13.45,95.15,0.54,0.67,99.6,0.0,90.0
Karnali_Center,29.267,82.183,2025073004,2025-07-30 04:00:00,2025,7,30,4,13.39,94.5,0.46,0.55,99.65,0.0,90.0
Karnali_Center,29.267,82.183,2025073005,2025-07-30 05:00:00,2025,7,30,5,13.89,94.0,0.57,0.71,46.06,33.0,82.28
Karnali_Center,29.267,82.183,2025073006,2025-07-30 06:00:00,2025,7,30,6,15.6,84.08,0.17,0.15,33.19,99.32,69.73
Karnali_Center,29.267,82.183,2025073007,2025-07-30 07:00:00,2025,7,30,7,17.61,73.73,1.6,1.28,20.76,174.05,56.82
Karnali_Center,29.267,82.183,2025073008,2025-07-30 08:00:00,2025,7,30,8,19.04,68.34,2.76,2.15,27.92,296.6,43.84
Karnali_Center,29.267,82.183,2025073009,2025-07-30 09:00:00,2025,7,30,9,20.01,65.69,3.57,2.81,44.58,348.3,31.03
Karnali_Center,29.267,82.183,2025073010,2025-07-30 10:00:00,2025,7,30,10,20.58,64.19,4.39,3.6,68.13,332.52,19.15
Karnali_Center,29.267,82.183,2025073011,2025-07-30 11:00:00,2025,7,30,11,20.58,64.58,5.02,4.29,79.49,338.38,11.85
Karnali_Center,29.267,82.183,2025073012,2025-07-30 12:00:00,2025,7,30,12,20.23,67.15,5.47,4.84,90.91,323.12,16.94
Karnali_Center,29.267,82.183,2025073013,2025-07-30 13:00:00,2025,7,30,13,19.81,70.01,5.7,5.19,81.64,381.75,28.36
Karnali_Center,29.267,82.183,2025073014,2025-07-30 14:00:00,2025,7,30,14,18.96,74.42,5.53,5.09,86.16,270.0,41.07
Karnali_Center,29.267,82.183,2025073015,2025-07-30 15:00:00,2025,7,30,15,18.13,78.56,5.17,4.85,85.07,162.8,54.05
Karnali_Center,29.267,82.183,2025073016,2025-07-30 16:00:00,2025,7,30,16,16.97,84.5,4.39,4.1,79.68,98.68,67.0
Karnali_Center,29.267,82.183,2025073017,2025-07-30 17:00:00,2025,7,30,17,15.82,90.72,3.44,3.19,74.48,34.75,79.73
Karnali_Center,29.267,82.183,2025073018,2025-07-30 18:00:00,2025,7,30,18,14.97,95.93,2.11,2.4,68.02,2.6,89.34
Karnali_Center,29.267,82.183,2025073019,2025-07-30 19:00:00,2025,7,30,19,14.48,97.66,1.54,2.14,99.76,0.0,90.0
Karnali_Center,29.267,82.183,2025073020,2025-07-30 20:00:00,2025,7,30,20,14.01,98.35,1.4,1.95,80.03,0.0,90.0
Karnali_Center,29.267,82.183,2025073021,2025-07-30 21:00:00,2025,7,30,21,13.66,98.6,1.33,1.82,77.64,0.0,90.0
Karnali_Center,29.267,82.183,2025073022,2025-07-30 22:00:00,2025,7,30,22,13.31,98.65,1.16,1.62,99.57,0.0,90.0
Karnali_Center,29.267,82.183,2025073023,2025-07-30 23:00:00,2025,7,30,23,13.08,98.31,0.94,1.31,99.71,0.0,90.0
Karnali_Center,29.267,82.183,2025073100,2025-07-31 00:00:00,2025,7,31,0,12.95,97.64,0.88,1.26,99.95,0.0,90.0
Karnali_Center,29.267,82.183,2025073101,2025-07-31 01:00:00,2025,7,31,1,12.8,96.93,0.94,1.34,99.84,0.0,90.0
Karnali_Center,29.267,82.183,2025073102,2025-07-31 02:00:00,2025,7,31,2,12.72,96.02,0.97,1.4,20.2,0.0,90.0
Karnali_Center,29.267,82.183,2025073103,2025-07-31 03:00:00,2025,7,31,3,12.61,95.15,1.02,1.43,99.78,0.0,90.0
Karnali_Center,29.267,82.183,2025073104,2025-07-31 04:00:00,2025,7,31,4,12.45,93.97,1.14,1.54,99.74,0.0,90.0
Karnali_Center,29.267,82.183,2025073105,2025-07-31 05:00:00,2025,7,31,5,13.03,92.92,1.07,1.59,98.8,46.25,82.4
Karnali_Center,29.267,82.183,2025073106,2025-07-31 06:00:00,2025,7,31,6,14.29,84.94,1.08,1.1,99.25,134.65,69.82
Karnali_Center,29.267,82.183,2025073107,2025-07-31 07:00:00,2025,7,31,7,16.02,74.91,0.47,0.49,98.81,232.93,56.91
Karnali_Center,29.267,82.183,2025073108,2025-07-31 08:00:00,2025,7,31,8,17.74,67.57,1.31,0.94,98.99,422.3,43.93
Karnali_Center,29.267,82.183,2025073109,2025-07-31 09:00:00,2025,7,31,9,19.66,61.55,2.34,1.7,96.55,566.58,31.13
Karnali_Center,29.267,82.183,2025073110,2025-07-31 10:00:00,2025,7,31,10,20.77,59.44,3.38,2.61,98.46,637.4,19.3
Karnali_Center,29.267,82.183,2025073111,2025-07-31 11:00:00,2025,7,31,11,21.01,60.77,4.11,3.29,98.28,528.5,12.08
Karnali_Center,29.267,82.183,2025073112,2025-07-31 12:00:00,2025,7,31,12,20.72,63.26,4.62,3.88,20.4,525.97,17.11
Karnali_Center,29.267,82.183,2025073113,2025-07-31 13:00:00,2025,7,31,13,20.43,65.4,5.04,4.4,98.57,445.05,28.49
Karnali_Center,29.267,82.183,2025073114,2025-07-31 14:00:00,2025,7,31,14,19.7,68.69,5.17,4.63,98.07,294.85,41.18
Karnali_Center,29.267,82.183,2025073115,2025-07-31 15:00:00,2025,7,31,15,18.57,75.24,4.92,4.48,99.46,148.85,54.16
Karnali_Center,29.267,82.183,2025073116,2025-07-31 16:00:00,2025,7,31,16,17.42,82.84,4.4,4.06,100.0,81.25,67.11
Karnali_Center,29.267,82.183,2025073117,2025-07-31 17:00:00,2025,7,31,17,16.42,90.37,3.61,3.32,100.0,23.5,79.85
Karnali_Center,29.267,82.183,2025073118,2025-07-31 18:00:00,2025,7,31,18,15.78,95.77,2.55,2.52,100.0,1.25,89.38
Karnali_Center,29.267,82.183,2025073119,2025-07-31 19:00:00,2025,7,31,19,15.61,96.93,2.58,3.01,99.05,0.0,90.0
Karnali_Center,29.267,82.183,2025073120,2025-07-31 20:00:00,2025,7,31,20,15.33,97.5,2.41,2.99,99.13,0.0,90.0
Karnali_Center,29.267,82.183,2025073121,2025-07-31 21:00:00,2025,7,31,21,15.0,97.97,2.05,2.75,99.19,0.0,90.0
Karnali_Center,29.267,82.183,2025073122,2025-07-31 22:00:00,2025,7,31,22,14.6,98.42,1.55,2.39,99.4,0.0,90.0
Karnali_Center,29.267,82.183,2025073123,2025-07-31 23:00:00,2025,7,31,23,14.19,98.86,1.23,1.93,99.49,0.0,90.0
Karnali_Center,29.267,82.183,2025080100,2025-08-01 00:00:00,2025,8,1,0,13.9,98.82,1.0,1.53,99.76,0.0,90.0
Karnali_Center,29.267,82.183,2025080101,2025-08-01 01:00:00,2025,8,1,1,13.68,98.51,0.86,1.34,99.55,0.0,90.0
Karnali_Center,29.267,82.183,2025080102,2025-08-01 02:00:00,2025,8,1,2,13.55,97.71,0.92,1.55,8.5,0.0,90.0
Karnali_Center,29.267,82.183,2025080103,2025-08-01 03:00:00,2025,8,1,3,13.41,96.46,1.01,1.6,99.61,0.0,90.0
Karnali_Center,29.267,82.183,2025080104,2025-08-01 04:00:00,2025,8,1,4,13.14,94.91,1.09,1.58,99.19,0.28,89.94
Karnali_Center,29.267,82.183,2025080105,2025-08-01 05:00:00,2025,8,1,5,13.83,91.88,1.11,1.53,76.34,56.6,82.58
Karnali_Center,29.267,82.183,2025080106,2025-08-01 06:00:00,2025,8,1,6,15.03,82.88,1.48,1.55,77.65,190.02,69.92
Karnali_Center,29.267,82.183,2025080107,2025-08-01 07:00:00,2025,8,1,7,15.98,79.52,1.97,1.7,77.54,372.1,57.0
Karnali_Center,29.267,82.183,2025080108,2025-08-01 08:00:00,2025,8,1,8,17.11,75.6,2.55,1.99,84.69,500.5,44.02
Karnali_Center,29.267,82.183,2025080109,2025-08-01 09:00:00,2025,8,1,9,18.36,71.49,3.16,2.41,89.08,634.25,31.24
Karnali_Center,29.267,82.183,2025080110,2025-08-01 10:00:00,2025,8,1,10,19.26,69.06,3.76,2.9,43.97,678.55,19.44
Karnali_Center,29.267,82.183,2025080111,2025-08-01 11:00:00,2025,8,1,11,20.14,67.31,4.31,3.38,86.58,691.78,12.31
Karnali_Center,29.267,82.183,2025080112,2025-08-01 12:00:00,2025,8,1,12,20.69,66.13,4.68,3.76,51.03,602.47,17.3
Karnali_Center,29.267,82.183,2025080113,2025-08-01 13:00:00,2025,8,1,13,20.63,66.62,4.89,4.07,53.26,514.12,28.62
Karnali_Center,29.267,82.183,2025080114,2025-08-01 14:00:00,2025,8,1,14,20.18,68.85,4.95,4.21,56.08,348.85,41.3
Karnali_Center,29.267,82.183,2025080115,2025-08-01 15:00:00,2025,8,1,15,19.23,73.23,4.67,4.05,55.65,240.9,54.28
Karnali_Center,29.267,82.183,2025080116,2025-08-01 16:00:00,2025,8,1,16,18.26,78.43,4.15,3.66,91.76,151.57,67.23
Karnali_Center,29.267,82.183,2025080117,2025-08-01 17:00:00,2025,8,1,17,16.84,87.13,3.17,2.87,93.6,55.35,79.98
Karnali_Center,29.267,82.183,2025080118,2025-08-01 18:00:00,2025,8,1,18,15.58,96.39,1.73,2.16,97.31,1.9,89.43
Karnali_Center,29.267,82.183,2025080119,2025-08-01 19:00:00,2025,8,1,19,15.25,98.48,1.56,2.27,99.04,0.0,90.0
Karnali_Center,29.267,82.183,2025080120,2025-08-01 20:00:00,2025,8,1,20,15.12,99.12,1.65,2.5,99.39,0.0,90.0
Karnali_Center,29.267,82.183,2025080121,2025-08-01 21:00:00,2025,8,1,21,15.07,99.45,1.65,2.61,99.45,0.0,90.0
Karnali_Center,29.267,82.183,2025080122,2025-08-01 22:00:00,2025,8,1,22,15.01,99.9,1.68,2.73,99.41,0.0,90.0
Karnali_Center,29.267,82.183,2025080123,2025-08-01 23:00:00,2025,8,1,23,14.89,100.0,1.95,3.16,99.66,0.0,90.0
Karnali_Center,29.267,82.183,2025080200,2025-08-02 00:00:00,2025,8,2,0,14.78,100.0,1.97,3.19,98.54,0.0,90.0
Karnali_Center,29.267,82.183,2025080201,2025-08-02 01:00:00,2025,8,2,1,14.78,100.0,1.92,3.08,99.12,0.0,90.0
Karnali_Center,29.267,82.183,2025080202,2025-08-02 02:00:00,2025,8,2,2,14.74,100.0,1.88,3.0,99.57,0.0,90.0
Karnali_Center,29.267,82.183,2025080203,2025-08-02 03:00:00,2025,8,2,3,14.63,100.0,1.89,2.94,99.19,0.0,90.0
Karnali_Center,29.267,82.183,2025080204,2025-08-02 04:00:00,2025,8,2,4,14.4,100.0,1.84,2.7,99.15,0.0,90.0
Karnali_Center,29.267,82.183,2025080205,2025-08-02 05:00:00,2025,8,2,5,15.25,99.2,1.61,2.5,97.29,59.92,82.64
Karnali_Center,29.267,82.183,2025080206,2025-08-02 06:00:00,2025,8,2,6,16.7,92.81,2.63,2.76,97.4,218.35,70.01
Karnali_Center,29.267,82.183,2025080207,2025-08-02 07:00:00,2025,8,2,7,17.75,84.71,3.09,2.99,96.13,404.98,57.09
Karnali_Center,29.267,82.183,2025080208,2025-08-02 08:00:00,2025,8,2,8,18.81,77.64,3.58,3.25,97.46,547.72,44.11
Karnali_Center,29.267,82.183,2025080209,2025-08-02 09:00:00,2025,8,2,9,19.52,74.42,4.2,3.69,52.95,624.92,31.34
Karnali_Center,29.267,82.183,2025080210,2025-08-02 10:00:00,2025,8,2,10,19.49,75.57,4.68,4.17,93.13,646.95,19.6
Karnali_Center,29.267,82.183,2025080211,2025-08-02 11:00:00,2025,8,2,11,19.6,75.64,5.25,4.83,61.15,667.7,12.55
Karnali_Center,29.267,82.183,2025080212,2025-08-02 12:00:00,2025,8,2,12,19.69,74.27,5.91,5.52,90.92,556.03,17.49
Karnali_Center,29.267,82.183,2025080213,2025-08-02 13:00:00,2025,8,2,13,18.95,77.02,5.85,5.5,84.12,468.2,28.76
Karnali_Center,29.267,82.183,2025080214,2025-08-02 14:00:00,2025,8,2,14,18.23,79.98,5.31,5.02,88.04,321.77,41.42
Karnali_Center,29.267,82.183,2025080215,2025-08-02 15:00:00,2025,8,2,15,17.81,81.92,4.57,4.2,97.56,160.25,54.4
Karnali_Center,29.267,82.183,2025080216,2025-08-02 16:00:00,2025,8,2,16,16.92,87.49,3.66,3.33,99.61,86.8,67.36
Karnali_Center,29.267,82.183,2025080217,2025-08-02 17:00:00,2025,8,2,17,16.1,94.26,2.58,2.52,99.59,12.93,79.58
Karnali_Center,29.267,82.183,2025080218,2025-08-02 18:00:00,2025,8,2,18,15.65,97.95,1.67,2.47,99.15,0.0,90.0
Karnali_Center,29.267,82.183,2025080219,2025-08-02 19:00:00,2025,8,2,19,15.49,98.93,1.61,2.6,99.38,0.0,90.0
Karnali_Center,29.267,82.183,2025080220,2025-08-02 20:00:00,2025,8,2,20,15.35,99.46,1.64,2.69,99.26,0.0,90.0
Karnali_Center,29.267,82.183,2025080221,2025-08-02 21:00:00,2025,8,2,21,15.11,99.96,1.61,2.59,99.13,0.0,90.0
Karnali_Center,29.267,82.183,2025080222,2025-08-02 22:00:00,2025,8,2,22,14.91,100.0,1.64,2.64,98.95,0.0,90.0
Karnali_Center,29.267,82.183,2025080223,2025-08-02 23:00:00,2025,8,2,23,14.8,99.72,1.73,2.77,98.68,0.0,90.0
Karnali_Center,29.267,82.183,2025080300,2025-08-03 00:00:00,2025,8,3,0,14.63,99.65,1.88,3.04,99.07,0.0,90.0
Karnali_Center,29.267,82.183,2025080301,2025-08-03 01:00:00,2025,8,3,1,14.51,99.53,1.82,2.88,99.77,0.0,90.0
Karnali_Center,29.267,82.183,2025080302,2025-08-03 02:00:00,2025,8,3,2,14.39,99.39,1.73,2.79,99.6,0.0,90.0
Karnali_Center,29.267,82.183,2025080303,2025-08-03 03:00:00,2025,8,3,3,14.23,99.52,1.57,2.55,99.34,0.0,90.0
Karnali_Center,29.267,82.183,2025080304,2025-08-03 04:00:00,2025,8,3,4,14.01,99.84,1.53,2.43,99.52,0.0,90.0
Karnali_Center,29.267,82.183,2025080305,2025-08-03 05:00:00,2025,8,3,5,14.41,98.57,1.37,2.25,99.58,49.62,82.76
Karnali_Center,29.267,82.183,2025080306,2025-08-03 06:00:00,2025,8,3,6,15.28,94.86,2.15,2.24,99.23,166.0,70.11
Karnali_Center,29.267,82.183,2025080307,2025-08-03 07:00:00,2025,8,3,7,16.23,90.17,2.85,2.75,98.89,285.62,57.18
Karnali_Center,29.267,82.183,2025080308,2025-08-03 08:00:00,2025,8,3,8,17.71,81.68,3.54,3.23,99.65,453.62,44.2
Karnali_Center,29.267,82.183,2025080309,2025-08-03 09:00:00,2025,8,3,9,19.07,74.17,4.2,3.65,98.9,473.58,31.45
Karnali_Center,29.267,82.183,2025080310,2025-08-03 10:00:00,2025,8,3,10,19.32,73.16,4.83,4.2,99.56,520.33,19.75
Karnali_Center,29.267,82.183,2025080311,2025-08-03 11:00:00,2025,8,3,11,19.27,74.33,5.3,4.69,94.09,572.62,12.8
Karnali_Center,29.267,82.183,2025080312,2025-08-03 12:00:00,2025,8,3,12,19.14,75.16,5.56,5.02,9.04,482.45,17.69
Karnali_Center,29.267,82.183,2025080313,2025-08-03 13:00:00,2025,8,3,13,19.38,73.71,5.73,5.21,94.79,477.17,28.91
Karnali_Center,29.267,82.183,2025080314,2025-08-03 14:00:00,2025,8,3,14,18.45,77.62,5.42,4.95,98.01,318.08,41.55
Karnali_Center,29.267,82.183,2025080315,2025-08-03 15:00:00,2025,8,3,15,17.55,81.6,4.84,4.43,92.56,226.0,54.52
Karnali_Center,29.267,82.183,2025080316,2025-08-03 16:00:00,2025,8,3,16,16.65,85.46,4.18,3.83,98.91,121.68,67.49
Karnali_Center,29.267,82.183,2025080317,2025-08-03 17:00:00,2025,8,3,17,15.61,90.55,3.14,2.88,99.79,29.45,79.76
Karnali_Center,29.267,82.183,2025080318,2025-08-03 18:00:00,2025,8,3,18,14.71,96.4,1.6,1.8,99.11,0.0,90.0
Karnali_Center,29.267,82.183,2025080319,2025-08-03 19:00:00,2025,8,3,19,14.24,97.83,1.17,1.43,99.03,0.0,90.0
Karnali_Center,29.267,82.183,2025080320,2025-08-03 20:00:00,2025,8,3,20,14.0,96.92,0.69,0.87,99.35,0.0,90.0
Karnali_Center,29.267,82.183,2025080321,2025-08-03 21:00:00,2025,8,3,21,13.71,96.61,0.53,0.73,99.42,0.0,90.0
Karnali_Center,29.267,82.183,2025080322,2025-08-03 22:00:00,2025,8,3,22,13.37,97.2,0.67,0.89,99.36,0.0,90.0
Karnali_Center,29.267,82.183,2025080323,2025-08-03 23:00:00,2025,8,3,23,12.99,97.71,0.8,1.01,99.38,0.0,90.0
Karnali_Center,29.267,82.183,2025080400,2025-08-04 00:00:00,2025,8,4,0,12.94,96.99,0.95,1.22,99.53,0.0,90.0
Karnali_Center,29.267,82.183,2025080401,2025-08-04 01:00:00,2025,8,4,1,13.16,94.73,0.98,1.25,100.0,0.0,90.0
Karnali_Center,29.267,82.183,2025080402,2025-08-04 02:00:00,2025,8,4,2,13.25,93.39,1.08,1.38,99.4,0.0,90.0
Karnali_Center,29.267,82.183,2025080403,2025-08-04 03:00:00,2025,8,4,3,13.26,92.35,1.12,1.43,99.69,0.0,90.0
Karnali_Center,29.267,82.183,2025080404,2025-08-04 04:00:00,2025,8,4,4,13.21,91.47,1.11,1.4,99.79,0.0,90.0
Karnali_Center,29.267,82.183,2025080405,2025-08-04 05:00:00,2025,8,4,5,13.7,92.47,0.99,1.35,99.8,46.83,82.88
Karnali_Center,29.267,82.183,2025080406,2025-08-04 06:00:00,2025,8,4,6,15.16,85.04,1.13,1.45,99.17,136.43,70.21
Karnali_Center,29.267,82.183,2025080407,2025-08-04 07:00:00,2025,8,4,7,16.46,77.57,1.7,1.71,86.48,252.25,57.27
Karnali_Center,29.267,82.183,2025080408,2025-08-04 08:00:00,2025,8,4,8,17.68,73.22,2.51,2.19,82.78,398.55,44.29
Karnali_Center,29.267,82.183,2025080409,2025-08-04 09:00:00,2025,8,4,9,18.69,69.82,3.22,2.68,82.89,539.08,31.56
Karnali_Center,29.267,82.183,2025080410,2025-08-04 10:00:00,2025,8,4,10,19.61,67.5,3.82,3.14,60.5,580.22,19.91
Karnali_Center,29.267,82.183,2025080411,2025-08-04 11:00:00,2025,8,4,11,19.94,67.12,4.33,3.62,61.93,597.47,13.05
Karnali_Center,29.267,82.183,2025080412,2025-08-04 12:00:00,2025,8,4,12,19.88,68.35,4.5,3.84,91.3,535.0,17.89
Karnali_Center,29.267,82.183,2025080413,2025-08-04 13:00:00,2025,8,4,13,19.66,70.33,4.38,3.8,94.02,426.4,29.06
Karnali_Center,29.267,82.183,2025080414,2025-08-04 14:00:00,2025,8,4,14,18.89,74.02,3.95,3.48,94.67,287.23,41.68
Karnali_Center,29.267,82.183,2025080415,2025-08-04 15:00:00,2025,8,4,15,17.81,80.66,3.19,2.87,97.63,130.48,54.65
Karnali_Center,29.267,82.183,2025080416,2025-08-04 16:00:00,2025,8,4,16,16.93,87.27,2.36,2.18,100.0,74.32,67.62
Karnali_Center,29.267,82.183,2025080417,2025-08-04 17:00:00,2025,8,4,17,16.28,92.97,1.58,1.49,100.0,16.4,79.95
Karnali_Center,29.267,82.183,2025080418,2025-08-04 18:00:00,2025,8,4,18,15.78,97.96,1.12,1.77,99.51,0.0,90.0
Karnali_Center,29.267,82.183,2025080419,2025-08-04 19:00:00,2025,8,4,19,15.5,98.8,1.48,2.45,99.21,0.0,90.0
Karnali_Center,29.267,82.183,2025080420,2025-08-04 20:00:00,2025,8,4,20,15.05,99.89,1.71,2.8,99.23,0.0,90.0
Karnali_Center,29.267,82.183,2025080421,2025-08-04 21:00:00,2025,8,4,21,14.45,100.0,1.78,2.89,99.33,0.0,90.0
Karnali_Center,29.267,82.183,2025080422,2025-08-04 22:00:00,2025,8,4,22,14.25,100.0,1.64,2.6,99.38,0.0,90.0
Karnali_Center,29.267,82.183,2025080423,2025-08-04 23:00:00,2025,8,4,23,14.16,100.0,1.56,2.38,99.38,0.0,90.0
Karnali_Center,29.267,82.183,2025080500,2025-08-05 00:00:00,2025,8,5,0,14.05,100.0,1.55,2.25,99.39,0.0,90.0
Karnali_Center,29.267,82.183,2025080501,2025-08-05 01:00:00,2025,8,5,1,14.08,100.0,1.53,2.18,100.0,0.0,90.0
Karnali_Center,29.267,82.183,2025080502,2025-08-05 02:00:00,2025,8,5,2,14.19,100.0,1.69,2.51,74.19,0.0,90.0
Karnali_Center,29.267,82.183,2025080503,2025-08-05 03:00:00,2025,8,5,3,14.32,100.0,1.84,2.94,99.17,0.0,90.0
Karnali_Center,29.267,82.183,2025080504,2025-08-05 04:00:00,2025,8,5,4,14.11,100.0,2.0,3.33,99.16,0.0,90.0
Karnali_Center,29.267,82.183,2025080505,2025-08-05 05:00:00,2025,8,5,5,14.18,99.29,1.93,3.15,99.44,35.12,82.99
Karnali_Center,29.267,82.183,2025080506,2025-08-05 06:00:00,2025,8,5,6,15.01,95.38,2.83,3.01,99.02,125.65,70.3
Karnali_Center,29.267,82.183,2025080507,2025-08-05 07:00:00,2025,8,5,7,15.1,90.68,3.08,2.93,98.19,250.57,57.36
Karnali_Center,29.267,82.183,2025080508,2025-08-05 08:00:00,2025,8,5,8,15.35,86.41,2.89,2.62,98.77,376.08,44.38
Karnali_Center,29.267,82.183,2025080509,2025-08-05 09:00:00,2025,8,5,9,15.83,82.55,2.77,2.37,97.54,464.17,31.67
Karnali_Center,29.267,82.183,2025080510,2025-08-05 10:00:00,2025,8,5,10,16.3,79.36,2.9,2.42,97.89,473.08,20.07
Karnali_Center,29.267,82.183,2025080511,2025-08-05 11:00:00,2025,8,5,11,16.62,77.61,3.08,2.59,23.8,442.1,13.3
Karnali_Center,29.267,82.183,2025080512,2025-08-05 12:00:00,2025,8,5,12,16.99,75.78,3.13,2.67,45.31,349.38,18.11
Karnali_Center,29.267,82.183,2025080513,2025-08-05 13:00:00,2025,8,5,13,16.98,75.51,3.01,2.59,49.8,256.92,29.22
Karnali_Center,29.267,82.183,2025080514,2025-08-05 14:00:00,2025,8,5,14,16.76,76.48,2.62,2.25,49.94,158.27,41.82
Karnali_Center,29.267,82.183,2025080515,2025-08-05 15:00:00,2025,8,5,15,16.41,78.3,2.04,1.79,41.5,93.28,54.78
Karnali_Center,29.267,82.183,2025080516,2025-08-05 16:00:00,2025,8,5,16,16.09,79.91,1.49,1.34,100.0,106.05,67.76
Karnali_Center,29.267,82.183,2025080517,2025-08-05 17:00:00,2025,8,5,17,15.23,84.59,0.99,0.97,100.0,37.08,80.14
Karnali_Center,29.267,82.183,2025080518,2025-08-05 18:00:00,2025,8,5,18,13.71,94.37,0.57,0.75,99.74,0.0,90.0
Karnali_Center,29.267,82.183,2025080519,2025-08-05 19:00:00,2025,8,5,19,13.12,96.13,0.67,0.9,98.96,0.0,90.0
Karnali_Center,29.267,82.183,2025080520,2025-08-05 20:00:00,2025,8,5,20,12.85,97.04,0.69,0.89,87.9,0.0,90.0
Karnali_Center,29.267,82.183,2025080521,2025-08-05 21:00:00,2025,8,5,21,12.66,97.64,0.54,0.63,80.44,0.0,90.0
Karnali_Center,29.267,82.183,2025080522,2025-08-05 22:00:00,2025,8,5,22,12.55,97.87,0.44,0.47,99.24,0.0,90.0
Karnali_Center,29.267,82.183,2025080523,2025-08-05 23:00:00,2025,8,5,23,12.45,98.11,0.51,0.57,95.36,0.0,90.0
Karnali_Center,29.267,82.183,2025080600,2025-08-06 00:00:00,2025,8,6,0,12.3,98.03,0.65,0.79,85.51,0.0,90.0
Karnali_Center,29.267,82.183,2025080601,2025-08-06 01:00:00,2025,8,6,1,12.22,97.73,0.73,0.92,99.11,0.0,90.0
Karnali_Center,29.267,82.183,2025080602,2025-08-06 02:00:00,2025,8,6,2,12.18,97.08,0.81,1.02,99.54,0.0,90.0
Karnali_Center,29.267,82.183,2025080603,2025-08-06 03:00:00,2025,8,6,3,12.02,96.88,1.05,1.33,99.44,0.0,90.0
Karnali_Center,29.267,82.183,2025080604,2025-08-06 04:00:00,2025,8,6,4,11.94,95.7,1.16,1.46,95.67,0.0,90.0
Karnali_Center,29.267,82.183,2025080605,2025-08-06 05:00:00,2025,8,6,5,12.65,94.4,1.04,1.37,95.8,41.83,83.11
Karnali_Center,29.267,82.183,2025080606,2025-08-06 06:00:00,2025,8,6,6,14.1,85.71,0.82,0.98,96.11,140.32,70.4
Karnali_Center,29.267,82.183,2025080607,2025-08-06 07:00:00,2025,8,6,7,15.31,78.39,0.45,0.46,83.74,279.85,57.45
Karnali_Center,29.267,82.183,2025080608,2025-08-06 08:00:00,2025,8,6,8,16.36,75.16,1.36,1.09,82.59,425.25,44.48
Karnali_Center,29.267,82.183,2025080609,2025-08-06 09:00:00,2025,8,6,9,17.47,72.22,2.35,1.88,80.09,583.58,31.78
Karnali_Center,29.267,82.183,2025080610,2025-08-06 10:00:00,2025,8,6,10,18.43,69.52,3.23,2.58,81.06,563.38,20.24
Karnali_Center,29.267,82.183,2025080611,2025-08-06 11:00:00,2025,8,6,11,18.83,69.07,3.85,3.1,83.45,693.75,13.56
Karnali_Center,29.267,82.183,2025080612,2025-08-06 12:00:00,2025,8,6,12,19.28,68.74,4.23,3.44,58.41,560.15,18.32
Karnali_Center,29.267,82.183,2025080613,2025-08-06 13:00:00,2025,8,6,13,19.43,68.7,4.41,3.65,53.24,498.83,29.38
Karnali_Center,29.267,82.183,2025080614,2025-08-06 14:00:00,2025,8,6,14,19.49,68.81,4.33,3.67,48.07,372.3,41.96
Karnali_Center,29.267,82.183,2025080615,2025-08-06 15:00:00,2025,8,6,15,18.99,70.8,4.1,3.54,47.96,227.7,54.92
Karnali_Center,29.267,82.183,2025080616,2025-08-06 16:00:00,2025,8,6,16,17.9,76.46,3.47,3.08,92.18,127.38,67.9
Karnali_Center,29.267,82.183,2025080617,2025-08-06 17:00:00,2025,8,6,17,16.31,86.53,2.4,2.23,92.46,35.35,80.34
Karnali_Center,29.267,82.183,2025080618,2025-08-06 18:00:00,2025,8,6,18,14.94,96.7,1.11,1.49,77.92,0.0,90.0
Karnali_Center,29.267,82.183,2025080619,2025-08-06 19:00:00,2025,8,6,19,14.62,98.06,1.04,1.49,52.34,0.0,90.0
Karnali_Center,29.267,82.183,2025080620,2025-08-06 20:00:00,2025,8,6,20,14.36,98.5,1.14,1.57,49.24,0.0,90.0
Karnali_Center,29.267,82.183,2025080621,2025-08-06 21:00:00,2025,8,6,21,14.13,99.29,1.18,1.6,39.9,0.0,90.0
Karnali_Center,29.267,82.183,2025080622,2025-08-06 22:00:00,2025,8,6,22,13.99,99.69,1.21,1.63,56.19,0.0,90.0
Karnali_Center,29.267,82.183,2025080623,2025-08-06 23:00:00,2025,8,6,23,13.87,100.0,1.3,1.76,74.91,0.0,90.0
Karnali_Center,29.267,82.183,2025080700,2025-08-07 00:00:00,2025,8,7,0,13.65,100.0,1.41,1.93,64.38,0.0,90.0
Karnali_Center,29.267,82.183,2025080701,2025-08-07 01:00:00,2025,8,7,1,13.51,100.0,1.39,1.89,81.2,0.0,90.0
Karnali_Center,29.267,82.183,2025080702,2025-08-07 02:00:00,2025,8,7,2,13.31,100.0,1.4,1.86,65.26,0.0,90.0
Karnali_Center,29.267,82.183,2025080703,2025-08-07 03:00:00,2025,8,7,3,13.35,100.0,1.11,1.43,52.65,0.0,90.0
Karnali_Center,29.267,82.183,2025080704,2025-08-07 04:00:00,2025,8,7,4,13.67,98.13,0.45,0.55,63.14,0.0,90.0
Karnali_Center,29.267,82.183,2025080705,2025-08-07 05:00:00,2025,8,7,5,14.22,96.4,0.33,0.34,59.84,55.62,83.22
Karnali_Center,29.267,82.183,2025080706,2025-08-07 06:00:00,2025,8,7,6,15.82,87.51,0.19,0.24,58.06,228.5,70.5
Karnali_Center,29.267,82.183,2025080707,2025-08-07 07:00:00,2025,8,7,7,18.06,74.7,1.06,0.72,57.17,441.85,57.54
Karnali_Center,29.267,82.183,2025080708,2025-08-07 08:00:00,2025,8,7,8,19.77,67.26,2.05,1.45,62.78,613.88,44.57
Karnali_Center,29.267,82.183,2025080709,2025-08-07 09:00:00,2025,8,7,9,20.93,63.58,2.75,1.99,27.71,743.65,31.89
Karnali_Center,29.267,82.183,2025080710,2025-08-07 10:00:00,2025,8,7,10,21.7,61.95,3.34,2.47,32.14,797.6,20.41
Karnali_Center,29.267,82.183,2025080711,2025-08-07 11:00:00,2025,8,7,11,22.16,61.17,3.81,2.91,75.25,749.12,13.83
Karnali_Center,29.267,82.183,2025080712,2025-08-07 12:00:00,2025,8,7,12,22.16,61.3,4.12,3.25,41.7,700.7,18.55
Karnali_Center,29.267,82.183,2025080713,2025-08-07 13:00:00,2025,8,7,13,21.72,62.89,4.31,3.48,63.17,568.55,29.55
Karnali_Center,29.267,82.183,2025080714,2025-08-07 14:00:00,2025,8,7,14,21.08,65.2,4.26,3.52,89.3,362.25,42.11
Karnali_Center,29.267,82.183,2025080715,2025-08-07 15:00:00,2025,8,7,15,20.24,68.85,3.93,3.33,86.13,277.83,55.07
Karnali_Center,29.267,82.183,2025080716,2025-08-07 16:00:00,2025,8,7,16,18.78,76.13,3.34,2.93,88.23,150.07,68.05
Karnali_Center,29.267,82.183,2025080717,2025-08-07 17:00:00,2025,8,7,17,17.28,85.64,2.46,2.3,91.41,52.15,80.53
Karnali_Center,29.267,82.183,2025080718,2025-08-07 18:00:00,2025,8,7,18,15.93,96.32,1.13,1.64,90.79,0.0,90.0
Karnali_Center,29.267,82.183,2025080719,2025-08-07 19:00:00,2025,8,7,19,15.61,98.42,0.98,1.48,92.94,0.0,90.0
Karnali_Center,29.267,82.183,2025080720,2025-08-07 20:00:00,2025,8,7,20,15.48,98.97,1.09,1.57,97.9,0.0,90.0
Karnali_Center,29.267,82.183,2025080721,2025-08-07 21:00:00,2025,8,7,21,15.37,99.51,1.23,1.82,95.85,0.0,90.0
Karnali_Center,29.267,82.183,2025080722,2025-08-07 22:00:00,2025,8,7,22,15.19,100.0,1.45,2.17,95.71,0.0,90.0
Karnali_Center,29.267,82.183,2025080723,2025-08-07 23:00:00,2025,8,7,23,15.19,100.0,1.57,2.51,98.83,0.0,90.0
Karnali_Center,29.267,82.183,2025080800,2025-08-08 00:00:00,2025,8,8,0,15.09,100.0,1.69,2.71,93.2,0.0,90.0
Karnali_Center,29.267,82.183,2025080801,2025-08-08 01:00:00,2025,8,8,1,14.9,100.0,1.7,2.61,80.86,0.0,90.0
Karnali_Center,29.267,82.183,2025080802,2025-08-08 02:00:00,2025,8,8,2,14.68,100.0,1.63,2.37,92.96,0.0,90.0
Karnali_Center,29.267,82.183,2025080803,2025-08-08 03:00:00,2025,8,8,3,14.39,100.0,1.48,2.14,97.7,0.0,90.0
Karnali_Center,29.267,82.183,2025080804,2025-08-08 04:00:00,2025,8,8,4,13.78,98.62,1.23,1.75,99.24,0.0,90.0
Karnali_Center,29.267,82.183,2025080805,2025-08-08 05:00:00,2025,8,8,5,13.91,97.76,0.8,1.28,99.4,29.55,83.34
Karnali_Center,29.267,82.183,2025080806,2025-08-08 06:00:00,2025,8,8,6,14.71,92.82,1.07,1.17,98.83,110.38,70.59
Karnali_Center,29.267,82.183,2025080807,2025-08-08 07:00:00,2025,8,8,7,15.54,86.32,1.1,1.1,97.74,199.62,57.63
Karnali_Center,29.267,82.183,2025080808,2025-08-08 08:00:00,2025,8,8,8,16.84,80.09,1.97,1.72,99.38,313.67,44.67
Karnali_Center,29.267,82.183,2025080809,2025-08-08 09:00:00,2025,8,8,9,18.04,75.35,2.75,2.3,97.02,429.3,32.01
Karnali_Center,29.267,82.183,2025080810,2025-08-08 10:00:00,2025,8,8,10,18.69,73.11,3.32,2.79,97.61,446.58,20.58
Karnali_Center,29.267,82.183,2025080811,2025-08-08 11:00:00,2025,8,8,11,18.8,73.36,3.6,3.07,99.23,477.6,14.09
Karnali_Center,29.267,82.183,2025080812,2025-08-08 12:00:00,2025,8,8,12,18.75,74.76,3.59,3.08,93.24,446.6,18.78
Karnali_Center,29.267,82.183,2025080813,2025-08-08 13:00:00,2025,8,8,13,18.72,76.64,3.33,2.88,0.49,379.05,29.73
Karnali_Center,29.267,82.183,2025080814,2025-08-08 14:00:00,2025,8,8,14,18.66,78.51,3.09,2.73,73.0,320.1,42.26
Karnali_Center,29.267,82.183,2025080815,2025-08-08 15:00:00,2025,8,8,15,18.49,80.38,3.16,2.91,76.91,196.25,55.21
Karnali_Center,29.267,82.183,2025080816,2025-08-08 16:00:00,2025,8,8,16,17.94,83.64,3.3,3.14,95.44,133.7,68.2
Karnali_Center,29.267,82.183,2025080817,2025-08-08 17:00:00,2025,8,8,17,16.79,90.77,2.68,2.54,97.25,41.67,80.73
Karnali_Center,29.267,82.183,2025080818,2025-08-08 18:00:00,2025,8,8,18,15.83,97.61,1.43,2.11,93.48,0.0,90.0
Karnali_Center,29.267,82.183,2025080819,2025-08-08 19:00:00,2025,8,8,19,15.65,98.36,1.46,2.3,98.91,0.0,90.0
Karnali_Center,29.267,82.183,2025080820,2025-08-08 20:00:00,2025,8,8,20,15.4,98.5,1.41,2.4,99.72,0.0,90.0
Karnali_Center,29.267,82.183,2025080821,2025-08-08 21:00:00,2025,8,8,21,14.72,99.18,1.34,2.22,98.65,0.0,90.0
Karnali_Center,29.267,82.183,2025080822,2025-08-08 22:00:00,2025,8,8,22,14.17,99.97,1.09,1.58,98.07,0.0,90.0
Karnali_Center,29.267,82.183,2025080823,2025-08-08 23:00:00,2025,8,8,23,13.94,98.94,0.9,1.21,99.91,0.0,90.0
Karnali_Center,29.267,82.183,2025080900,2025-08-09 00:00:00,2025,8,9,0,13.85,97.38,0.66,0.88,96.82,0.0,90.0
Karnali_Center,29.267,82.183,2025080901,2025-08-09 01:00:00,2025,8,9,1,13.65,96.79,0.61,0.79,91.55,0.0,90.0
Karnali_Center,29.267,82.183,2025080902,2025-08-09 02:00:00,2025,8,9,2,13.44,96.54,0.65,0.83,98.64,0.0,90.0
Karnali_Center,29.267,82.183,2025080903,2025-08-09 03:00:00,2025,8,9,3,13.23,96.51,0.71,0.91,90.9,0.0,90.0
Karnali_Center,29.267,82.183,2025080904,2025-08-09 04:00:00,2025,8,9,4,13.05,96.36,0.73,0.94,88.56,0.0,90.0
Karnali_Center,29.267,82.183,2025080905,2025-08-09 05:00:00,2025,8,9,5,13.34,95.78,0.68,0.87,83.63,55.38,83.45
Karnali_Center,29.267,82.183,2025080906,2025-08-09 06:00:00,2025,8,9,6,14.4,91.07,0.9,0.91,79.42,215.45,70.69
Karnali_Center,29.267,82.183,2025080907,2025-08-09 07:00:00,2025,8,9,7,15.78,84.66,1.58,1.35,75.63,411.88,57.73
Karnali_Center,29.267,82.183,2025080908,2025-08-09 08:00:00,2025,8,9,8,17.18,77.59,2.14,1.67,89.26,539.03,44.76
Karnali_Center,29.267,82.183,2025080909,2025-08-09 09:00:00,2025,8,9,9,18.64,71.31,2.58,1.9,36.81,634.45,32.13
Karnali_Center,29.267,82.183,2025080910,2025-08-09 10:00:00,2025,8,9,10,20.02,66.73,3.19,2.36,39.22,605.2,20.76
Karnali_Center,29.267,82.183,2025080911,2025-08-09 11:00:00,2025,8,9,11,20.81,64.53,3.89,2.99,53.18,588.35,14.37
Karnali_Center,29.267,82.183,2025080912,2025-08-09 12:00:00,2025,8,9,12,20.7,65.34,4.45,3.61,82.94,503.7,19.01
Karnali_Center,29.267,82.183,2025080913,2025-08-09 13:00:00,2025,8,9,13,20.1,68.59,4.71,3.98,88.76,439.88,29.91
Karnali_Center,29.267,82.183,2025080914,2025-08-09 14:00:00,2025,8,9,14,19.64,71.54,4.69,4.07,92.5,335.88,42.42
Karnali_Center,29.267,82.183,2025080915,2025-08-09 15:00:00,2025,8,9,15,18.74,74.96,4.47,3.94,96.64,199.85,55.37
Karnali_Center,29.267,82.183,2025080916,2025-08-09 16:00:00,2025,8,9,16,17.55,80.44,3.99,3.57,97.37,110.38,68.36
Karnali_Center,29.267,82.183,2025080917,2025-08-09 17:00:00,2025,8,9,17,16.2,87.79,3.07,2.79,99.38,33.67,80.94
Karnali_Center,29.267,82.183,2025080918,2025-08-09 18:00:00,2025,8,9,18,15.08,96.04,1.85,2.01,51.16,0.0,90.0
Karnali_Center,29.267,82.183,2025080919,2025-08-09 19:00:00,2025,8,9,19,14.96,97.79,1.3,1.8,90.73,0.0,90.0
Karnali_Center,29.267,82.183,2025080920,2025-08-09 20:00:00,2025,8,9,20,14.84,98.31,1.02,1.43,64.54,0.0,90.0
Karnali_Center,29.267,82.183,2025080921,2025-08-09 21:00:00,2025,8,9,21,14.77,98.01,0.95,1.31,53.25,0.0,90.0
Karnali_Center,29.267,82.183,2025080922,2025-08-09 22:00:00,2025,8,9,22,14.63,98.06,0.89,1.21,99.58,0.0,90.0
Karnali_Center,29.267,82.183,2025080923,2025-08-09 23:00:00,2025,8,9,23,14.48,98.14,0.85,1.11,99.66,0.0,90.0
Karnali_Center,29.267,82.183,2025081000,2025-08-10 00:00:00,2025,8,10,0,14.34,98.2,0.74,0.97,99.77,0.0,90.0
Karnali_Center,29.267,82.183,2025081001,2025-08-10 01:00:00,2025,8,10,1,14.26,98.24,0.85,1.14,98.0,0.0,90.0
Karnali_Center,29.267,82.183,2025081002,2025-08-10 02:00:00,2025,8,10,2,14.07,98.8,1.06,1.43,19.48,0.0,90.0
Karnali_Center,29.267,82.183,2025081003,2025-08-10 03:00:00,2025,8,10,3,13.96,98.88,1.1,1.48,99.27,0.0,90.0
Karnali_Center,29.267,82.183,2025081004,2025-08-10 04:00:00,2025,8,10,4,13.88,98.78,1.1,1.48,99.39,0.0,90.0
Karnali_Center,29.267,82.183,2025081005,2025-08-10 05:00:00,2025,8,10,5,14.13,98.01,1.02,1.5,100.0,27.77,83.56
Karnali_Center,29.267,82.183,2025081006,2025-08-10 06:00:00,2025,8,10,6,14.72,93.58,1.69,1.83,52.3,105.72,70.79
Karnali_Center,29.267,82.183,2025081007,2025-08-10 07:00:00,2025,8,10,7,15.11,88.74,2.16,2.09,41.8,193.52,57.82
Karnali_Center,29.267,82.183,2025081008,2025-08-10 08:00:00,2025,8,10,8,15.65,84.35,2.13,2.07,36.44,327.4,44.86
Karnali_Center,29.267,82.183,2025081009,2025-08-10 09:00:00,2025,8,10,9,16.55,80.42,1.82,1.75,97.87,407.52,32.25
Karnali_Center,29.267,82.183,2025081010,2025-08-10 10:00:00,2025,8,10,10,17.77,76.13,1.84,1.54,53.44,462.6,20.94
Karnali_Center,29.267,82.183,2025081011,2025-08-10 11:00:00,2025,8,10,11,18.99,71.55,2.63,1.95,98.98,444.98,14.64
Karnali_Center,29.267,82.183,2025081012,2025-08-10 12:00:00,2025,8,10,12,20.2,68.8,3.47,2.63,98.69,381.67,19.26
Karnali_Center,29.267,82.183,2025081013,2025-08-10 13:00:00,2025,8,10,13,20.67,68.59,3.84,3.0,97.58,304.67,30.1
Karnali_Center,29.267,82.183,2025081014,2025-08-10 14:00:00,2025,8,10,14,20.43,70.09,4.02,3.28,98.02,147.48,42.59
Karnali_Center,29.267,82.183,2025081015,2025-08-10 15:00:00,2025,8,10,15,19.57,74.06,3.96,3.38,99.26,60.17,55.53
Karnali_Center,29.267,82.183,2025081016,2025-08-10 16:00:00,2025,8,10,16,18.28,80.67,3.51,3.12,100.0,33.4,68.52
Karnali_Center,29.267,82.183,2025081017,2025-08-10 17:00:00,2025,8,10,17,16.77,89.9,2.58,2.36,100.0,16.05,81.14
Karnali_Center,29.267,82.183,2025081018,2025-08-10 18:00:00,2025,8,10,18,15.56,97.93,1.27,1.89,98.8,0.0,90.0
Karnali_Center,29.267,82.183,2025081019,2025-08-10 19:00:00,2025,8,10,19,15.24,99.07,1.24,1.99,84.18,0.0,90.0
Karnali_Center,29.267,82.183,2025081020,2025-08-10 20:00:00,2025,8,10,20,14.86,99.86,1.28,1.98,99.24,0.0,90.0
Karnali_Center,29.267,82.183,2025081021,2025-08-10 21:00:00,2025,8,10,21,14.48,100.0,1.37,1.99,99.29,0.0,90.0
Karnali_Center,29.267,82.183,2025081022,2025-08-10 22:00:00,2025,8,10,22,14.26,100.0,1.41,2.01,99.25,0.0,90.0
Karnali_Center,29.267,82.183,2025081023,2025-08-10 23:00:00,2025,8,10,23,14.22,100.0,1.39,1.98,99.11,0.0,90.0
Karnali_Center,29.267,82.183,2025081100,2025-08-11 00:00:00,2025,8,11,0,14.21,100.0,1.4,1.97,100.0,0.0,90.0
Karnali_Center,29.267,82.183,2025081101,2025-08-11 01:00:00,2025,8,11,1,14.19,100.0,1.42,2.01,99.37,0.0,90.0
Karnali_Center,29.267,82.183,2025081102,2025-08-11 02:00:00,2025,8,11,2,14.23,100.0,1.41,2.07,71.65,0.0,90.0
Karnali_Center,29.267,82.183,2025081103,2025-08-11 03:00:00,2025,8,11,3,14.21,99.9,1.42,2.1,99.41,0.0,90.0
Karnali_Center,29.267,82.183,2025081104,2025-08-11 04:00:00,2025,8,11,4,14.13,99.73,1.41,2.06,99.41,0.0,90.0
Karnali_Center,29.267,82.183,2025081105,2025-08-11 05:00:00,2025,8,11,5,14.58,98.55,1.35,2.11,99.51,23.1,83.67
Karnali_Center,29.267,82.183,2025081106,2025-08-11 06:00:00,2025,8,11,6,15.58,95.02,2.4,2.42,99.6,94.45,70.89
Karnali_Center,29.267,82.183,2025081107,2025-08-11 07:00:00,2025,8,11,7,16.54,89.53,3.18,3.04,99.32,204.23,57.91
Karnali_Center,29.267,82.183,2025081108,2025-08-11 08:00:00,2025,8,11,8,17.69,81.9,3.91,3.49,98.85,330.7,44.96
Karnali_Center,29.267,82.183,2025081109,2025-08-11 09:00:00,2025,8,11,9,18.71,76.18,4.97,4.29,98.42,365.0,32.37
Karnali_Center,29.267,82.183,2025081110,2025-08-11 10:00:00,2025,8,11,10,19.1,74.43,5.8,5.05,98.53,393.45,21.12
Karnali_Center,29.267,82.183,2025081111,2025-08-11 11:00:00,2025,8,11,11,18.96,75.28,5.9,5.21,94.36,467.02,14.93
Karnali_Center,29.267,82.183,2025081112,2025-08-11 12:00:00,2025,8,11,12,18.63,76.78,5.33,4.71,94.8,544.67,19.51
Karnali_Center,29.267,82.183,2025081113,2025-08-11 13:00:00,2025,8,11,13,18.28,78.46,4.74,4.18,70.7,481.25,30.29
Karnali_Center,29.267,82.183,2025081114,2025-08-11 14:00:00,2025,8,11,14,17.89,79.89,4.32,3.82,98.51,314.5,42.76
Karnali_Center,29.267,82.183,2025081115,2025-08-11 15:00:00,2025,8,11,15,17.43,81.67,3.79,3.38,99.31,105.1,55.69
Karnali_Center,29.267,82.183,2025081116,2025-08-11 16:00:00,2025,8,11,16,16.73,85.38,3.06,2.74,97.66,74.7,68.69
Karnali_Center,29.267,82.183,2025081117,2025-08-11 17:00:00,2025,8,11,17,15.85,91.36,2.02,1.92,100.0,14.2,81.35
Karnali_Center,29.267,82.183,2025081118,2025-08-11 18:00:00,2025,8,11,18,14.89,97.28,1.0,1.36,98.6,0.0,90.0
Karnali_Center,29.267,82.183,2025081119,2025-08-11 19:00:00,2025,8,11,19,14.61,97.92,0.92,1.19,98.7,0.0,90.0
Karnali_Center,29.267,82.183,2025081120,2025-08-11 20:00:00,2025,8,11,20,14.4,98.45,1.0,1.28,98.82,0.0,90.0
Karnali_Center,29.267,82.183,2025081121,2025-08-11 21:00:00,2025,8,11,21,14.17,99.08,1.23,1.65,98.48,0.0,90.0
Karnali_Center,29.267,82.183,2025081122,2025-08-11 22:00:00,2025,8,11,22,13.91,99.14,1.31,1.8,98.65,0.0,90.0
Karnali_Center,29.267,82.183,2025081123,2025-08-11 23:00:00,2025,8,11,23,13.72,99.09,1.27,1.78,98.73,0.0,90.0
Karnali_Center,29.267,82.183,2025081200,2025-08-12 00:00:00,2025,8,12,0,13.61,98.74,1.27,1.8,100.0,0.0,90.0
Karnali_Center,29.267,82.183,2025081201,2025-08-12 01:00:00,2025,8,12,1,13.52,98.56,1.26,1.76,98.82,0.0,90.0
Karnali_Center,29.267,82.183,2025081202,2025-08-12 02:00:00,2025,8,12,2,13.4,98.51,1.17,1.59,99.84,0.0,90.0
Karnali_Center,29.267,82.183,2025081203,2025-08-12 03:00:00,2025,8,12,3,13.33,98.15,1.06,1.42,98.42,0.0,90.0
Karnali_Center,29.267,82.183,2025081204,2025-08-12 04:00:00,2025,8,12,4,13.38,97.28,0.92,1.22,93.83,0.0,90.0
Karnali_Center,29.267,82.183,2025081205,2025-08-12 05:00:00,2025,8,12,5,14.03,95.99,0.83,1.1,96.74,37.88,83.78
Karnali_Center,29.267,82.183,2025081206,2025-08-12 06:00:00,2025,8,12,6,15.81,88.59,0.69,0.71,97.37,161.38,70.98
Karnali_Center,29.267,82.183,2025081207,2025-08-12 07:00:00,2025,8,12,7,17.83,80.0,1.2,0.86,98.67,334.5,58.0
Karnali_Center,29.267,82.183,2025081208,2025-08-12 08:00:00,2025,8,12,8,20.14,71.7,2.03,1.3,99.36,533.85,45.06
Karnali_Center,29.267,82.183,2025081209,2025-08-12 09:00:00,2025,8,12,9,21.77,66.45,3.01,2.08,98.54,650.8,32.49
Karnali_Center,29.267,82.183,2025081210,2025-08-12 10:00:00,2025,8,12,10,22.55,65.08,3.8,2.76,91.97,687.08,21.31
Karnali_Center,29.267,82.183,2025081211,2025-08-12 11:00:00,2025,8,12,11,22.94,65.01,4.25,3.21,87.96,772.5,15.21
Karnali_Center,29.267,82.183,2025081212,2025-08-12 12:00:00,2025,8,12,12,23.02,65.29,4.48,3.52,97.04,620.12,19.76
Karnali_Center,29.267,82.183,2025081213,2025-08-12 13:00:00,2025,8,12,13,22.66,67.09,4.6,3.75,97.29,550.03,30.49
Karnali_Center,29.267,82.183,2025081214,2025-08-12 14:00:00,2025,8,12,14,21.79,70.93,4.35,3.65,98.03,271.05,42.93
Karnali_Center,29.267,82.183,2025081215,2025-08-12 15:00:00,2025,8,12,15,20.55,77.05,3.88,3.34,93.33,94.3,55.86
Karnali_Center,29.267,82.183,2025081216,2025-08-12 16:00:00,2025,8,12,16,19.3,83.76,3.31,2.94,94.97,49.2,68.86
Karnali_Center,29.267,82.183,2025081217,2025-08-12 17:00:00,2025,8,12,17,18.03,91.39,2.5,2.29,98.34,13.7,81.56
Karnali_Center,29.267,82.183,2025081218,2025-08-12 18:00:00,2025,8,12,18,16.97,98.11,1.29,1.94,98.11,0.0,90.0
Karnali_Center,29.267,82.183,2025081219,2025-08-12 19:00:00,2025,8,12,19,16.6,99.15,1.23,1.8,98.31,0.0,90.0
Karnali_Center,29.267,82.183,2025081220,2025-08-12 20:00:00,2025,8,12,20,16.39,99.47,1.0,1.45,95.49,0.0,90.0
Karnali_Center,29.267,82.183,2025081221,2025-08-12 21:00:00,2025,8,12,21,16.06,99.88,0.93,1.32,98.35,0.0,90.0
Karnali_Center,29.267,82.183,2025081222,2025-08-12 22:00:00,2025,8,12,22,15.91,99.05,0.91,1.25,98.74,0.0,90.0
Karnali_Center,29.267,82.183,2025081223,2025-08-12 23:00:00,2025,8,12,23,15.76,98.41,0.89,1.18,98.84,0.0,90.0
Karnali_Center,29.267,82.183,2025081300,2025-08-13 00:00:00,2025,8,13,0,15.47,97.86,0.87,1.11,98.98,0.0,90.0
Karnali_Center,29.267,82.183,2025081301,2025-08-13 01:00:00,2025,8,13,1,15.32,97.2,0.9,1.13,98.11,0.0,90.0
Karnali_Center,29.267,82.183,2025081302,2025-08-13 02:00:00,2025,8,13,2,15.36,96.4,0.85,1.08,99.7,0.0,90.0
Karnali_Center,29.267,82.183,2025081303,2025-08-13 03:00:00,2025,8,13,3,15.21,96.61,0.89,1.2,93.74,0.0,90.0
Karnali_Center,29.267,82.183,2025081304,2025-08-13 04:00:00,2025,8,13,4,15.09,96.94,1.04,1.54,64.37,0.0,90.0
Karnali_Center,29.267,82.183,2025081305,2025-08-13 05:00:00,2025,8,13,5,15.71,95.94,1.15,1.81,59.76,52.67,83.89
Karnali_Center,29.267,82.183,2025081306,2025-08-13 06:00:00,2025,8,13,6,17.01,91.01,2.32,2.31,57.73,238.35,71.08
Karnali_Center,29.267,82.183,2025081307,2025-08-13 07:00:00,2025,8,13,7,17.56,86.5,3.32,3.05,53.45,443.62,58.1
Karnali_Center,29.267,82.183,2025081308,2025-08-13 08:00:00,2025,8,13,8,18.06,83.32,3.86,3.31,32.32,664.6,45.16
Karnali_Center,29.267,82.183,2025081309,2025-08-13 09:00:00,2025,8,13,9,18.78,79.24,4.22,3.46,74.98,736.05,32.62
Karnali_Center,29.267,82.183,2025081310,2025-08-13 10:00:00,2025,8,13,10,19.72,74.67,4.83,3.87,94.54,720.88,21.5
Karnali_Center,29.267,82.183,2025081311,2025-08-13 11:00:00,2025,8,13,11,19.97,73.3,5.39,4.42,94.23,676.05,15.5
Karnali_Center,29.267,82.183,2025081312,2025-08-13 12:00:00,2025,8,13,12,19.7,74.37,5.59,4.71,92.93,575.95,20.02
Karnali_Center,29.267,82.183,2025081313,2025-08-13 13:00:00,2025,8,13,13,19.13,76.98,5.32,4.56,94.29,417.17,30.69
Karnali_Center,29.267,82.183,2025081314,2025-08-13 14:00:00,2025,8,13,14,18.33,80.28,4.68,4.05,92.73,206.12,43.11
Karnali_Center,29.267,82.183,2025081315,2025-08-13 15:00:00,2025,8,13,15,17.46,84.18,3.87,3.39,93.25,148.35,56.03
Karnali_Center,29.267,82.183,2025081316,2025-08-13 16:00:00,2025,8,13,16,16.68,88.52,3.01,2.67,94.64,101.07,69.03
Karnali_Center,29.267,82.183,2025081317,2025-08-13 17:00:00,2025,8,13,17,15.95,93.2,2.16,1.96,95.83,34.58,81.77
Karnali_Center,29.267,82.183,2025081318,2025-08-13 18:00:00,2025,8,13,18,15.37,97.83,1.18,1.73,93.97,0.0,90.0
Karnali_Center,29.267,82.183,2025081319,2025-08-13 19:00:00,2025,8,13,19,15.09,98.56,1.29,1.93,96.96,0.0,90.0
Karnali_Center,29.267,82.183,2025081320,2025-08-13 20:00:00,2025,8,13,20,14.74,99.57,1.49,2.22,96.0,0.0,90.0
Karnali_Center,29.267,82.183,2025081321,2025-08-13 21:00:00,2025,8,13,21,14.57,100.0,1.54,2.23,99.09,0.0,90.0
Karnali_Center,29.267,82.183,2025081322,2025-08-13 22:00:00,2025,8,13,22,14.57,100.0,1.55,2.22,12.07,0.0,90.0
Karnali_Center,29.267,82.183,2025081323,2025-08-13 23:00:00,2025,8,13,23,14.46,100.0,1.59,2.21,100.0,0.0,90.0
Karnali_Center,29.267,82.183,2025081400,2025-08-14 00:00:00,2025,8,14,0,14.42,100.0,1.6,2.18,98.13,0.0,90.0
Karnali_Center,29.267,82.183,2025081401,2025-08-14 01:00:00,2025,8,14,1,14.48,100.0,1.57,2.16,91.17,0.0,90.0
Karnali_Center,29.267,82.183,2025081402,2025-08-14 02:00:00,2025,8,14,2,14.34,99.96,1.6,2.3,97.43,0.0,90.0
Karnali_Center,29.267,82.183,2025081403,2025-08-14 03:00:00,2025,8,14,3,14.08,99.8,1.63,2.33,99.31,0.0,90.0
Karnali_Center,29.267,82.183,2025081404,2025-08-14 04:00:00,2025,8,14,4,13.64,99.93,1.52,2.06,97.45,0.0,90.0
Karnali_Center,29.267,82.183,2025081405,2025-08-14 05:00:00,2025,8,14,5,14.0,97.76,1.36,1.65,93.68,28.55,84.0
Karnali_Center,29.267,82.183,2025081406,2025-08-14 06:00:00,2025,8,14,6,14.56,93.18,1.77,1.73,89.06,132.35,71.18
Karnali_Center,29.267,82.183,2025081407,2025-08-14 07:00:00,2025,8,14,7,15.28,89.03,2.18,2.08,27.05,276.45,58.19
Karnali_Center,29.267,82.183,2025081408,2025-08-14 08:00:00,2025,8,14,8,16.5,82.99,2.95,2.75,32.16,413.05,45.26
Karnali_Center,29.267,82.183,2025081409,2025-08-14 09:00:00,2025,8,14,9,17.72,76.58,3.61,3.2,40.4,548.72,32.75
Karnali_Center,29.267,82.183,2025081410,2025-08-14 10:00:00,2025,8,14,10,18.63,72.18,3.94,3.3,32.26,640.9,21.69
Karnali_Center,29.267,82.183,2025081411,2025-08-14 11:00:00,2025,8,14,11,18.72,72.36,4.02,3.32,26.98,618.9,15.8
Karnali_Center,29.267,82.183,2025081412,2025-08-14 12:00:00,2025,8,14,12,19.16,71.51,4.22,3.46,90.01,451.17,20.29
Karnali_Center,29.267,82.183,2025081413,2025-08-14 13:00:00,2025,8,14,13,19.34,70.79,4.49,3.72,96.57,281.7,30.91
Karnali_Center,29.267,82.183,2025081414,2025-08-14 14:00:00,2025,8,14,14,18.98,72.55,4.37,3.67,91.44,263.0,43.3
Karnali_Center,29.267,82.183,2025081415,2025-08-14 15:00:00,2025,8,14,15,17.95,77.42,3.87,3.34,90.13,190.05,56.2
Karnali_Center,29.267,82.183,2025081416,2025-08-14 16:00:00,2025,8,14,16,16.88,83.19,3.32,2.93,89.89,127.65,69.21
Karnali_Center,29.267,82.183,2025081417,2025-08-14 17:00:00,2025,8,14,17,15.61,90.62,2.54,2.34,90.37,39.33,81.99
Karnali_Center,29.267,82.183,2025081418,2025-08-14 18:00:00,2025,8,14,18,14.58,97.69,1.26,1.87,88.72,0.0,90.0
Karnali_Center,29.267,82.183,2025081419,2025-08-14 19:00:00,2025,8,14,19,14.26,98.87,1.2,1.89,65.73,0.0,90.0
Karnali_Center,29.267,82.183,2025081420,2025-08-14 20:00:00,2025,8,14,20,13.99,99.77,1.28,1.93,59.27,0.0,90.0
Karnali_Center,29.267,82.183,2025081421,2025-08-14 21:00:00,2025,8,14,21,13.8,100.0,1.34,1.95,74.78,0.0,90.0
Karnali_Center,29.267,82.183,2025081422,2025-08-14 22:00:00,2025,8,14,22,13.69,100.0,1.35,1.89,86.92,0.0,90.0
Karnali_Center,29.267,82.183,2025081423,2025-08-14 23:00:00,2025,8,14,23,13.62,100.0,1.39,1.95,74.71,0.0,90.0
Karnali_Center,29.267,82.183,2025081500,2025-08-15 00:00:00,2025,8,15,0,13.51,100.0,1.44,2.04,67.1,0.0,90.0
Karnali_Center,29.267,82.183,2025081501,2025-08-15 01:00:00,2025,8,15,1,13.38,100.0,1.46,2.07,44.07,0.0,90.0
Karnali_Center,29.267,82.183,2025081502,2025-08-15 02:00:00,2025,8,15,2,13.29,100.0,1.44,2.0,76.29,0.0,90.0
Karnali_Center,29.267,82.183,2025081503,2025-08-15 03:00:00,2025,8,15,3,13.17,100.0,1.43,1.97,86.33,0.0,90.0
Karnali_Center,29.267,82.183,2025081504,2025-08-15 04:00:00,2025,8,15,4,13.05,100.0,1.39,1.92,86.95,0.0,90.0
Karnali_Center,29.267,82.183,2025081505,2025-08-15 05:00:00,2025,8,15,5,13.8,98.87,1.29,1.79,65.99,41.3,84.1
Karnali_Center,29.267,82.183,2025081506,2025-08-15 06:00:00,2025,8,15,6,15.33,93.01,2.31,2.32,48.64,194.5,71.28
Karnali_Center,29.267,82.183,2025081507,2025-08-15 07:00:00,2025,8,15,7,16.59,86.14,2.93,2.61,32.76,423.73,58.29
Karnali_Center,29.267,82.183,2025081508,2025-08-15 08:00:00,2025,8,15,8,18.16,78.12,3.5,2.91,11.25,656.9,45.36
Karnali_Center,29.267,82.183,2025081509,2025-08-15 09:00:00,2025,8,15,9,19.5,71.87,4.04,3.26,19.49,799.7,32.88
Karnali_Center,29.267,82.183,2025081510,2025-08-15 10:00:00,2025,8,15,10,20.56,68.67,4.66,3.79,5.61,838.8,21.89
Karnali_Center,29.267,82.183,2025081511,2025-08-15 11:00:00,2025,8,15,11,20.94,67.94,5.19,4.34,69.3,765.92,16.1
Karnali_Center,29.267,82.183,2025081512,2025-08-15 12:00:00,2025,8,15,12,20.85,69.19,5.51,4.73,82.31,559.97,20.56
Karnali_Center,29.267,82.183,2025081513,2025-08-15 13:00:00,2025,8,15,13,20.88,69.61,5.72,5.01,84.64,392.23,31.12
Karnali_Center,29.267,82.183,2025081514,2025-08-15 14:00:00,2025,8,15,14,20.49,70.89,5.79,5.17,87.33,340.38,43.49
Karnali_Center,29.267,82.183,2025081515,2025-08-15 15:00:00,2025,8,15,15,19.45,75.24,5.46,4.96,88.14,272.98,56.38
Karnali_Center,29.267,82.183,2025081516,2025-08-15 16:00:00,2025,8,15,16,18.21,81.37,4.8,4.4,84.06,151.48,69.39
Karnali_Center,29.267,82.183,2025081517,2025-08-15 17:00:00,2025,8,15,17,16.7,90.14,3.6,3.25,81.13,45.0,82.2
Karnali_Center,29.267,82.183,2025081518,2025-08-15 18:00:00,2025,8,15,18,15.77,96.35,2.68,2.92,72.7,0.0,90.0
Karnali_Center,29.267,82.183,2025081519,2025-08-15 19:00:00,2025,8,15,19,15.61,96.98,2.81,3.15,93.35,0.0,90.0
Karnali_Center,29.267,82.183,2025081520,2025-08-15 20:00:00,2025,8,15,20,15.46,97.52,2.55,2.99,89.66,0.0,90.0
Karnali_Center,29.267,82.183,2025081521,2025-08-15 21:00:00,2025,8,15,21,15.24,98.01,2.23,2.94,76.85,0.0,90.0
Karnali_Center,29.267,82.183,2025081522,2025-08-15 22:00:00,2025,8,15,22,14.81,99.2,1.9,2.96,83.59,0.0,90.0
Karnali_Center,29.267,82.183,2025081523,2025-08-15 23:00:00,2025,8,15,23,14.49,99.74,1.84,2.95,86.18,0.0,90.0
Karnali_Center,29.267,82.183,2025081600,2025-08-16 00:00:00,2025,8,16,0,14.22,100.0,1.69,2.73,60.77,0.0,90.0
Karnali_Center,29.267,82.183,2025081601,2025-08-16 01:00:00,2025,8,16,1,13.95,100.0,1.57,2.43,88.77,0.0,90.0
Karnali_Center,29.267,82.183,2025081602,2025-08-16 02:00:00,2025,8,16,2,13.66,100.0,1.49,2.17,64.38,0.0,90.0
Karnali_Center,29.267,82.183,2025081603,2025-08-16 03:00:00,2025,8,16,3,13.4,100.0,1.38,1.86,69.98,0.0,90.0
Karnali_Center,29.267,82.183,2025081604,2025-08-16 04:00:00,2025,8,16,4,13.32,99.19,1.17,1.52,71.22,0.0,90.0
Karnali_Center,29.267,82.183,2025081605,2025-08-16 05:00:00,2025,8,16,5,13.73,96.35,0.91,1.11,78.6,24.5,84.21
Karnali_Center,29.267,82.183,2025081606,2025-08-16 06:00:00,2025,8,16,6,14.76,88.08,0.82,0.79,79.55,119.97,71.38
Karnali_Center,29.267,82.183,2025081607,2025-08-16 07:00:00,2025,8,16,7,15.91,78.38,0.97,0.71,83.19,237.12,58.38
Karnali_Center,29.267,82.183,2025081608,2025-08-16 08:00:00,2025,8,16,8,17.24,71.8,1.64,1.14,76.37,388.52,45.47
Karnali_Center,29.267,82.183,2025081609,2025-08-16 09:00:00,2025,8,16,9,18.71,67.04,2.5,1.79,60.59,575.97,33.01
Karnali_Center,29.267,82.183,2025081610,2025-08-16 10:00:00,2025,8,16,10,19.85,64.53,3.28,2.45,42.27,665.45,22.1
Karnali_Center,29.267,82.183,2025081611,2025-08-16 11:00:00,2025,8,16,11,20.4,63.8,3.79,2.93,43.46,710.03,16.4
Karnali_Center,29.267,82.183,2025081612,2025-08-16 12:00:00,2025,8,16,12,20.41,64.85,3.98,3.14,66.4,714.2,20.84
Karnali_Center,29.267,82.183,2025081613,2025-08-16 13:00:00,2025,8,16,13,19.96,66.93,3.97,3.19,93.67,540.45,31.34
Karnali_Center,29.267,82.183,2025081614,2025-08-16 14:00:00,2025,8,16,14,19.1,70.06,3.83,3.18,95.57,386.88,43.68
Karnali_Center,29.267,82.183,2025081615,2025-08-16 15:00:00,2025,8,16,15,18.17,73.91,3.57,3.05,96.76,257.7,56.57
Karnali_Center,29.267,82.183,2025081616,2025-08-16 16:00:00,2025,8,16,16,17.02,79.41,3.06,2.72,97.77,129.3,69.58
Karnali_Center,29.267,82.183,2025081617,2025-08-16 17:00:00,2025,8,16,17,15.7,87.79,2.31,2.13,99.28,35.5,82.42
Karnali_Center,29.267,82.183,2025081618,2025-08-16 18:00:00,2025,8,16,18,14.77,95.67,1.56,1.67,98.02,0.0,90.0
Karnali_Center,29.267,82.183,2025081619,2025-08-16 19:00:00,2025,8,16,19,14.68,97.69,1.41,1.85,97.68,0.0,90.0
Karnali_Center,29.267,82.183,2025081620,2025-08-16 20:00:00,2025,8,16,20,14.41,98.83,1.35,1.99,97.99,0.0,90.0
Karnali_Center,29.267,82.183,2025081621,2025-08-16 21:00:00,2025,8,16,21,14.11,99.6,1.35,2.07,98.48,0.0,90.0
Karnali_Center,29.267,82.183,2025081622,2025-08-16 22:00:00,2025,8,16,22,13.75,100.0,1.32,1.97,98.41,0.0,90.0
Karnali_Center,29.267,82.183,2025081623,2025-08-16 23:00:00,2025,8,16,23,13.38,100.0,1.27,1.78,98.71,0.0,90.0
Karnali_Center,29.267,82.183,2025081700,2025-08-17 00:00:00,2025,8,17,0,13.23,99.96,1.12,1.57,99.9,0.0,90.0
Karnali_Center,29.267,82.183,2025081701,2025-08-17 01:00:00,2025,8,17,1,13.22,99.08,0.96,1.3,99.37,0.0,90.0
Karnali_Center,29.267,82.183,2025081702,2025-08-17 02:00:00,2025,8,17,2,13.08,98.77,1.0,1.35,60.59,0.0,90.0
Karnali_Center,29.267,82.183,2025081703,2025-08-17 03:00:00,2025,8,17,3,12.9,99.13,1.1,1.52,99.72,0.0,90.0
Karnali_Center,29.267,82.183,2025081704,2025-08-17 04:00:00,2025,8,17,4,12.89,99.01,1.01,1.42,40.23,0.0,90.0
Karnali_Center,29.267,82.183,2025081705,2025-08-17 05:00:00,2025,8,17,5,13.28,97.82,0.78,1.07,34.52,17.7,84.31
Karnali_Center,29.267,82.183,2025081706,2025-08-17 06:00:00,2025,8,17,6,14.59,90.15,1.11,1.21,27.69,73.12,71.47
Karnali_Center,29.267,82.183,2025081707,2025-08-17 07:00:00,2025,8,17,7,15.62,82.88,2.01,1.96,21.01,141.27,58.48
Karnali_Center,29.267,82.183,2025081708,2025-08-17 08:00:00,2025,8,17,8,16.46,78.52,2.11,1.87,97.76,376.62,45.57
Karnali_Center,29.267,82.183,2025081709,2025-08-17 09:00:00,2025,8,17,9,18.02,71.63,2.48,2.01,89.51,532.55,33.15
Karnali_Center,29.267,82.183,2025081710,2025-08-17 10:00:00,2025,8,17,10,19.04,67.44,2.93,2.28,83.31,583.1,22.3
Karnali_Center,29.267,82.183,2025081711,2025-08-17 11:00:00,2025,8,17,11,19.69,65.37,3.35,2.62,21.91,571.1,16.71
Karnali_Center,29.267,82.183,2025081712,2025-08-17 12:00:00,2025,8,17,12,19.92,65.14,3.73,2.98,91.86,507.58,21.12
Karnali_Center,29.267,82.183,2025081713,2025-08-17 13:00:00,2025,8,17,13,19.74,66.04,3.95,3.23,93.47,448.38,31.57
Karnali_Center,29.267,82.183,2025081714,2025-08-17 14:00:00,2025,8,17,14,19.14,68.07,3.92,3.29,98.65,288.3,43.88
Karnali_Center,29.267,82.183,2025081715,2025-08-17 15:00:00,2025,8,17,15,18.15,71.76,3.62,3.13,96.05,153.2,56.76
Karnali_Center,29.267,82.183,2025081716,2025-08-17 16:00:00,2025,8,17,16,16.85,78.11,3.04,2.72,99.54,85.4,69.77
Karnali_Center,29.267,82.183,2025081717,2025-08-17 17:00:00,2025,8,17,17,15.51,86.61,2.1,1.96,100.0,17.6,82.63
Karnali_Center,29.267,82.183,2025081718,2025-08-17 18:00:00,2025,8,17,18,14.32,96.49,0.91,1.34,98.92,0.0,90.0
Karnali_Center,29.267,82.183,2025081719,2025-08-17 19:00:00,2025,8,17,19,13.74,98.37,0.96,1.28,98.7,0.0,90.0
Karnali_Center,29.267,82.183,2025081720,2025-08-17 20:00:00,2025,8,17,20,13.4,99.01,1.04,1.31,99.44,0.0,90.0
Karnali_Center,29.267,82.183,2025081721,2025-08-17 21:00:00,2025,8,17,21,13.17,99.52,1.02,1.28,99.41,0.0,90.0
Karnali_Center,29.267,82.183,2025081722,2025-08-17 22:00:00,2025,8,17,22,13.04,99.97,1.17,1.53,99.47,0.0,90.0
Karnali_Center,29.267,82.183,2025081723,2025-08-17 23:00:00,2025,8,17,23,13.03,100.0,1.34,1.9,99.75,0.0,90.0
Karnali_Center,29.267,82.183,2025081800,2025-08-18 00:00:00,2025,8,18,0,13.09,99.98,1.46,2.15,99.73,0.0,90.0
Karnali_Center,29.267,82.183,2025081801,2025-08-18 01:00:00,2025,8,18,1,13.13,99.89,1.41,2.17,99.77,0.0,90.0
Karnali_Center,29.267,82.183,2025081802,2025-08-18 02:00:00,2025,8,18,2,12.94,100.0,1.38,2.04,99.77,0.0,90.0
Karnali_Center,29.267,82.183,2025081803,2025-08-18 03:00:00,2025,8,18,3,12.74,99.44,1.24,1.76,99.57,0.0,90.0
Karnali_Center,29.267,82.183,2025081804,2025-08-18 04:00:00,2025,8,18,4,12.71,98.22,0.92,1.26,99.85,0.0,90.0
Karnali_Center,29.267,82.183,2025081805,2025-08-18 05:00:00,2025,8,18,5,13.01,96.5,0.29,0.4,100.0,26.15,84.41
Karnali_Center,29.267,82.183,2025081806,2025-08-18 06:00:00,2025,8,18,6,13.94,88.77,0.91,0.94,99.19,134.7,71.57
Karnali_Center,29.267,82.183,2025081807,2025-08-18 07:00:00,2025,8,18,7,15.66,77.6,0.36,0.49,94.52,250.73,58.58
Karnali_Center,29.267,82.183,2025081808,2025-08-18 08:00:00,2025,8,18,8,17.57,67.82,1.13,0.66,84.8,414.38,45.68
Karnali_Center,29.267,82.183,2025081809,2025-08-18 09:00:00,2025,8,18,9,19.05,62.68,2.38,1.73,80.66,495.85,33.29
Karnali_Center,29.267,82.183,2025081810,2025-08-18 10:00:00,2025,8,18,10,19.84,61.47,3.27,2.5,83.55,493.25,22.51
Karnali_Center,29.267,82.183,2025081811,2025-08-18 11:00:00,2025,8,18,11,19.96,62.64,3.73,2.94,83.63,488.58,17.02
Karnali_Center,29.267,82.183,2025081812,2025-08-18 12:00:00,2025,8,18,12,19.69,64.9,3.95,3.17,74.36,477.55,21.41
Karnali_Center,29.267,82.183,2025081813,2025-08-18 13:00:00,2025,8,18,13,19.23,67.41,3.96,3.25,93.49,430.4,31.8
Karnali_Center,29.267,82.183,2025081814,2025-08-18 14:00:00,2025,8,18,14,18.66,69.92,3.9,3.28,94.85,300.58,44.08
Karnali_Center,29.267,82.183,2025081815,2025-08-18 15:00:00,2025,8,18,15,17.96,73.0,3.77,3.27,94.03,212.25,56.95
Karnali_Center,29.267,82.183,2025081816,2025-08-18 16:00:00,2025,8,18,16,16.94,78.16,3.43,3.08,95.07,112.12,69.96
Karnali_Center,29.267,82.183,2025081817,2025-08-18 17:00:00,2025,8,18,17,15.52,86.96,2.51,2.32,99.14,24.95,82.85
Karnali_Center,29.267,82.183,2025081818,2025-08-18 18:00:00,2025,8,18,18,14.37,96.68,1.21,1.65,96.68,0.0,90.0
Karnali_Center,29.267,82.183,2025081819,2025-08-18 19:00:00,2025,8,18,19,14.05,98.6,1.07,1.58,98.42,0.0,90.0
Karnali_Center,29.267,82.183,2025081820,2025-08-18 20:00:00,2025,8,18,20,13.7,99.63,1.13,1.64,99.05,0.0,90.0
Karnali_Center,29.267,82.183,2025081821,2025-08-18 21:00:00,2025,8,18,21,13.57,99.84,1.13,1.65,99.78,0.0,90.0
Karnali_Center,29.267,82.183,2025081822,2025-08-18 22:00:00,2025,8,18,22,13.43,99.73,1.15,1.72,99.34,0.0,90.0
Karnali_Center,29.267,82.183,2025081823,2025-08-18 23:00:00,2025,8,18,23,13.26,99.46,1.19,1.8,99.91,0.0,90.0
Karnali_Center,29.267,82.183,2025081900,2025-08-19 00:00:00,2025,8,19,0,13.04,99.34,1.16,1.73,99.93,0.0,90.0
Karnali_Center,29.267,82.183,2025081901,2025-08-19 01:00:00,2025,8,19,1,12.8,99.16,1.05,1.48,94.9,0.0,90.0
Karnali_Center,29.267,82.183,2025081902,2025-08-19 02:00:00,2025,8,19,2,12.64,98.68,0.89,1.21,99.99,0.0,90.0
Karnali_Center,29.267,82.183,2025081903,2025-08-19 03:00:00,2025,8,19,3,12.58,97.15,0.63,0.84,98.79,0.0,90.0
Karnali_Center,29.267,82.183,2025081904,2025-08-19 04:00:00,2025,8,19,4,12.46,95.87,0.37,0.45,99.33,0.0,90.0
Karnali_Center,29.267,82.183,2025081905,2025-08-19 05:00:00,2025,8,19,5,12.69,95.4,0.63,0.71,98.86,27.77,84.52
Karnali_Center,29.267,82.183,2025081906,2025-08-19 06:00:00,2025,8,19,6,14.51,85.54,0.12,0.04,75.28,152.7,71.67
Karnali_Center,29.267,82.183,2025081907,2025-08-19 07:00:00,2025,8,19,7,16.49,74.82,1.5,1.19,65.75,315.65,58.67
Karnali_Center,29.267,82.183,2025081908,2025-08-19 08:00:00,2025,8,19,8,17.76,70.05,2.49,1.9,99.76,438.42,45.79
Karnali_Center,29.267,82.183,2025081909,2025-08-19 09:00:00,2025,8,19,9,18.71,67.3,3.24,2.47,47.36,576.58,33.43
Karnali_Center,29.267,82.183,2025081910,2025-08-19 10:00:00,2025,8,19,10,19.31,66.48,3.79,2.98,49.08,589.28,22.73
Karnali_Center,29.267,82.183,2025081911,2025-08-19 11:00:00,2025,8,19,11,19.74,66.36,4.2,3.4,52.55,570.8,17.33
Karnali_Center,29.267,82.183,2025081912,2025-08-19 12:00:00,2025,8,19,12,19.91,66.78,4.52,3.77,76.62,560.83,21.7
Karnali_Center,29.267,82.183,2025081913,2025-08-19 13:00:00,2025,8,19,13,19.87,67.82,4.72,4.06,55.48,466.55,32.04
Karnali_Center,29.267,82.183,2025081914,2025-08-19 14:00:00,2025,8,19,14,19.52,69.66,4.75,4.24,61.46,294.05,44.29
Karnali_Center,29.267,82.183,2025081915,2025-08-19 15:00:00,2025,8,19,15,18.65,74.22,4.48,4.07,92.98,179.75,57.15
Karnali_Center,29.267,82.183,2025081916,2025-08-19 16:00:00,2025,8,19,16,17.16,83.11,3.76,3.46,94.97,96.82,70.16
Karnali_Center,29.267,82.183,2025081917,2025-08-19 17:00:00,2025,8,19,17,15.87,92.2,2.65,2.47,98.49,24.95,83.07
Karnali_Center,29.267,82.183,2025081918,2025-08-19 18:00:00,2025,8,19,18,15.18,97.87,1.56,2.23,99.09,0.0,90.0
Karnali_Center,29.267,82.183,2025081919,2025-08-19 19:00:00,2025,8,19,19,15.02,98.94,1.63,2.54,99.8,0.0,90.0
Karnali_Center,29.267,82.183,2025081920,2025-08-19 20:00:00,2025,8,19,20,14.91,99.48,1.7,2.65,99.19,0.0,90.0
Karnali_Center,29.267,82.183,2025081921,2025-08-19 21:00:00,2025,8,19,21,14.81,99.92,1.76,2.68,99.25,0.0,90.0
Karnali_Center,29.267,82.183,2025081922,2025-08-19 22:00:00,2025,8,19,22,14.64,100.0,1.83,2.81,99.79,0.0,90.0
Karnali_Center,29.267,82.183,2025081923,2025-08-19 23:00:00,2025,8,19,23,14.35,100.0,1.89,3.01,99.84,0.0,90.0
Karnali_Center,29.267,82.183,2025082000,2025-08-20 00:00:00,2025,8,20,0,14.16,100.0,1.97,3.09,99.84,0.0,90.0
Karnali_Center,29.267,82.183,2025082001,2025-08-20 01:00:00,2025,8,20,1,13.89,100.0,1.76,2.84,97.15,0.0,90.0
Karnali_Center,29.267,82.183,2025082002,2025-08-20 02:00:00,2025,8,20,2,13.65,100.0,1.63,2.55,99.85,0.0,90.0
Karnali_Center,29.267,82.183,2025082003,2025-08-20 03:00:00,2025,8,20,3,13.45,100.0,1.58,2.34,99.25,0.0,90.0
Karnali_Center,29.267,82.183,2025082004,2025-08-20 04:00:00,2025,8,20,4,13.29,100.0,1.43,1.98,95.35,0.0,90.0
Karnali_Center,29.267,82.183,2025082005,2025-08-20 05:00:00,2025,8,20,5,13.77,98.67,1.21,1.72,89.38,20.05,84.62
Karnali_Center,29.267,82.183,2025082006,2025-08-20 06:00:00,2025,8,20,6,14.78,93.48,1.69,1.76,81.88,114.85,71.77
Karnali_Center,29.267,82.183,2025082007,2025-08-20 07:00:00,2025,8,20,7,15.39,88.43,1.98,1.91,74.48,253.77,58.77
Karnali_Center,29.267,82.183,2025082008,2025-08-20 08:00:00,2025,8,20,8,16.24,82.16,2.62,2.46,52.36,432.65,45.9
Karnali_Center,29.267,82.183,2025082009,2025-08-20 09:00:00,2025,8,20,9,17.06,77.16,3.25,2.95,40.08,557.45,33.57
Karnali_Center,29.267,82.183,2025082010,2025-08-20 10:00:00,2025,8,20,10,17.67,75.73,3.73,3.32,44.49,622.33,22.95
Karnali_Center,29.267,82.183,2025082011,2025-08-20 11:00:00,2025,8,20,11,17.62,77.55,4.0,3.6,91.06,578.78,17.65
Karnali_Center,29.267,82.183,2025082012,2025-08-20 12:00:00,2025,8,20,12,17.56,78.36,4.21,3.81,85.91,501.88,21.99
Karnali_Center,29.267,82.183,2025082013,2025-08-20 13:00:00,2025,8,20,13,17.08,80.22,4.15,3.77,90.07,427.08,32.28
Karnali_Center,29.267,82.183,2025082014,2025-08-20 14:00:00,2025,8,20,14,16.64,81.86,3.81,3.5,90.41,332.1,44.51
Karnali_Center,29.267,82.183,2025082015,2025-08-20 15:00:00,2025,8,20,15,16.17,83.97,3.36,3.09,63.26,190.23,57.35
Karnali_Center,29.267,82.183,2025082016,2025-08-20 16:00:00,2025,8,20,16,15.55,87.76,2.71,2.49,94.18,115.15,70.36
Karnali_Center,29.267,82.183,2025082017,2025-08-20 17:00:00,2025,8,20,17,14.76,93.85,1.68,1.67,95.64,28.23,83.29
Karnali_Center,29.267,82.183,2025082018,2025-08-20 18:00:00,2025,8,20,18,14.08,98.55,0.94,1.37,92.85,0.0,90.0
Karnali_Center,29.267,82.183,2025082019,2025-08-20 19:00:00,2025,8,20,19,13.95,99.18,1.0,1.37,79.88,0.0,90.0
Karnali_Center,29.267,82.183,2025082020,2025-08-20 20:00:00,2025,8,20,20,13.86,100.0,1.25,1.74,64.76,0.0,90.0
Karnali_Center,29.267,82.183,2025082021,2025-08-20 21:00:00,2025,8,20,21,13.87,100.0,1.5,2.22,54.45,0.0,90.0
Karnali_Center,29.267,82.183,2025082022,2025-08-20 22:00:00,2025,8,20,22,13.86,100.0,1.66,2.49,77.94,0.0,90.0
Karnali_Center,29.267,82.183,2025082023,2025-08-20 23:00:00,2025,8,20,23,13.57,100.0,1.81,2.67,94.08,0.0,90.0
Karnali_Center,29.267,82.183,2025082100,2025-08-21 00:00:00,2025,8,21,0,13.32,100.0,1.83,2.66,96.71,0.0,90.0
Karnali_Center,29.267,82.183,2025082101,2025-08-21 01:00:00,2025,8,21,1,13.01,100.0,1.76,2.44,72.29,0.0,90.0
Karnali_Center,29.267,82.183,2025082102,2025-08-21 02:00:00,2025,8,21,2,12.77,100.0,1.65,2.2,96.7,0.0,90.0
Karnali_Center,29.267,82.183,2025082103,2025-08-21 03:00:00,2025,8,21,3,12.73,100.0,1.43,1.83,92.24,0.0,90.0
Karnali_Center,29.267,82.183,2025082104,2025-08-21 04:00:00,2025,8,21,4,12.71,99.63,1.15,1.42,89.82,0.0,90.0
Karnali_Center,29.267,82.183,2025082105,2025-08-21 05:00:00,2025,8,21,5,13.06,97.55,0.95,1.17,90.06,34.4,84.72
Karnali_Center,29.267,82.183,2025082106,2025-08-21 06:00:00,2025,8,21,6,14.4,91.18,1.34,1.2,89.68,179.32,71.87
Karnali_Center,29.267,82.183,2025082107,2025-08-21 07:00:00,2025,8,21,7,15.95,82.42,2.03,1.62,90.77,335.92,58.87
Karnali_Center,29.267,82.183,2025082108,2025-08-21 08:00:00,2025,8,21,8,17.77,73.05,2.58,1.9,86.8,536.22,46.01
Karnali_Center,29.267,82.183,2025082109,2025-08-21 09:00:00,2025,8,21,9,19.48,66.62,3.17,2.3,16.6,705.55,33.72
Karnali_Center,29.267,82.183,2025082110,2025-08-21 10:00:00,2025,8,21,10,20.62,63.48,3.86,2.88,19.47,801.22,23.17
Karnali_Center,29.267,82.183,2025082111,2025-08-21 11:00:00,2025,8,21,11,21.1,62.72,4.43,3.43,20.47,826.58,17.97
Karnali_Center,29.267,82.183,2025082112,2025-08-21 12:00:00,2025,8,21,12,21.05,63.87,4.81,3.86,35.03,815.95,22.3
Karnali_Center,29.267,82.183,2025082113,2025-08-21 13:00:00,2025,8,21,13,20.72,65.63,5.01,4.19,68.5,614.42,32.53
Karnali_Center,29.267,82.183,2025082114,2025-08-21 14:00:00,2025,8,21,14,20.06,68.66,5.14,4.46,72.75,433.4,44.72
Karnali_Center,29.267,82.183,2025082115,2025-08-21 15:00:00,2025,8,21,15,19.03,73.13,5.07,4.54,81.48,270.23,57.56
Karnali_Center,29.267,82.183,2025082116,2025-08-21 16:00:00,2025,8,21,16,17.44,81.52,4.44,4.07,84.1,133.52,70.57
Karnali_Center,29.267,82.183,2025082117,2025-08-21 17:00:00,2025,8,21,17,16.02,90.68,3.34,3.05,85.17,32.83,83.5
Karnali_Center,29.267,82.183,2025082118,2025-08-21 18:00:00,2025,8,21,18,15.23,97.02,2.12,2.7,82.63,0.0,90.0
Karnali_Center,29.267,82.183,2025082119,2025-08-21 19:00:00,2025,8,21,19,15.09,98.25,1.95,2.91,90.06,0.0,90.0
Karnali_Center,29.267,82.183,2025082120,2025-08-21 20:00:00,2025,8,21,20,14.93,99.2,1.97,3.13,95.74,0.0,90.0
Karnali_Center,29.267,82.183,2025082121,2025-08-21 21:00:00,2025,8,21,21,14.75,100.0,2.08,3.32,97.81,0.0,90.0
Karnali_Center,29.267,82.183,2025082122,2025-08-21 22:00:00,2025,8,21,22,14.45,100.0,2.26,3.54,95.67,0.0,90.0
Karnali_Center,29.267,82.183,2025082123,2025-08-21 23:00:00,2025,8,21,23,14.18,100.0,2.13,3.55,97.52,0.0,90.0
Karnali_Center,29.267,82.183,2025082200,2025-08-22 00:00:00,2025,8,22,0,14.02,100.0,1.94,3.26,95.86,0.0,90.0
Karnali_Center,29.267,82.183,2025082201,2025-08-22 01:00:00,2025,8,22,1,13.73,100.0,1.66,2.66,97.65,0.0,90.0
Karnali_Center,29.267,82.183,2025082202,2025-08-22 02:00:00,2025,8,22,2,13.69,100.0,1.24,1.85,87.89,0.0,90.0
Karnali_Center,29.267,82.183,2025082203,2025-08-22 03:00:00,2025,8,22,3,13.64,98.72,0.85,1.11,99.21,0.0,90.0
Karnali_Center,29.267,82.183,2025082204,2025-08-22 04:00:00,2025,8,22,4,13.49,97.14,0.7,0.82,98.35,0.0,90.0
Karnali_Center,29.267,82.183,2025082205,2025-08-22 05:00:00,2025,8,22,5,13.45,96.26,0.74,0.95,93.75,32.67,84.81
Karnali_Center,29.267,82.183,2025082206,2025-08-22 06:00:00,2025,8,22,6,14.75,88.56,0.98,1.04,89.03,183.4,71.97
Karnali_Center,29.267,82.183,2025082207,2025-08-22 07:00:00,2025,8,22,7,16.49,77.97,1.45,1.23,85.39,352.23,58.97
Karnali_Center,29.267,82.183,2025082208,2025-08-22 08:00:00,2025,8,22,8,17.76,72.88,2.81,2.15,65.41,586.5,46.12
Karnali_Center,29.267,82.183,2025082209,2025-08-22 09:00:00,2025,8,22,9,18.86,70.05,3.46,2.59,72.66,741.72,33.87
Karnali_Center,29.267,82.183,2025082210,2025-08-22 10:00:00,2025,8,22,10,19.76,67.97,3.97,3.01,80.08,812.95,23.4
Karnali_Center,29.267,82.183,2025082211,2025-08-22 11:00:00,2025,8,22,11,20.1,67.81,4.37,3.47,71.4,816.55,18.3
Karnali_Center,29.267,82.183,2025082212,2025-08-22 12:00:00,2025,8,22,12,19.36,71.19,4.46,3.75,75.06,737.65,22.6
Karnali_Center,29.267,82.183,2025082213,2025-08-22 13:00:00,2025,8,22,13,18.34,76.9,4.34,3.8,77.87,544.9,32.78
Karnali_Center,29.267,82.183,2025082214,2025-08-22 14:00:00,2025,8,22,14,17.52,82.33,4.03,3.65,85.82,284.55,44.95
Karnali_Center,29.267,82.183,2025082215,2025-08-22 15:00:00,2025,8,22,15,16.91,86.66,3.71,3.44,95.41,151.05,57.77
Karnali_Center,29.267,82.183,2025082216,2025-08-22 16:00:00,2025,8,22,16,16.24,90.88,3.26,3.06,97.37,75.15,70.78
Karnali_Center,29.267,82.183,2025082217,2025-08-22 17:00:00,2025,8,22,17,15.53,95.34,2.45,2.46,99.93,18.42,83.72
Karnali_Center,29.267,82.183,2025082218,2025-08-22 18:00:00,2025,8,22,18,15.03,97.92,1.87,2.62,98.91,0.0,90.0
Karnali_Center,29.267,82.183,2025082219,2025-08-22 19:00:00,2025,8,22,19,14.75,98.4,1.8,2.54,99.1,0.0,90.0
Karnali_Center,29.267,82.183,2025082220,2025-08-22 20:00:00,2025,8,22,20,14.47,98.69,1.75,2.58,99.04,0.0,90.0
Karnali_Center,29.267,82.183,2025082221,2025-08-22 21:00:00,2025,8,22,21,14.12,98.92,1.63,2.56,99.02,0.0,90.0
Karnali_Center,29.267,82.183,2025082222,2025-08-22 22:00:00,2025,8,22,22,13.81,98.91,1.41,2.26,98.96,0.0,90.0
Karnali_Center,29.267,82.183,2025082223,2025-08-22 23:00:00,2025,8,22,23,13.53,98.18,1.38,2.45,98.26,0.0,90.0
Karnali_Center,29.267,82.183,2025082300,2025-08-23 00:00:00,2025,8,23,0,12.94,97.55,1.08,1.91,99.97,0.0,90.0
Karnali_Center,29.267,82.183,2025082301,2025-08-23 01:00:00,2025,8,23,1,12.36,96.73,1.05,1.73,99.1,0.0,90.0
Karnali_Center,29.267,82.183,2025082302,2025-08-23 02:00:00,2025,8,23,2,11.79,95.28,1.5,2.37,99.73,0.0,90.0
Karnali_Center,29.267,82.183,2025082303,2025-08-23 03:00:00,2025,8,23,3,11.18,93.94,1.77,2.52,97.88,0.0,90.0
Karnali_Center,29.267,82.183,2025082304,2025-08-23 04:00:00,2025,8,23,4,10.91,92.85,1.76,2.33,89.89,0.0,90.0
Karnali_Center,29.267,82.183,2025082305,2025-08-23 05:00:00,2025,8,23,5,11.26,91.68,1.55,2.17,81.33,39.38,84.91
Karnali_Center,29.267,82.183,2025082306,2025-08-23 06:00:00,2025,8,23,6,12.61,83.06,1.8,2.0,73.9,204.32,72.07
Karnali_Center,29.267,82.183,2025082307,2025-08-23 07:00:00,2025,8,23,7,14.57,73.56,1.2,1.41,66.61,409.85,59.07
Karnali_Center,29.267,82.183,2025082308,2025-08-23 08:00:00,2025,8,23,8,16.7,66.42,1.22,1.13,86.38,545.7,46.24
Karnali_Center,29.267,82.183,2025082309,2025-08-23 09:00:00,2025,8,23,9,18.69,62.33,2.09,1.6,42.06,648.53,34.02
Karnali_Center,29.267,82.183,2025082310,2025-08-23 10:00:00,2025,8,23,10,20.26,59.23,2.98,2.31,41.49,662.6,23.63
Karnali_Center,29.267,82.183,2025082311,2025-08-23 11:00:00,2025,8,23,11,21.06,58.58,3.83,3.08,65.72,634.42,18.62
Karnali_Center,29.267,82.183,2025082312,2025-08-23 12:00:00,2025,8,23,12,20.96,60.8,4.32,3.57,97.35,459.08,22.91
Karnali_Center,29.267,82.183,2025082313,2025-08-23 13:00:00,2025,8,23,13,20.09,65.35,4.17,3.51,92.31,415.8,33.04
Karnali_Center,29.267,82.183,2025082314,2025-08-23 14:00:00,2025,8,23,14,19.37,68.37,3.84,3.28,93.68,308.62,45.17
Karnali_Center,29.267,82.183,2025082315,2025-08-23 15:00:00,2025,8,23,15,18.54,71.36,3.4,2.98,99.13,181.68,57.99
Karnali_Center,29.267,82.183,2025082316,2025-08-23 16:00:00,2025,8,23,16,17.34,76.92,2.71,2.46,97.2,98.3,70.99
Karnali_Center,29.267,82.183,2025082317,2025-08-23 17:00:00,2025,8,23,17,15.74,87.8,1.51,1.67,96.51,22.4,83.94
Karnali_Center,29.267,82.183,2025082318,2025-08-23 18:00:00,2025,8,23,18,14.32,97.02,0.8,1.11,90.46,0.0,90.0
Karnali_Center,29.267,82.183,2025082319,2025-08-23 19:00:00,2025,8,23,19,13.9,98.33,0.72,0.95,96.1,0.0,90.0
Karnali_Center,29.267,82.183,2025082320,2025-08-23 20:00:00,2025,8,23,20,13.65,98.97,0.77,1.01,97.41,0.0,90.0
Karnali_Center,29.267,82.183,2025082321,2025-08-23 21:00:00,2025,8,23,21,13.46,98.72,0.8,1.01,93.0,0.0,90.0
Karnali_Center,29.267,82.183,2025082322,2025-08-23 22:00:00,2025,8,23,22,13.25,98.04,0.73,0.89,96.14,0.0,90.0
Karnali_Center,29.267,82.183,2025082323,2025-08-23 23:00:00,2025,8,23,23,12.94,97.66,0.8,0.96,96.8,0.0,90.0
Karnali_Center,29.267,82.183,2025082400,2025-08-24 00:00:00,2025,8,24,0,12.59,97.07,1.05,1.25,97.81,0.0,90.0
Karnali_Center,29.267,82.183,2025082401,2025-08-24 01:00:00,2025,8,24,1,12.17,96.39,1.26,1.49,91.0,0.0,90.0
Karnali_Center,29.267,82.183,2025082402,2025-08-24 02:00:00,2025,8,24,2,12.0,94.37,1.25,1.44,98.55,0.0,90.0
Karnali_Center,29.267,82.183,2025082403,2025-08-24 03:00:00,2025,8,24,3,12.07,91.68,1.01,1.16,83.18,0.0,90.0
Karnali_Center,29.267,82.183,2025082404,2025-08-24 04:00:00,2025,8,24,4,12.51,87.92,0.8,0.89,55.17,0.0,90.0
Karnali_Center,29.267,82.183,2025082405,2025-08-24 05:00:00,2025,8,24,5,13.12,86.79,0.59,0.65,53.8,42.0,85.01
Karnali_Center,29.267,82.183,2025082406,2025-08-24 06:00:00,2025,8,24,6,14.96,85.58,0.31,0.39,54.12,215.0,72.17
Karnali_Center,29.267,82.183,2025082407,2025-08-24 07:00:00,2025,8,24,7,16.52,78.27,1.61,1.34,53.12,425.45,59.17
Karnali_Center,29.267,82.183,2025082408,2025-08-24 08:00:00,2025,8,24,8,18.22,71.88,2.24,1.72,71.7,577.45,46.35
Karnali_Center,29.267,82.183,2025082409,2025-08-24 09:00:00,2025,8,24,9,19.56,66.89,2.94,2.26,34.81,662.38,34.17
Karnali_Center,29.267,82.183,2025082410,2025-08-24 10:00:00,2025,8,24,10,20.32,65.16,3.6,2.84,44.34,700.08,23.86
Karnali_Center,29.267,82.183,2025082411,2025-08-24 11:00:00,2025,8,24,11,20.38,66.35,4.05,3.32,42.69,687.72,18.96
Karnali_Center,29.267,82.183,2025082412,2025-08-24 12:00:00,2025,8,24,12,20.55,67.26,4.34,3.65,47.12,610.58,23.23
Karnali_Center,29.267,82.183,2025082413,2025-08-24 13:00:00,2025,8,24,13,20.05,69.46,4.66,4.07,80.51,523.42,33.3
Karnali_Center,29.267,82.183,2025082414,2025-08-24 14:00:00,2025,8,24,14,19.08,73.99,4.96,4.5,60.08,354.08,45.4
Karnali_Center,29.267,82.183,2025082415,2025-08-24 15:00:00,2025,8,24,15,18.2,78.43,4.99,4.67,56.14,235.7,58.2
Karnali_Center,29.267,82.183,2025082416,2025-08-24 16:00:00,2025,8,24,16,17.16,84.66,4.62,4.35,65.92,123.93,71.21
Karnali_Center,29.267,82.183,2025082417,2025-08-24 17:00:00,2025,8,24,17,16.05,92.67,3.66,3.43,81.64,23.38,84.15
Karnali_Center,29.267,82.183,2025082418,2025-08-24 18:00:00,2025,8,24,18,15.4,97.65,2.55,3.06,95.49,0.0,90.0
Karnali_Center,29.267,82.183,2025082419,2025-08-24 19:00:00,2025,8,24,19,15.38,98.63,2.27,3.14,92.36,0.0,90.0
Karnali_Center,29.267,82.183,2025082420,2025-08-24 20:00:00,2025,8,24,20,15.38,99.03,2.14,3.34,90.55,0.0,90.0
Karnali_Center,29.267,82.183,2025082421,2025-08-24 21:00:00,2025,8,24,21,15.1,100.0,1.78,2.92,96.75,0.0,90.0
Karnali_Center,29.267,82.183,2025082422,2025-08-24 22:00:00,2025,8,24,22,14.65,100.0,1.7,2.62,91.12,0.0,90.0
Karnali_Center,29.267,82.183,2025082423,2025-08-24 23:00:00,2025,8,24,23,14.28,100.0,1.58,2.34,94.8,0.0,90.0
Karnali_Center,29.267,82.183,2025082500,2025-08-25 00:00:00,2025,8,25,0,13.92,99.8,1.39,1.94,95.46,0.0,90.0
Karnali_Center,29.267,82.183,2025082501,2025-08-25 01:00:00,2025,8,25,1,13.72,98.48,1.19,1.57,86.42,0.0,90.0
Karnali_Center,29.267,82.183,2025082502,2025-08-25 02:00:00,2025,8,25,2,13.72,96.35,0.88,1.12,94.26,0.0,90.0
Karnali_Center,29.267,82.183,2025082503,2025-08-25 03:00:00,2025,8,25,3,13.62,95.3,0.9,1.11,91.12,0.0,90.0
Karnali_Center,29.267,82.183,2025082504,2025-08-25 04:00:00,2025,8,25,4,13.39,94.67,1.17,1.39,93.62,0.0,90.0
Karnali_Center,29.267,82.183,2025082505,2025-08-25 05:00:00,2025,8,25,5,13.56,93.12,1.2,1.44,93.74,35.92,85.1
Karnali_Center,29.267,82.183,2025082506,2025-08-25 06:00:00,2025,8,25,6,16.27,83.26,0.85,1.06,93.58,200.38,72.27
Karnali_Center,29.267,82.183,2025082507,2025-08-25 07:00:00,2025,8,25,7,18.66,67.8,1.5,1.21,94.55,399.02,59.28
Karnali_Center,29.267,82.183,2025082508,2025-08-25 08:00:00,2025,8,25,8,19.95,64.29,3.01,2.37,81.47,576.65,46.47
Karnali_Center,29.267,82.183,2025082509,2025-08-25 09:00:00,2025,8,25,9,20.75,63.66,3.62,2.8,17.89,711.15,34.33
Karnali_Center,29.267,82.183,2025082510,2025-08-25 10:00:00,2025,8,25,10,20.97,65.31,4.12,3.25,66.01,611.4,24.1
Karnali_Center,29.267,82.183,2025082511,2025-08-25 11:00:00,2025,8,25,11,20.92,66.38,4.64,3.86,83.35,467.95,19.29
Karnali_Center,29.267,82.183,2025082512,2025-08-25 12:00:00,2025,8,25,12,19.98,70.65,4.96,4.3,71.47,523.4,23.55
Karnali_Center,29.267,82.183,2025082513,2025-08-25 13:00:00,2025,8,25,13,18.69,77.2,4.92,4.37,92.7,408.77,33.56
Karnali_Center,29.267,82.183,2025082514,2025-08-25 14:00:00,2025,8,25,14,17.82,81.9,4.87,4.45,89.03,302.62,45.64
Karnali_Center,29.267,82.183,2025082515,2025-08-25 15:00:00,2025,8,25,15,17.05,86.21,4.79,4.48,94.13,198.05,58.43
Karnali_Center,29.267,82.183,2025082516,2025-08-25 16:00:00,2025,8,25,16,16.31,90.21,4.44,4.17,93.69,104.43,71.43
Karnali_Center,29.267,82.183,2025082517,2025-08-25 17:00:00,2025,8,25,17,15.52,95.03,3.33,3.16,99.17,16.3,84.37
Karnali_Center,29.267,82.183,2025082518,2025-08-25 18:00:00,2025,8,25,18,14.97,97.7,2.48,3.22,99.02,0.0,90.0
Karnali_Center,29.267,82.183,2025082519,2025-08-25 19:00:00,2025,8,25,19,14.49,98.49,2.07,2.88,99.37,0.0,90.0
Karnali_Center,29.267,82.183,2025082520,2025-08-25 20:00:00,2025,8,25,20,13.88,99.82,1.5,1.95,95.97,0.0,90.0
Karnali_Center,29.267,82.183,2025082521,2025-08-25 21:00:00,2025,8,25,21,13.58,99.48,1.15,1.45,98.55,0.0,90.0
Karnali_Center,29.267,82.183,2025082522,2025-08-25 22:00:00,2025,8,25,22,13.36,98.61,0.92,1.19,99.54,0.0,90.0
Karnali_Center,29.267,82.183,2025082523,2025-08-25 23:00:00,2025,8,25,23,13.07,98.28,0.91,1.15,99.48,0.0,90.0
Karnali_Center,29.267,82.183,2025082600,2025-08-26 00:00:00,2025,8,26,0,12.7,98.46,1.02,1.27,99.5,0.0,90.0
Karnali_Center,29.267,82.183,2025082601,2025-08-26 01:00:00,2025,8,26,1,12.24,99.11,1.21,1.52,99.51,0.0,90.0
Karnali_Center,29.267,82.183,2025082602,2025-08-26 02:00:00,2025,8,26,2,11.69,99.83,1.45,1.83,98.13,0.0,90.0
Karnali_Center,29.267,82.183,2025082603,2025-08-26 03:00:00,2025,8,26,3,11.12,100.0,1.63,2.12,84.46,0.0,90.0
Karnali_Center,29.267,82.183,2025082604,2025-08-26 04:00:00,2025,8,26,4,10.55,100.0,1.76,2.27,67.07,0.0,90.0
Karnali_Center,29.267,82.183,2025082605,2025-08-26 05:00:00,2025,8,26,5,11.04,96.23,1.77,2.25,64.53,37.6,85.19
Karnali_Center,29.267,82.183,2025082606,2025-08-26 06:00:00,2025,8,26,6,13.99,82.33,1.55,1.5,63.2,199.07,72.37
Karnali_Center,29.267,82.183,2025082607,2025-08-26 07:00:00,2025,8,26,7,17.21,65.86,0.69,0.39,14.84,417.1,59.38
Karnali_Center,29.267,82.183,2025082608,2025-08-26 08:00:00,2025,8,26,8,19.04,59.88,2.17,1.59,13.08,601.7,46.59
Karnali_Center,29.267,82.183,2025082609,2025-08-26 09:00:00,2025,8,26,9,20.2,58.36,2.99,2.24,7.63,727.7,34.49
Karnali_Center,29.267,82.183,2025082610,2025-08-26 10:00:00,2025,8,26,10,20.85,58.87,3.58,2.74,22.27,764.33,24.34
Karnali_Center,29.267,82.183,2025082611,2025-08-26 11:00:00,2025,8,26,11,20.97,61.07,3.9,3.05,29.67,745.72,19.63
Karnali_Center,29.267,82.183,2025082612,2025-08-26 12:00:00,2025,8,26,12,20.7,63.97,3.96,3.18,74.04,742.72,23.87
Karnali_Center,29.267,82.183,2025082613,2025-08-26 13:00:00,2025,8,26,13,20.02,67.01,3.92,3.27,91.43,591.17,33.84
Karnali_Center,29.267,82.183,2025082614,2025-08-26 14:00:00,2025,8,26,14,19.41,69.96,3.84,3.31,88.82,421.7,45.88
Karnali_Center,29.267,82.183,2025082615,2025-08-26 15:00:00,2025,8,26,15,18.33,74.35,3.59,3.18,86.25,266.85,58.65
Karnali_Center,29.267,82.183,2025082616,2025-08-26 16:00:00,2025,8,26,16,17.02,80.31,3.05,2.79,85.63,130.12,71.65
Karnali_Center,29.267,82.183,2025082617,2025-08-26 17:00:00,2025,8,26,17,15.61,88.74,2.19,2.05,87.09,25.42,84.58
Karnali_Center,29.267,82.183,2025082618,2025-08-26 18:00:00,2025,8,26,18,14.5,96.88,1.16,1.62,84.94,0.0,90.0
Karnali_Center,29.267,82.183,2025082619,2025-08-26 19:00:00,2025,8,26,19,14.07,98.82,0.96,1.35,84.95,0.0,90.0
Karnali_Center,29.267,82.183,2025082620,2025-08-26 20:00:00,2025,8,26,20,13.85,99.56,0.95,1.28,78.21,0.0,90.0
Karnali_Center,29.267,82.183,2025082621,2025-08-26 21:00:00,2025,8,26,21,13.6,100.0,1.08,1.46,84.99,0.0,90.0
Karnali_Center,29.267,82.183,2025082622,2025-08-26 22:00:00,2025,8,26,22,13.29,100.0,1.24,1.67,90.6,0.0,90.0
Karnali_Center,29.267,82.183,2025082623,2025-08-26 23:00:00,2025,8,26,23,13.17,100.0,1.22,1.58,81.33,0.0,90.0
Karnali_Center,29.267,82.183,2025082700,2025-08-27 00:00:00,2025,8,27,0,13.27,100.0,0.98,1.27,70.36,0.0,90.0
Karnali_Center,29.267,82.183,2025082701,2025-08-27 01:00:00,2025,8,27,1,13.2,99.57,0.78,0.99,94.92,0.0,90.0
Karnali_Center,29.267,82.183,2025082702,2025-08-27 02:00:00,2025,8,27,2,12.87,100.0,0.82,1.04,90.6,0.0,90.0
Karnali_Center,29.267,82.183,2025082703,2025-08-27 03:00:00,2025,8,27,3,12.65,100.0,0.9,1.14,75.08,0.0,90.0
Karnali_Center,29.267,82.183,2025082704,2025-08-27 04:00:00,2025,8,27,4,12.74,99.32,0.64,0.81,71.99,0.0,90.0
Karnali_Center,29.267,82.183,2025082705,2025-08-27 05:00:00,2025,8,27,5,13.28,98.22,0.13,0.17,76.83,34.2,85.29
Karnali_Center,29.267,82.183,2025082706,2025-08-27 06:00:00,2025,8,27,6,15.21,88.94,0.21,0.19,81.67,190.3,72.47
Karnali_Center,29.267,82.183,2025082707,2025-08-27 07:00:00,2025,8,27,7,17.41,74.22,1.46,1.03,86.96,394.0,59.48
Karnali_Center,29.267,82.183,2025082708,2025-08-27 08:00:00,2025,8,27,8,18.93,69.14,2.97,2.21,82.4,587.62,46.71
Karnali_Center,29.267,82.183,2025082709,2025-08-27 09:00:00,2025,8,27,9,20.15,66.59,3.91,2.96,82.34,732.08,34.65
Karnali_Center,29.267,82.183,2025082710,2025-08-27 10:00:00,2025,8,27,10,20.85,65.86,4.49,3.47,2.9,821.85,24.59
Karnali_Center,29.267,82.183,2025082711,2025-08-27 11:00:00,2025,8,27,11,21.13,66.18,4.9,3.95,6.58,839.9,19.97
Karnali_Center,29.267,82.183,2025082712,2025-08-27 12:00:00,2025,8,27,12,21.2,66.88,5.21,4.36,67.3,775.45,24.2
Karnali_Center,29.267,82.183,2025082713,2025-08-27 13:00:00,2025,8,27,13,20.81,69.04,5.42,4.75,84.17,553.5,34.11
Karnali_Center,29.267,82.183,2025082714,2025-08-27 14:00:00,2025,8,27,14,19.91,72.95,5.36,4.91,90.36,374.73,46.12
Karnali_Center,29.267,82.183,2025082715,2025-08-27 15:00:00,2025,8,27,15,18.75,78.5,5.01,4.73,93.2,236.88,58.88
Karnali_Center,29.267,82.183,2025082716,2025-08-27 16:00:00,2025,8,27,16,17.49,85.43,4.3,4.08,94.04,115.12,71.88
Karnali_Center,29.267,82.183,2025082717,2025-08-27 17:00:00,2025,8,27,17,16.31,93.55,3.14,3.05,97.03,19.98,84.79
Karnali_Center,29.267,82.183,2025082718,2025-08-27 18:00:00,2025,8,27,18,15.82,97.38,2.42,3.08,95.74,0.0,90.0
Karnali_Center,29.267,82.183,2025082719,2025-08-27 19:00:00,2025,8,27,19,15.64,98.3,2.21,3.1,95.82,0.0,90.0
Karnali_Center,29.267,82.183,2025082720,2025-08-27 20:00:00,2025,8,27,20,15.43,98.43,1.99,3.01,97.91,0.0,90.0
Karnali_Center,29.267,82.183,2025082721,2025-08-27 21:00:00,2025,8,27,21,15.32,97.81,2.12,3.03,98.41,0.0,90.0
Karnali_Center,29.267,82.183,2025082722,2025-08-27 22:00:00,2025,8,27,22,15.08,98.04,2.01,3.11,98.88,0.0,90.0
Karnali_Center,29.267,82.183,2025082723,2025-08-27 23:00:00,2025,8,27,23,15.06,98.18,2.36,3.6,99.48,0.0,90.0
Karnali_Center,29.267,82.183,2025082800,2025-08-28 00:00:00,2025,8,28,0,15.19,97.79,2.92,4.08,99.98,0.0,90.0
Karnali_Center,29.267,82.183,2025082801,2025-08-28 01:00:00,2025,8,28,1,14.69,99.29,2.64,4.14,99.36,0.0,90.0
Karnali_Center,29.267,82.183,2025082802,2025-08-28 02:00:00,2025,8,28,2,14.13,100.0,2.19,3.7,99.9,0.0,90.0
Karnali_Center,29.267,82.183,2025082803,2025-08-28 03:00:00,2025,8,28,3,13.71,100.0,1.91,3.01,99.47,0.0,90.0
Karnali_Center,29.267,82.183,2025082804,2025-08-28 04:00:00,2025,8,28,4,13.59,99.48,1.49,2.14,99.62,0.0,90.0
Karnali_Center,29.267,82.183,2025082805,2025-08-28 05:00:00,2025,8,28,5,13.66,98.36,1.33,1.78,98.55,23.6,85.38
Karnali_Center,29.267,82.183,2025082806,2025-08-28 06:00:00,2025,8,28,6,14.81,92.84,1.95,2.0,96.3,129.8,72.57
Karnali_Center,29.267,82.183,2025082807,2025-08-28 07:00:00,2025,8,28,7,15.3,88.05,2.8,2.72,94.89,252.55,59.59
Karnali_Center,29.267,82.183,2025082808,2025-08-28 08:00:00,2025,8,28,8,16.0,82.37,3.6,3.43,58.74,417.62,46.83
Karnali_Center,29.267,82.183,2025082809,2025-08-28 09:00:00,2025,8,28,9,16.67,77.09,4.14,3.86,47.83,546.95,34.82
Karnali_Center,29.267,82.183,2025082810,2025-08-28 10:00:00,2025,8,28,10,17.31,72.57,4.31,3.87,43.39,580.1,24.83
Karnali_Center,29.267,82.183,2025082811,2025-08-28 11:00:00,2025,8,28,11,17.65,70.89,3.87,3.34,83.07,590.85,20.32
Karnali_Center,29.267,82.183,2025082812,2025-08-28 12:00:00,2025,8,28,12,17.35,71.75,3.07,2.62,94.44,501.73,24.53
Karnali_Center,29.267,82.183,2025082813,2025-08-28 13:00:00,2025,8,28,13,16.72,73.19,2.31,1.99,94.79,288.9,34.39
Karnali_Center,29.267,82.183,2025082814,2025-08-28 14:00:00,2025,8,28,14,16.2,74.52,1.86,1.67,95.54,235.85,46.37
Karnali_Center,29.267,82.183,2025082815,2025-08-28 15:00:00,2025,8,28,15,15.45,77.59,1.35,1.22,97.91,145.95,59.12
Karnali_Center,29.267,82.183,2025082816,2025-08-28 16:00:00,2025,8,28,16,14.36,83.54,0.2,0.33,98.74,82.43,72.11
Karnali_Center,29.267,82.183,2025082817,2025-08-28 17:00:00,2025,8,28,17,13.16,92.54,1.35,1.84,99.96,16.08,85.0
Karnali_Center,29.267,82.183,2025082818,2025-08-28 18:00:00,2025,8,28,18,12.26,95.03,1.52,2.15,97.64,0.0,90.0
Karnali_Center,29.267,82.183,2025082819,2025-08-28 19:00:00,2025,8,28,19,11.7,94.98,1.49,2.16,94.11,0.0,90.0
Karnali_Center,29.267,82.183,2025082820,2025-08-28 20:00:00,2025,8,28,20,11.3,93.91,1.28,1.78,96.81,0.0,90.0
Karnali_Center,29.267,82.183,2025082821,2025-08-28 21:00:00,2025,8,28,21,11.02,92.9,1.13,1.52,99.26,0.0,90.0
Karnali_Center,29.267,82.183,2025082822,2025-08-28 22:00:00,2025,8,28,22,11.12,90.53,0.78,1.09,99.14,0.0,90.0
Karnali_Center,29.267,82.183,2025082823,2025-08-28 23:00:00,2025,8,28,23,11.11,90.52,0.94,1.28,89.3,0.0,90.0
Karnali_Center,29.267,82.183,2025082900,2025-08-29 00:00:00,2025,8,29,0,11.05,90.57,0.77,1.03,98.89,0.0,90.0
Karnali_Center,29.267,82.183,2025082901,2025-08-29 01:00:00,2025,8,29,1,10.97,91.66,0.87,1.23,99.75,0.0,90.0
Karnali_Center,29.267,82.183,2025082902,2025-08-29 02:00:00,2025,8,29,2,10.92,91.23,0.83,1.22,99.24,0.0,90.0
Karnali_Center,29.267,82.183,2025082903,2025-08-29 03:00:00,2025,8,29,3,10.88,90.77,0.65,0.97,98.91,0.0,90.0
Karnali_Center,29.267,82.183,2025082904,2025-08-29 04:00:00,2025,8,29,4,10.81,91.42,0.61,0.91,98.56,0.0,90.0
Karnali_Center,29.267,82.183,2025082905,2025-08-29 05:00:00,2025,8,29,5,10.8,91.7,0.72,1.05,86.34,17.0,85.47
Karnali_Center,29.267,82.183,2025082906,2025-08-29 06:00:00,2025,8,29,6,11.38,88.38,0.88,0.97,73.18,83.3,72.68
Karnali_Center,29.267,82.183,2025082907,2025-08-29 07:00:00,2025,8,29,7,12.31,88.05,0.53,0.55,59.86,155.48,59.69
Karnali_Center,29.267,82.183,2025082908,2025-08-29 08:00:00,2025,8,29,8,13.75,84.82,1.25,1.13,37.7,289.73,46.96
Karnali_Center,29.267,82.183,2025082909,2025-08-29 09:00:00,2025,8,29,9,14.8,81.69,2.12,1.78,35.29,393.52,34.98
Karnali_Center,29.267,82.183,2025082910,2025-08-29 10:00:00,2025,8,29,10,15.68,78.32,2.48,1.99,16.9,450.62,25.09
Karnali_Center,29.267,82.183,2025082911,2025-08-29 11:00:00,2025,8,29,11,16.56,74.72,2.75,2.15,6.55,444.55,20.66
Karnali_Center,29.267,82.183,2025082912,2025-08-29 12:00:00,2025,8,29,12,16.91,73.62,2.98,2.35,28.13,455.98,24.87
Karnali_Center,29.267,82.183,2025082913,2025-08-29 13:00:00,2025,8,29,13,16.8,74.63,3.13,2.54,58.08,393.25,34.67
Karnali_Center,29.267,82.183,2025082914,2025-08-29 14:00:00,2025,8,29,14,16.34,77.5,3.15,2.66,56.0,251.95,46.62
Karnali_Center,29.267,82.183,2025082915,2025-08-29 15:00:00,2025,8,29,15,15.61,82.57,2.88,2.55,83.26,157.73,59.35
Karnali_Center,29.267,82.183,2025082916,2025-08-29 16:00:00,2025,8,29,16,14.79,88.84,2.37,2.18,85.68,82.22,72.34
Karnali_Center,29.267,82.183,2025082917,2025-08-29 17:00:00,2025,8,29,17,13.96,95.72,1.51,1.75,88.18,20.17,85.2
Karnali_Center,29.267,82.183,2025082918,2025-08-29 18:00:00,2025,8,29,18,13.37,98.94,1.17,1.81,99.35,0.0,90.0
Karnali_Center,29.267,82.183,2025082919,2025-08-29 19:00:00,2025,8,29,19,13.17,99.61,1.24,1.9,99.39,0.0,90.0
Karnali_Center,29.267,82.183,2025082920,2025-08-29 20:00:00,2025,8,29,20,12.82,99.64,1.23,1.81,99.51,0.0,90.0
Karnali_Center,29.267,82.183,2025082921,2025-08-29 21:00:00,2025,8,29,21,12.52,99.77,1.29,1.87,99.95,0.0,90.0
Karnali_Center,29.267,82.183,2025082922,2025-08-29 22:00:00,2025,8,29,22,12.32,99.67,1.3,1.87,99.98,0.0,90.0
Karnali_Center,29.267,82.183,2025082923,2025-08-29 23:00:00,2025,8,29,23,11.98,99.96,1.31,1.79,99.92,0.0,90.0
Karnali_Center,29.267,82.183,2025083000,2025-08-30 00:00:00,2025,8,30,0,11.84,99.46,1.15,1.49,100.0,0.0,90.0
Karnali_Center,29.267,82.183,2025083001,2025-08-30 01:00:00,2025,8,30,1,11.8,98.69,0.92,1.14,99.87,0.0,90.0
Karnali_Center,29.267,82.183,2025083002,2025-08-30 02:00:00,2025,8,30,2,11.73,98.2,0.79,0.97,5.31,0.0,90.0
Karnali_Center,29.267,82.183,2025083003,2025-08-30 03:00:00,2025,8,30,3,11.69,97.63,0.58,0.72,99.86,0.0,90.0
Karnali_Center,29.267,82.183,2025083004,2025-08-30 04:00:00,2025,8,30,4,11.71,96.71,0.4,0.5,99.82,0.0,90.0
Karnali_Center,29.267,82.183,2025083005,2025-08-30 05:00:00,2025,8,30,5,11.77,97.02,0.53,0.71,99.41,22.7,85.56
Karnali_Center,29.267,82.183,2025083006,2025-08-30 06:00:00,2025,8,30,6,13.34,90.75,0.71,0.8,93.66,136.57,72.78
Karnali_Center,29.267,82.183,2025083007,2025-08-30 07:00:00,2025,8,30,7,15.39,80.47,0.6,0.49,92.77,281.52,59.8
Karnali_Center,29.267,82.183,2025083008,2025-08-30 08:00:00,2025,8,30,8,17.32,71.46,2.16,1.58,0.63,448.95,47.09
Karnali_Center,29.267,82.183,2025083009,2025-08-30 09:00:00,2025,8,30,9,18.56,67.71,3.08,2.31,94.51,543.08,35.16
Karnali_Center,29.267,82.183,2025083010,2025-08-30 10:00:00,2025,8,30,10,19.18,67.12,3.66,2.81,96.4,649.75,25.34
Karnali_Center,29.267,82.183,2025083011,2025-08-30 11:00:00,2025,8,30,11,19.33,68.25,3.95,3.11,95.97,663.9,21.01
Karnali_Center,29.267,82.183,2025083012,2025-08-30 12:00:00,2025,8,30,12,19.21,69.85,4.04,3.25,65.16,647.3,25.21
Karnali_Center,29.267,82.183,2025083013,2025-08-30 13:00:00,2025,8,30,13,18.72,72.08,3.97,3.29,71.03,562.03,34.96
Karnali_Center,29.267,82.183,2025083014,2025-08-30 14:00:00,2025,8,30,14,18.1,74.63,3.81,3.23,94.02,406.3,46.88
Karnali_Center,29.267,82.183,2025083015,2025-08-30 15:00:00,2025,8,30,15,17.25,77.56,3.53,3.09,91.26,255.65,59.59
Karnali_Center,29.267,82.183,2025083016,2025-08-30 16:00:00,2025,8,30,16,16.17,83.38,2.93,2.65,90.45,134.12,72.58
Karnali_Center,29.267,82.183,2025083017,2025-08-30 17:00:00,2025,8,30,17,14.86,92.81,1.87,1.86,94.4,23.48,85.41
Karnali_Center,29.267,82.183,2025083018,2025-08-30 18:00:00,2025,8,30,18,14.28,98.22,1.12,1.67,95.35,0.0,90.0
Karnali_Center,29.267,82.183,2025083019,2025-08-30 19:00:00,2025,8,30,19,14.15,98.95,1.22,1.83,95.9,0.0,90.0
Karnali_Center,29.267,82.183,2025083020,2025-08-30 20:00:00,2025,8,30,20,14.08,99.7,1.47,2.3,98.18,0.0,90.0
Karnali_Center,29.267,82.183,2025083021,2025-08-30 21:00:00,2025,8,30,21,14.09,100.0,2.11,3.29,98.14,0.0,90.0
Karnali_Center,29.267,82.183,2025083022,2025-08-30 22:00:00,2025,8,30,22,14.0,99.66,3.08,4.25,52.08,0.0,90.0
Karnali_Center,29.267,82.183,2025083023,2025-08-30 23:00:00,2025,8,30,23,13.49,98.79,3.31,4.25,61.34,0.0,90.0
Karnali_Center,29.267,82.183,2025083100,2025-08-31 00:00:00,2025,8,31,0,12.86,98.7,2.37,3.42,99.14,0.0,90.0
Karnali_Center,29.267,82.183,2025083101,2025-08-31 01:00:00,2025,8,31,1,12.41,99.34,1.89,2.95,99.68,0.0,90.0
Karnali_Center,29.267,82.183,2025083102,2025-08-31 02:00:00,2025,8,31,2,12.15,99.51,1.76,2.69,19.26,0.0,90.0
Karnali_Center,29.267,82.183,2025083103,2025-08-31 03:00:00,2025,8,31,3,11.91,99.64,1.6,2.34,99.78,0.0,90.0
Karnali_Center,29.267,82.183,2025083104,2025-08-31 04:00:00,2025,8,31,4,11.71,99.16,1.38,1.92,99.86,0.0,90.0
Karnali_Center,29.267,82.183,2025083105,2025-08-31 05:00:00,2025,8,31,5,11.85,97.63,1.28,1.71,99.98,16.7,85.65
Karnali_Center,29.267,82.183,2025083106,2025-08-31 06:00:00,2025,8,31,6,13.04,91.94,1.86,1.95,4.04,93.68,72.88
Karnali_Center,29.267,82.183,2025083107,2025-08-31 07:00:00,2025,8,31,7,14.04,86.04,2.36,2.33,6.72,192.57,59.91
Karnali_Center,29.267,82.183,2025083108,2025-08-31 08:00:00,2025,8,31,8,15.08,79.93,2.57,2.42,8.79,319.1,47.21
Karnali_Center,29.267,82.183,2025083109,2025-08-31 09:00:00,2025,8,31,9,16.28,75.11,2.9,2.52,17.88,367.98,35.33
Karnali_Center,29.267,82.183,2025083110,2025-08-31 10:00:00,2025,8,31,10,17.61,70.63,3.51,2.93,98.16,394.8,25.6
Karnali_Center,29.267,82.183,2025083111,2025-08-31 11:00:00,2025,8,31,11,18.47,68.18,4.29,3.57,12.04,454.58,21.37
Karnali_Center,29.267,82.183,2025083112,2025-08-31 12:00:00,2025,8,31,12,18.36,68.96,4.93,4.23,96.28,435.12,25.55
Karnali_Center,29.267,82.183,2025083113,2025-08-31 13:00:00,2025,8,31,13,18.37,69.5,5.31,4.67,30.02,394.02,35.25
Karnali_Center,29.267,82.183,2025083114,2025-08-31 14:00:00,2025,8,31,14,17.58,73.0,5.16,4.65,97.53,328.92,47.13
Karnali_Center,29.267,82.183,2025083115,2025-08-31 15:00:00,2025,8,31,15,17.02,76.27,4.81,4.43,98.71,200.12,59.83
Karnali_Center,29.267,82.183,2025083116,2025-08-31 16:00:00,2025,8,31,16,15.99,81.83,3.98,3.71,99.08,98.28,72.82
Karnali_Center,29.267,82.183,2025083117,2025-08-31 17:00:00,2025,8,31,17,14.56,92.07,2.52,2.55,99.58,16.52,85.61
Karnali_Center,29.267,82.183,2025083118,2025-08-31 18:00:00,2025,8,31,18,13.94,97.98,1.51,2.18,99.84,0.0,90.0
Karnali_Center,29.267,82.183,2025083119,2025-08-31 19:00:00,2025,8,31,19,13.83,98.82,1.41,2.23,99.99,0.0,90.0
Karnali_Center,29.267,82.183,2025083120,2025-08-31 20:00:00,2025,8,31,20,13.7,99.54,1.4,2.12,99.93,0.0,90.0
Karnali_Center,29.267,82.183,2025083121,2025-08-31 21:00:00,2025,8,31,21,13.5,99.84,1.42,2.17,99.72,0.0,90.0
Karnali_Center,29.267,82.183,2025083122,2025-08-31 22:00:00,2025,8,31,22,13.2,99.72,1.44,2.25,99.54,0.0,90.0
Karnali_Center,29.267,82.183,2025083123,2025-08-31 23:00:00,2025,8,31,23,12.89,99.8,1.39,2.22,99.48,0.0,90.0
Karnali_Center,29.267,82.183,2025090100,2025-09-01 00:00:00,2025,9,1,0,12.7,99.6,1.31,2.06,99.92,0.0,90.0
Karnali_Center,29.267,82.183,2025090101,2025-09-01 01:00:00,2025,9,1,1,12.49,99.29,1.18,1.84,99.9,0.0,90.0
Karnali_Center,29.267,82.183,2025090102,2025-09-01 02:00:00,2025,9,1,2,12.25,98.85,1.01,1.56,92.17,0.0,90.0
Karnali_Center,29.267,82.183,2025090103,2025-09-01 03:00:00,2025,9,1,3,12.0,98.53,0.99,1.58,99.15,0.0,90.0
Karnali_Center,29.267,82.183,2025090104,2025-09-01 04:00:00,2025,9,1,4,11.86,98.32,0.96,1.61,99.77,0.0,90.0
Karnali_Center,29.267,82.183,2025090105,2025-09-01 05:00:00,2025,9,1,5,11.89,97.58,0.96,1.59,70.03,9.4,85.74
Karnali_Center,29.267,82.183,2025090106,2025-09-01 06:00:00,2025,9,1,6,12.47,93.59,1.61,1.68,69.93,73.28,72.98
Karnali_Center,29.267,82.183,2025090107,2025-09-01 07:00:00,2025,9,1,7,13.34,89.66,1.83,1.82,70.15,159.55,60.02
Karnali_Center,29.267,82.183,2025090108,2025-09-01 08:00:00,2025,9,1,8,14.3,86.72,2.55,2.46,69.89,254.15,47.34
Karnali_Center,29.267,82.183,2025090109,2025-09-01 09:00:00,2025,9,1,9,15.69,79.11,3.25,3.05,50.64,344.77,35.51
Karnali_Center,29.267,82.183,2025090110,2025-09-01 10:00:00,2025,9,1,10,16.43,74.26,3.53,3.25,36.13,354.27,25.87
Karnali_Center,29.267,82.183,2025090111,2025-09-01 11:00:00,2025,9,1,11,16.83,72.11,3.76,3.47,59.07,372.0,21.72
Karnali_Center,29.267,82.183,2025090112,2025-09-01 12:00:00,2025,9,1,12,16.85,72.08,3.84,3.55,66.95,349.52,25.9
Karnali_Center,29.267,82.183,2025090113,2025-09-01 13:00:00,2025,9,1,13,16.59,73.88,3.64,3.37,96.9,351.48,35.55
Karnali_Center,29.267,82.183,2025090114,2025-09-01 14:00:00,2025,9,1,14,15.8,79.36,3.0,2.77,98.06,263.17,47.4
Karnali_Center,29.267,82.183,2025090115,2025-09-01 15:00:00,2025,9,1,15,14.99,85.38,2.51,2.32,98.29,175.43,60.08
Karnali_Center,29.267,82.183,2025090116,2025-09-01 16:00:00,2025,9,1,16,14.19,90.89,2.38,2.21,99.86,80.93,73.06
Karnali_Center,29.267,82.183,2025090117,2025-09-01 17:00:00,2025,9,1,17,13.39,95.71,1.77,2.11,100.0,12.77,85.81
Karnali_Center,29.267,82.183,2025090118,2025-09-01 18:00:00,2025,9,1,18,12.63,97.83,1.46,2.23,99.79,0.0,90.0
Karnali_Center,29.267,82.183,2025090119,2025-09-01 19:00:00,2025,9,1,19,12.38,97.52,1.17,1.87,99.75,0.0,90.0
Karnali_Center,29.267,82.183,2025090120,2025-09-01 20:00:00,2025,9,1,20,12.05,96.92,0.9,1.49,44.26,0.0,90.0
Karnali_Center,29.267,82.183,2025090121,2025-09-01 21:00:00,2025,9,1,21,11.67,96.84,0.7,1.22,47.93,0.0,90.0
Karnali_Center,29.267,82.183,2025090122,2025-09-01 22:00:00,2025,9,1,22,11.27,96.43,0.87,1.48,58.51,0.0,90.0
Karnali_Center,29.267,82.183,2025090123,2025-09-01 23:00:00,2025,9,1,23,10.95,95.66,1.18,1.95,99.49,0.0,90.0
Karnali_Center,29.267,82.183,2025090200,2025-09-02 00:00:00,2025,9,2,0,10.58,94.67,1.52,2.31,99.94,0.0,90.0
Karnali_Center,29.267,82.183,2025090201,2025-09-02 01:00:00,2025,9,2,1,10.21,93.77,1.67,2.41,99.92,0.0,90.0
Karnali_Center,29.267,82.183,2025090202,2025-09-02 02:00:00,2025,9,2,2,9.85,93.49,1.66,2.47,99.95,0.0,90.0
Karnali_Center,29.267,82.183,2025090203,2025-09-02 03:00:00,2025,9,2,3,9.7,93.1,1.6,2.45,98.7,0.0,90.0
Karnali_Center,29.267,82.183,2025090204,2025-09-02 04:00:00,2025,9,2,4,9.66,93.39,1.42,2.22,99.89,0.0,90.0
Karnali_Center,29.267,82.183,2025090205,2025-09-02 05:00:00,2025,9,2,5,9.88,92.71,1.4,2.06,100.0,17.58,85.82
Karnali_Center,29.267,82.183,2025090206,2025-09-02 06:00:00,2025,9,2,6,10.75,87.1,1.86,2.0,100.0,103.9,73.09
Karnali_Center,29.267,82.183,2025090207,2025-09-02 07:00:00,2025,9,2,7,12.07,84.4,1.54,1.6,100.0,202.18,60.13
Karnali_Center,29.267,82.183,2025090208,2025-09-02 08:00:00,2025,9,2,8,13.77,82.01,1.97,2.14,83.35,304.02,47.48
Karnali_Center,29.267,82.183,2025090209,2025-09-02 09:00:00,2025,9,2,9,15.14,78.19,2.84,2.85,99.26,483.52,35.69
Karnali_Center,29.267,82.183,2025090210,2025-09-02 10:00:00,2025,9,2,10,16.23,74.58,3.31,3.08,80.68,555.47,26.14
Karnali_Center,29.267,82.183,2025090211,2025-09-02 11:00:00,2025,9,2,11,16.69,72.56,3.49,3.18,96.96,488.4,22.08
Karnali_Center,29.267,82.183,2025090212,2025-09-02 12:00:00,2025,9,2,12,16.67,72.48,3.66,3.32,78.15,367.38,26.25
Karnali_Center,29.267,82.183,2025090213,2025-09-02 13:00:00,2025,9,2,13,16.44,73.82,3.69,3.38,49.38,377.55,35.85
Karnali_Center,29.267,82.183,2025090214,2025-09-02 14:00:00,2025,9,2,14,16.13,75.58,3.49,3.22,48.09,291.3,47.66
Karnali_Center,29.267,82.183,2025090215,2025-09-02 15:00:00,2025,9,2,15,15.42,79.81,3.07,2.84,93.84,221.18,60.33
Karnali_Center,29.267,82.183,2025090216,2025-09-02 16:00:00,2025,9,2,16,14.49,86.55,2.37,2.23,95.84,108.0,73.3
Karnali_Center,29.267,82.183,2025090217,2025-09-02 17:00:00,2025,9,2,17,13.51,94.27,1.39,1.53,98.98,15.43,86.01
Karnali_Center,29.267,82.183,2025090218,2025-09-02 18:00:00,2025,9,2,18,12.85,98.36,0.95,1.39,97.77,0.0,90.0
Karnali_Center,29.267,82.183,2025090219,2025-09-02 19:00:00,2025,9,2,19,12.53,98.33,1.09,1.66,98.81,0.0,90.0
Karnali_Center,29.267,82.183,2025090220,2025-09-02 20:00:00,2025,9,2,20,12.3,97.98,1.21,1.92,98.82,0.0,90.0
Karnali_Center,29.267,82.183,2025090221,2025-09-02 21:00:00,2025,9,2,21,11.96,97.35,1.34,2.17,99.36,0.0,90.0
Karnali_Center,29.267,82.183,2025090222,2025-09-02 22:00:00,2025,9,2,22,11.68,96.66,1.33,2.15,99.57,0.0,90.0
Karnali_Center,29.267,82.183,2025090223,2025-09-02 23:00:00,2025,9,2,23,11.39,96.57,1.25,2.12,99.6,0.0,90.0
Karnali_Center,29.267,82.183,2025090300,2025-09-03 00:00:00,2025,9,3,0,11.08,96.3,1.2,2.01,99.82,0.0,90.0
Karnali_Center,29.267,82.183,2025090301,2025-09-03 01:00:00,2025,9,3,1,10.82,95.91,1.3,2.08,99.58,0.0,90.0
Karnali_Center,29.267,82.183,2025090302,2025-09-03 02:00:00,2025,9,3,2,10.59,95.39,1.41,2.16,99.88,0.0,90.0
Karnali_Center,29.267,82.183,2025090303,2025-09-03 03:00:00,2025,9,3,3,10.37,94.88,1.54,2.22,99.85,0.0,90.0
Karnali_Center,29.267,82.183,2025090304,2025-09-03 04:00:00,2025,9,3,4,10.19,94.21,1.59,2.17,99.32,0.0,90.0
Karnali_Center,29.267,82.183,2025090305,2025-09-03 05:00:00,2025,9,3,5,10.49,93.73,1.51,2.1,89.7,24.6,85.91
Karnali_Center,29.267,82.183,2025090306,2025-09-03 06:00:00,2025,9,3,6,12.29,87.08,1.56,1.9,79.3,187.27,73.19
Karnali_Center,29.267,82.183,2025090307,2025-09-03 07:00:00,2025,9,3,7,13.93,79.13,0.96,1.02,72.88,386.38,60.24
Karnali_Center,29.267,82.183,2025090308,2025-09-03 08:00:00,2025,9,3,8,15.14,74.85,0.81,0.78,65.33,604.53,47.61
Karnali_Center,29.267,82.183,2025090309,2025-09-03 09:00:00,2025,9,3,9,16.55,69.41,0.68,0.56,22.02,665.35,35.87
Karnali_Center,29.267,82.183,2025090310,2025-09-03 10:00:00,2025,9,3,10,17.73,65.23,0.97,0.45,26.9,709.4,26.41
Karnali_Center,29.267,82.183,2025090311,2025-09-03 11:00:00,2025,9,3,11,18.38,63.55,1.62,1.01,62.68,556.67,22.44
Karnali_Center,29.267,82.183,2025090312,2025-09-03 12:00:00,2025,9,3,12,18.54,63.63,2.1,1.52,71.78,485.6,26.6
Karnali_Center,29.267,82.183,2025090313,2025-09-03 13:00:00,2025,9,3,13,18.17,65.41,2.27,1.76,93.63,374.6,36.15
Karnali_Center,29.267,82.183,2025090314,2025-09-03 14:00:00,2025,9,3,14,17.5,68.49,2.38,1.95,93.86,258.88,47.93
Karnali_Center,29.267,82.183,2025090315,2025-09-03 15:00:00,2025,9,3,15,16.74,72.63,2.34,2.05,95.08,169.25,60.58
Karnali_Center,29.267,82.183,2025090316,2025-09-03 16:00:00,2025,9,3,16,15.71,79.56,2.02,1.94,97.44,76.3,73.55
Karnali_Center,29.267,82.183,2025090317,2025-09-03 17:00:00,2025,9,3,17,14.44,90.75,1.22,1.61,97.98,11.45,86.2
Karnali_Center,29.267,82.183,2025090318,2025-09-03 18:00:00,2025,9,3,18,13.54,95.53,1.11,1.61,92.72,0.0,90.0
Karnali_Center,29.267,82.183,2025090319,2025-09-03 19:00:00,2025,9,3,19,13.3,95.91,1.19,1.74,98.61,0.0,90.0
Karnali_Center,29.267,82.183,2025090320,2025-09-03 20:00:00,2025,9,3,20,13.13,95.76,1.24,1.82,99.25,0.0,90.0
Karnali_Center,29.267,82.183,2025090321,2025-09-03 21:00:00,2025,9,3,21,12.92,95.25,1.25,1.82,99.1,0.0,90.0
Karnali_Center,29.267,82.183,2025090322,2025-09-03 22:00:00,2025,9,3,22,12.76,94.31,1.17,1.64,98.5,0.0,90.0
Karnali_Center,29.267,82.183,2025090323,2025-09-03 23:00:00,2025,9,3,23,12.63,93.48,1.04,1.41,98.58,0.0,90.0
Karnali_Center,29.267,82.183,2025090400,2025-09-04 00:00:00,2025,9,4,0,12.52,92.57,0.89,1.18,6.1,0.0,90.0
Karnali_Center,29.267,82.183,2025090401,2025-09-04 01:00:00,2025,9,4,1,12.34,91.8,0.76,0.97,90.69,0.0,90.0
Karnali_Center,29.267,82.183,2025090402,2025-09-04 02:00:00,2025,9,4,2,12.18,90.9,0.71,0.89,99.95,0.0,90.0
Karnali_Center,29.267,82.183,2025090403,2025-09-04 03:00:00,2025,9,4,3,11.9,90.48,0.85,1.06,99.98,0.0,90.0
Karnali_Center,29.267,82.183,2025090404,2025-09-04 04:00:00,2025,9,4,4,11.62,89.93,1.02,1.27,96.68,0.0,90.0
Karnali_Center,29.267,82.183,2025090405,2025-09-04 05:00:00,2025,9,4,5,11.67,89.74,1.13,1.44,94.76,22.1,86.0
Karnali_Center,29.267,82.183,2025090406,2025-09-04 06:00:00,2025,9,4,6,13.67,85.45,1.05,1.33,92.01,154.02,73.3
Karnali_Center,29.267,82.183,2025090407,2025-09-04 07:00:00,2025,9,4,7,16.07,71.91,0.95,1.03,90.4,320.2,60.35
Karnali_Center,29.267,82.183,2025090408,2025-09-04 08:00:00,2025,9,4,8,17.87,64.56,1.8,1.32,89.33,519.95,47.75
Karnali_Center,29.267,82.183,2025090409,2025-09-04 09:00:00,2025,9,4,9,19.31,60.76,2.66,1.94,94.48,645.33,36.06
Karnali_Center,29.267,82.183,2025090410,2025-09-04 10:00:00,2025,9,4,10,20.21,60.02,3.34,2.51,97.96,687.12,26.68
Karnali_Center,29.267,82.183,2025090411,2025-09-04 11:00:00,2025,9,4,11,20.59,60.75,3.89,3.01,53.65,629.78,22.81
Karnali_Center,29.267,82.183,2025090412,2025-09-04 12:00:00,2025,9,4,12,20.15,63.78,4.16,3.36,90.65,481.08,26.95
Karnali_Center,29.267,82.183,2025090413,2025-09-04 13:00:00,2025,9,4,13,19.43,67.69,4.15,3.52,94.67,421.12,36.46
Karnali_Center,29.267,82.183,2025090414,2025-09-04 14:00:00,2025,9,4,14,18.27,73.06,4.02,3.63,95.41,314.88,48.2
Karnali_Center,29.267,82.183,2025090415,2025-09-04 15:00:00,2025,9,4,15,17.18,79.15,3.84,3.58,92.76,210.3,60.84
Karnali_Center,29.267,82.183,2025090416,2025-09-04 16:00:00,2025,9,4,16,16.22,86.15,3.35,3.13,90.71,99.9,73.8
Karnali_Center,29.267,82.183,2025090417,2025-09-04 17:00:00,2025,9,4,17,15.37,94.18,2.6,2.75,89.37,14.32,86.39
Karnali_Center,29.267,82.183,2025090418,2025-09-04 18:00:00,2025,9,4,18,14.71,98.29,2.05,3.09,83.6,0.0,90.0
Karnali_Center,29.267,82.183,2025090419,2025-09-04 19:00:00,2025,9,4,19,14.56,99.95,2.0,3.25,92.86,0.0,90.0
Karnali_Center,29.267,82.183,2025090420,2025-09-04 20:00:00,2025,9,4,20,14.64,100.0,1.98,3.33,99.22,0.0,90.0
Karnali_Center,29.267,82.183,2025090421,2025-09-04 21:00:00,2025,9,4,21,14.54,99.93,2.14,3.49,98.57,0.0,90.0
Karnali_Center,29.267,82.183,2025090422,2025-09-04 22:00:00,2025,9,4,22,14.07,100.0,1.93,3.16,97.26,0.0,90.0
Karnali_Center,29.267,82.183,2025090423,2025-09-04 23:00:00,2025,9,4,23,13.66,100.0,1.58,2.5,99.23,0.0,90.0
Karnali_Center,29.267,82.183,2025090500,2025-09-05 00:00:00,2025,9,5,0,13.3,99.81,1.3,1.84,96.72,0.0,90.0
Karnali_Center,29.267,82.183,2025090501,2025-09-05 01:00:00,2025,9,5,1,13.07,98.99,1.05,1.4,80.56,0.0,90.0
Karnali_Center,29.267,82.183,2025090502,2025-09-05 02:00:00,2025,9,5,2,12.95,97.05,0.65,0.83,88.09,0.0,90.0
Karnali_Center,29.267,82.183,2025090503,2025-09-05 03:00:00,2025,9,5,3,12.91,94.06,0.13,0.14,78.05,0.0,90.0
Karnali_Center,29.267,82.183,2025090504,2025-09-05 04:00:00,2025,9,5,4,12.31,95.62,0.75,0.93,76.05,0.0,90.0
Karnali_Center,29.267,82.183,2025090505,2025-09-05 05:00:00,2025,9,5,5,12.15,95.45,1.07,1.4,69.35,30.33,86.08
Karnali_Center,29.267,82.183,2025090506,2025-09-05 06:00:00,2025,9,5,6,14.12,87.01,1.18,1.21,61.49,203.32,73.4
Karnali_Center,29.267,82.183,2025090507,2025-09-05 07:00:00,2025,9,5,7,16.44,73.17,0.89,0.78,58.14,407.92,60.47
Karnali_Center,29.267,82.183,2025090508,2025-09-05 08:00:00,2025,9,5,8,18.14,66.39,2.18,1.64,52.66,629.78,47.89
Karnali_Center,29.267,82.183,2025090509,2025-09-05 09:00:00,2025,9,5,9,19.28,63.36,2.85,2.16,76.62,720.55,36.25
Karnali_Center,29.267,82.183,2025090510,2025-09-05 10:00:00,2025,9,5,10,19.94,63.19,3.41,2.65,21.45,750.3,26.96
Karnali_Center,29.267,82.183,2025090511,2025-09-05 11:00:00,2025,9,5,11,20.21,64.41,3.92,3.13,48.45,655.25,23.17
Karnali_Center,29.267,82.183,2025090512,2025-09-05 12:00:00,2025,9,5,12,20.03,65.77,4.28,3.52,67.24,545.85,27.31
Karnali_Center,29.267,82.183,2025090513,2025-09-05 13:00:00,2025,9,5,13,19.27,68.71,4.33,3.69,89.67,439.8,36.77
Karnali_Center,29.267,82.183,2025090514,2025-09-05 14:00:00,2025,9,5,14,18.38,73.53,4.24,3.73,89.7,276.52,48.48
Karnali_Center,29.267,82.183,2025090515,2025-09-05 15:00:00,2025,9,5,15,17.59,77.78,4.03,3.61,89.18,180.75,61.09
Karnali_Center,29.267,82.183,2025090516,2025-09-05 16:00:00,2025,9,5,16,16.47,84.25,3.45,3.16,90.44,78.72,74.05
Karnali_Center,29.267,82.183,2025090517,2025-09-05 17:00:00,2025,9,5,17,15.12,93.48,2.22,2.28,91.08,11.07,86.58
Karnali_Center,29.267,82.183,2025090518,2025-09-05 18:00:00,2025,9,5,18,14.39,98.53,1.44,2.24,88.21,0.0,90.0
Karnali_Center,29.267,82.183,2025090519,2025-09-05 19:00:00,2025,9,5,19,14.16,99.3,1.51,2.44,82.74,0.0,90.0
Karnali_Center,29.267,82.183,2025090520,2025-09-05 20:00:00,2025,9,5,20,13.9,99.89,1.58,2.56,97.79,0.0,90.0
Karnali_Center,29.267,82.183,2025090521,2025-09-05 21:00:00,2025,9,5,21,13.52,100.0,1.58,2.53,98.48,0.0,90.0
Karnali_Center,29.267,82.183,2025090522,2025-09-05 22:00:00,2025,9,5,22,13.03,100.0,1.56,2.39,99.09,0.0,90.0
Karnali_Center,29.267,82.183,2025090523,2025-09-05 23:00:00,2025,9,5,23,12.61,100.0,1.6,2.42,96.12,0.0,90.0
Karnali_Center,29.267,82.183,2025090600,2025-09-06 00:00:00,2025,9,6,0,12.33,100.0,1.56,2.29,99.39,0.0,90.0
Karnali_Center,29.267,82.183,2025090601,2025-09-06 01:00:00,2025,9,6,1,12.06,100.0,1.34,1.88,78.67,0.0,90.0
Karnali_Center,29.267,82.183,2025090602,2025-09-06 02:00:00,2025,9,6,2,11.96,99.2,0.97,1.28,97.52,0.0,90.0
Karnali_Center,29.267,82.183,2025090603,2025-09-06 03:00:00,2025,9,6,3,11.83,97.82,0.71,0.85,95.65,0.0,90.0
Karnali_Center,29.267,82.183,2025090604,2025-09-06 04:00:00,2025,9,6,4,11.19,98.29,1.06,1.27,88.81,0.0,90.0
Karnali_Center,29.267,82.183,2025090605,2025-09-06 05:00:00,2025,9,6,5,11.15,97.65,1.32,1.64,73.19,25.12,86.16
Karnali_Center,29.267,82.183,2025090606,2025-09-06 06:00:00,2025,9,6,6,13.31,90.15,1.42,1.38,54.34,207.18,73.51
Karnali_Center,29.267,82.183,2025090607,2025-09-06 07:00:00,2025,9,6,7,15.92,77.21,0.31,0.12,43.79,414.1,60.58
Karnali_Center,29.267,82.183,2025090608,2025-09-06 08:00:00,2025,9,6,8,17.93,67.7,2.07,1.48,32.04,636.75,48.03
Karnali_Center,29.267,82.183,2025090609,2025-09-06 09:00:00,2025,9,6,9,19.22,64.28,3.0,2.2,17.86,704.38,36.44
Karnali_Center,29.267,82.183,2025090610,2025-09-06 10:00:00,2025,9,6,10,19.87,64.28,3.8,2.89,35.09,751.15,27.24
Karnali_Center,29.267,82.183,2025090611,2025-09-06 11:00:00,2025,9,6,11,19.95,66.19,4.16,3.31,41.79,651.67,23.54
Karnali_Center,29.267,82.183,2025090612,2025-09-06 12:00:00,2025,9,6,12,19.5,69.12,4.23,3.5,78.89,594.92,27.67
Karnali_Center,29.267,82.183,2025090613,2025-09-06 13:00:00,2025,9,6,13,18.99,72.18,4.21,3.64,85.99,416.27,37.08
Karnali_Center,29.267,82.183,2025090614,2025-09-06 14:00:00,2025,9,6,14,18.43,74.63,4.13,3.7,90.86,284.1,48.76
Karnali_Center,29.267,82.183,2025090615,2025-09-06 15:00:00,2025,9,6,15,17.55,78.96,3.85,3.56,90.13,187.8,61.35
Karnali_Center,29.267,82.183,2025090616,2025-09-06 16:00:00,2025,9,6,16,16.51,84.92,3.44,3.2,88.81,91.97,74.3
Karnali_Center,29.267,82.183,2025090617,2025-09-06 17:00:00,2025,9,6,17,15.24,93.76,2.4,2.47,87.54,12.85,86.76
Karnali_Center,29.267,82.183,2025090618,2025-09-06 18:00:00,2025,9,6,18,14.38,99.12,1.62,2.48,83.04,0.0,90.0
Karnali_Center,29.267,82.183,2025090619,2025-09-06 19:00:00,2025,9,6,19,14.26,100.0,1.58,2.48,92.97,0.0,90.0
Karnali_Center,29.267,82.183,2025090620,2025-09-06 20:00:00,2025,9,6,20,14.37,100.0,1.73,2.81,97.35,0.0,90.0
Karnali_Center,29.267,82.183,2025090621,2025-09-06 21:00:00,2025,9,6,21,14.33,100.0,1.95,3.16,99.89,0.0,90.0
Karnali_Center,29.267,82.183,2025090622,2025-09-06 22:00:00,2025,9,6,22,14.34,100.0,1.99,3.27,99.86,0.0,90.0
Karnali_Center,29.267,82.183,2025090623,2025-09-06 23:00:00,2025,9,6,23,14.39,100.0,2.07,3.45,99.9,0.0,90.0
Karnali_Center,29.267,82.183,2025090700,2025-09-07 00:00:00,2025,9,7,0,14.39,100.0,2.12,3.51,95.71,0.0,90.0
Karnali_Center,29.267,82.183,2025090701,2025-09-07 01:00:00,2025,9,7,1,14.27,100.0,2.04,3.37,99.9,0.0,90.0
Karnali_Center,29.267,82.183,2025090702,2025-09-07 02:00:00,2025,9,7,2,14.13,100.0,1.94,3.19,99.92,0.0,90.0
Karnali_Center,29.267,82.183,2025090703,2025-09-07 03:00:00,2025,9,7,3,13.92,100.0,1.87,3.03,98.06,0.0,90.0
Karnali_Center,29.267,82.183,2025090704,2025-09-07 04:00:00,2025,9,7,4,13.56,99.18,1.73,2.77,93.09,0.0,90.0
Karnali_Center,29.267,82.183,2025090705,2025-09-07 05:00:00,2025,9,7,5,12.87,98.21,1.53,2.05,91.02,19.45,86.25
Karnali_Center,29.267,82.183,2025090706,2025-09-07 06:00:00,2025,9,7,6,14.12,95.04,1.04,1.25,87.16,151.93,73.62
Karnali_Center,29.267,82.183,2025090707,2025-09-07 07:00:00,2025,9,7,7,15.26,88.72,1.56,1.42,86.48,319.35,60.7
Karnali_Center,29.267,82.183,2025090708,2025-09-07 08:00:00,2025,9,7,8,16.14,83.83,2.68,2.38,85.58,483.73,48.17
Karnali_Center,29.267,82.183,2025090709,2025-09-07 09:00:00,2025,9,7,9,16.66,80.39,2.63,2.25,31.42,588.55,36.63
Karnali_Center,29.267,82.183,2025090710,2025-09-07 10:00:00,2025,9,7,10,17.46,75.59,2.62,2.18,49.78,612.25,27.53
Karnali_Center,29.267,82.183,2025090711,2025-09-07 11:00:00,2025,9,7,11,18.41,71.53,3.15,2.54,90.3,569.92,23.91
Karnali_Center,29.267,82.183,2025090712,2025-09-07 12:00:00,2025,9,7,12,18.74,69.81,3.71,3.02,93.08,470.85,28.03
Karnali_Center,29.267,82.183,2025090713,2025-09-07 13:00:00,2025,9,7,13,18.53,70.31,3.91,3.25,94.53,361.65,37.39
Karnali_Center,29.267,82.183,2025090714,2025-09-07 14:00:00,2025,9,7,14,17.94,72.21,3.77,3.22,98.0,247.2,49.04
Karnali_Center,29.267,82.183,2025090715,2025-09-07 15:00:00,2025,9,7,15,17.14,75.3,3.34,2.96,98.9,147.4,61.61
Karnali_Center,29.267,82.183,2025090716,2025-09-07 16:00:00,2025,9,7,16,15.93,82.79,2.55,2.34,99.96,62.9,74.56
Karnali_Center,29.267,82.183,2025090717,2025-09-07 17:00:00,2025,9,7,17,14.62,93.6,1.37,1.57,99.61,8.62,86.94
Karnali_Center,29.267,82.183,2025090718,2025-09-07 18:00:00,2025,9,7,18,14.05,97.88,0.91,1.27,97.25,0.0,90.0
Karnali_Center,29.267,82.183,2025090719,2025-09-07 19:00:00,2025,9,7,19,13.86,98.72,0.95,1.37,94.8,0.0,90.0
Karnali_Center,29.267,82.183,2025090720,2025-09-07 20:00:00,2025,9,7,20,13.67,99.71,1.08,1.57,97.82,0.0,90.0
Karnali_Center,29.267,82.183,2025090721,2025-09-07 21:00:00,2025,9,7,21,13.47,100.0,1.22,1.74,99.75,0.0,90.0
Karnali_Center,29.267,82.183,2025090722,2025-09-07 22:00:00,2025,9,7,22,13.15,100.0,1.23,1.72,99.7,0.0,90.0
Karnali_Center,29.267,82.183,2025090723,2025-09-07 23:00:00,2025,9,7,23,12.72,99.55,1.12,1.47,99.6,0.0,90.0
Karnali_Center,29.267,82.183,2025090800,2025-09-08 00:00:00,2025,9,8,0,12.59,97.99,0.78,0.96,92.71,0.0,90.0
Karnali_Center,29.267,82.183,2025090801,2025-09-08 01:00:00,2025,9,8,1,12.3,97.94,0.67,0.88,99.9,0.0,90.0
Karnali_Center,29.267,82.183,2025090802,2025-09-08 02:00:00,2025,9,8,2,11.9,98.3,1.23,1.71,98.42,0.0,90.0
Karnali_Center,29.267,82.183,2025090803,2025-09-08 03:00:00,2025,9,8,3,11.71,96.41,1.36,1.82,98.71,0.0,90.0
Karnali_Center,29.267,82.183,2025090804,2025-09-08 04:00:00,2025,9,8,4,11.68,93.27,1.33,1.7,96.22,0.0,90.0
Karnali_Center,29.267,82.183,2025090805,2025-09-08 05:00:00,2025,9,8,5,11.97,90.32,1.23,1.57,95.78,21.65,86.33
Karnali_Center,29.267,82.183,2025090806,2025-09-08 06:00:00,2025,9,8,6,13.95,84.79,0.97,1.19,94.3,144.8,73.73
Karnali_Center,29.267,82.183,2025090807,2025-09-08 07:00:00,2025,9,8,7,15.87,73.63,1.15,1.09,94.4,316.48,60.82
Karnali_Center,29.267,82.183,2025090808,2025-09-08 08:00:00,2025,9,8,8,17.28,68.25,2.02,1.53,18.33,538.25,48.32
Karnali_Center,29.267,82.183,2025090809,2025-09-08 09:00:00,2025,9,8,9,18.43,65.41,2.82,2.12,19.76,620.62,36.83
Karnali_Center,29.267,82.183,2025090810,2025-09-08 10:00:00,2025,9,8,10,19.02,65.46,3.42,2.61,35.78,642.65,27.81
Karnali_Center,29.267,82.183,2025090811,2025-09-08 11:00:00,2025,9,8,11,19.11,66.9,3.76,2.96,54.51,627.25,24.28
Karnali_Center,29.267,82.183,2025090812,2025-09-08 12:00:00,2025,9,8,12,18.94,68.76,3.89,3.16,92.6,511.8,28.4
Karnali_Center,29.267,82.183,2025090813,2025-09-08 13:00:00,2025,9,8,13,18.54,70.88,3.9,3.25,69.12,383.7,37.71
Karnali_Center,29.267,82.183,2025090814,2025-09-08 14:00:00,2025,9,8,14,17.86,73.73,3.73,3.17,92.95,232.93,49.32
Karnali_Center,29.267,82.183,2025090815,2025-09-08 15:00:00,2025,9,8,15,17.09,77.12,3.32,2.9,94.63,147.95,61.88
Karnali_Center,29.267,82.183,2025090816,2025-09-08 16:00:00,2025,9,8,16,16.13,81.99,2.79,2.53,96.37,66.45,74.82
Karnali_Center,29.267,82.183,2025090817,2025-09-08 17:00:00,2025,9,8,17,14.68,91.94,1.77,1.89,97.52,8.3,87.11
Karnali_Center,29.267,82.183,2025090818,2025-09-08 18:00:00,2025,9,8,18,13.72,98.45,1.21,1.74,97.38,0.0,90.0
Karnali_Center,29.267,82.183,2025090819,2025-09-08 19:00:00,2025,9,8,19,13.5,99.79,1.25,1.87,94.25,0.0,90.0
Karnali_Center,29.267,82.183,2025090820,2025-09-08 20:00:00,2025,9,8,20,13.33,100.0,1.21,1.72,94.81,0.0,90.0
Karnali_Center,29.267,82.183,2025090821,2025-09-08 21:00:00,2025,9,8,21,13.21,100.0,1.2,1.64,97.76,0.0,90.0
Karnali_Center,29.267,82.183,2025090822,2025-09-08 22:00:00,2025,9,8,22,13.07,100.0,1.2,1.59,99.79,0.0,90.0
Karnali_Center,29.267,82.183,2025090823,2025-09-08 23:00:00,2025,9,8,23,12.88,100.0,1.15,1.51,98.0,0.0,90.0
Karnali_Center,29.267,82.183,2025090900,2025-09-09 00:00:00,2025,9,9,0,12.83,100.0,1.0,1.29,98.6,0.0,90.0
Karnali_Center,29.267,82.183,2025090901,2025-09-09 01:00:00,2025,9,9,1,12.86,100.0,0.7,0.93,96.88,0.0,90.0
Karnali_Center,29.267,82.183,2025090902,2025-09-09 02:00:00,2025,9,9,2,12.88,98.5,0.46,0.62,99.27,0.0,90.0
Karnali_Center,29.267,82.183,2025090903,2025-09-09 03:00:00,2025,9,9,3,12.49,99.23,0.87,1.11,96.82,0.0,90.0
Karnali_Center,29.267,82.183,2025090904,2025-09-09 04:00:00,2025,9,9,4,11.97,100.0,1.22,1.51,95.55,0.0,90.0
Karnali_Center,29.267,82.183,2025090905,2025-09-09 05:00:00,2025,9,9,5,11.98,98.93,1.21,1.49,89.84,21.58,86.41
Karnali_Center,29.267,82.183,2025090906,2025-09-09 06:00:00,2025,9,9,6,14.32,87.34,0.82,0.84,82.24,153.57,73.83
Karnali_Center,29.267,82.183,2025090907,2025-09-09 07:00:00,2025,9,9,7,16.66,75.15,1.26,0.95,78.52,320.25,60.94
Karnali_Center,29.267,82.183,2025090908,2025-09-09 08:00:00,2025,9,9,8,18.22,69.2,2.65,2.02,15.77,533.5,48.46
Karnali_Center,29.267,82.183,2025090909,2025-09-09 09:00:00,2025,9,9,9,19.22,67.3,3.49,2.67,23.8,626.28,37.03
Karnali_Center,29.267,82.183,2025090910,2025-09-09 10:00:00,2025,9,9,10,19.75,67.36,3.95,3.04,35.59,677.38,28.1
Karnali_Center,29.267,82.183,2025090911,2025-09-09 11:00:00,2025,9,9,11,19.98,68.21,4.24,3.36,81.49,649.12,24.66
Karnali_Center,29.267,82.183,2025090912,2025-09-09 12:00:00,2025,9,9,12,19.66,69.66,4.33,3.55,82.44,577.88,28.76
Karnali_Center,29.267,82.183,2025090913,2025-09-09 13:00:00,2025,9,9,13,18.99,72.58,4.1,3.49,79.79,442.58,38.03
Karnali_Center,29.267,82.183,2025090914,2025-09-09 14:00:00,2025,9,9,14,18.14,76.89,3.79,3.36,88.1,225.57,49.61
Karnali_Center,29.267,82.183,2025090915,2025-09-09 15:00:00,2025,9,9,15,17.24,83.0,3.44,3.13,89.36,143.05,62.15
Karnali_Center,29.267,82.183,2025090916,2025-09-09 16:00:00,2025,9,9,16,16.29,90.51,2.97,2.72,89.75,68.9,75.08
Karnali_Center,29.267,82.183,2025090917,2025-09-09 17:00:00,2025,9,9,17,15.52,96.55,2.07,2.48,89.48,8.65,87.28
Karnali_Center,29.267,82.183,2025090918,2025-09-09 18:00:00,2025,9,9,18,15.1,98.59,1.75,2.77,88.11,0.0,90.0
Karnali_Center,29.267,82.183,2025090919,2025-09-09 19:00:00,2025,9,9,19,14.53,99.41,1.64,2.65,83.86,0.0,90.0
Karnali_Center,29.267,82.183,2025090920,2025-09-09 20:00:00,2025,9,9,20,13.96,100.0,1.45,2.23,73.29,0.0,90.0
Karnali_Center,29.267,82.183,2025090921,2025-09-09 21:00:00,2025,9,9,21,13.64,100.0,1.33,1.96,83.24,0.0,90.0
Karnali_Center,29.267,82.183,2025090922,2025-09-09 22:00:00,2025,9,9,22,13.4,100.0,1.21,1.74,37.77,0.0,90.0
Karnali_Center,29.267,82.183,2025090923,2025-09-09 23:00:00,2025,9,9,23,13.21,100.0,1.1,1.52,95.6,0.0,90.0
Karnali_Center,29.267,82.183,2025091000,2025-09-10 00:00:00,2025,9,10,0,12.94,100.0,1.03,1.39,99.16,0.0,90.0
Karnali_Center,29.267,82.183,2025091001,2025-09-10 01:00:00,2025,9,10,1,12.71,100.0,0.99,1.33,84.04,0.0,90.0
Karnali_Center,29.267,82.183,2025091002,2025-09-10 02:00:00,2025,9,10,2,12.41,99.84,1.19,1.54,99.68,0.0,90.0
Karnali_Center,29.267,82.183,2025091003,2025-09-10 03:00:00,2025,9,10,3,12.06,99.3,1.34,1.68,99.77,0.0,90.0
Karnali_Center,29.267,82.183,2025091004,2025-09-10 04:00:00,2025,9,10,4,12.17,96.03,1.32,1.63,93.69,0.0,90.0
Karnali_Center,29.267,82.183,2025091005,2025-09-10 05:00:00,2025,9,10,5,12.97,90.95,1.14,1.41,89.09,22.08,86.49
Karnali_Center,29.267,82.183,2025091006,2025-09-10 06:00:00,2025,9,10,6,14.69,87.82,0.95,1.2,82.86,167.95,73.94
Karnali_Center,29.267,82.183,2025091007,2025-09-10 07:00:00,2025,9,10,7,16.22,82.02,1.58,1.55,80.6,351.12,61.06
Karnali_Center,29.267,82.183,2025091008,2025-09-10 08:00:00,2025,9,10,8,17.36,79.07,2.04,1.68,1.85,559.0,48.61
Karnali_Center,29.267,82.183,2025091009,2025-09-10 09:00:00,2025,9,10,9,18.57,74.32,2.65,2.03,6.76,672.8,37.24
Karnali_Center,29.267,82.183,2025091010,2025-09-10 10:00:00,2025,9,10,10,19.35,71.62,3.26,2.49,10.52,748.92,28.4
Karnali_Center,29.267,82.183,2025091011,2025-09-10 11:00:00,2025,9,10,11,19.56,71.19,3.63,2.86,18.0,723.03,25.03
Karnali_Center,29.267,82.183,2025091012,2025-09-10 12:00:00,2025,9,10,12,18.91,73.91,3.82,3.19,61.9,668.4,29.13
Karnali_Center,29.267,82.183,2025091013,2025-09-10 13:00:00,2025,9,10,13,18.03,79.59,3.95,3.43,73.59,532.45,38.36
Karnali_Center,29.267,82.183,2025091014,2025-09-10 14:00:00,2025,9,10,14,17.37,84.48,3.82,3.4,71.17,337.98,49.89
Karnali_Center,29.267,82.183,2025091015,2025-09-10 15:00:00,2025,9,10,15,16.79,88.5,3.67,3.34,74.07,212.62,62.41
Karnali_Center,29.267,82.183,2025091016,2025-09-10 16:00:00,2025,9,10,16,16.13,93.06,2.84,2.63,74.92,107.25,75.34
Karnali_Center,29.267,82.183,2025091017,2025-09-10 17:00:00,2025,9,10,17,15.41,97.65,1.56,2.12,77.06,11.6,87.45
Karnali_Center,29.267,82.183,2025091018,2025-09-10 18:00:00,2025,9,10,18,15.15,98.7,1.28,2.02,24.29,0.0,90.0
Karnali_Center,29.267,82.183,2025091019,2025-09-10 19:00:00,2025,9,10,19,15.13,98.71,1.25,1.93,82.43,0.0,90.0
Karnali_Center,29.267,82.183,2025091020,2025-09-10 20:00:00,2025,9,10,20,15.04,98.83,1.27,1.92,82.44,0.0,90.0
Karnali_Center,29.267,82.183,2025091021,2025-09-10 21:00:00,2025,9,10,21,14.98,98.85,1.26,1.8,81.66,0.0,90.0
Karnali_Center,29.267,82.183,2025091022,2025-09-10 22:00:00,2025,9,10,22,14.94,98.8,1.24,1.72,96.46,0.0,90.0
Karnali_Center,29.267,82.183,2025091023,2025-09-10 23:00:00,2025,9,10,23,14.92,98.59,1.19,1.68,98.24,0.0,90.0
Karnali_Center,29.267,82.183,2025091100,2025-09-11 00:00:00,2025,9,11,0,14.77,98.71,1.26,1.78,99.25,0.0,90.0
Karnali_Center,29.267,82.183,2025091101,2025-09-11 01:00:00,2025,9,11,1,14.52,98.75,1.24,1.7,92.99,0.0,90.0
Karnali_Center,29.267,82.183,2025091102,2025-09-11 02:00:00,2025,9,11,2,14.11,98.21,1.14,1.5,99.04,0.0,90.0
Karnali_Center,29.267,82.183,2025091103,2025-09-11 03:00:00,2025,9,11,3,13.79,97.63,1.3,1.69,98.91,0.0,90.0
Karnali_Center,29.267,82.183,2025091104,2025-09-11 04:00:00,2025,9,11,4,13.69,96.7,1.07,1.41,99.08,0.0,90.0
Karnali_Center,29.267,82.183,2025091105,2025-09-11 05:00:00,2025,9,11,5,13.49,95.39,0.99,1.33,98.17,20.25,86.57
Karnali_Center,29.267,82.183,2025091106,2025-09-11 06:00:00,2025,9,11,6,14.05,94.57,1.3,1.91,97.51,150.23,74.05
Karnali_Center,29.267,82.183,2025091107,2025-09-11 07:00:00,2025,9,11,7,14.74,89.34,2.42,2.42,97.48,321.58,61.18
Karnali_Center,29.267,82.183,2025091108,2025-09-11 08:00:00,2025,9,11,8,15.19,85.77,2.65,2.48,97.56,490.27,48.77
Karnali_Center,29.267,82.183,2025091109,2025-09-11 09:00:00,2025,9,11,9,15.62,82.66,3.07,2.63,96.78,593.58,37.45
Karnali_Center,29.267,82.183,2025091110,2025-09-11 10:00:00,2025,9,11,10,16.07,79.42,3.33,2.67,98.39,630.83,28.7
Karnali_Center,29.267,82.183,2025091111,2025-09-11 11:00:00,2025,9,11,11,17.06,75.02,3.57,2.76,98.38,657.88,25.41
Karnali_Center,29.267,82.183,2025091112,2025-09-11 12:00:00,2025,9,11,12,17.67,72.51,3.94,3.06,90.72,604.38,29.5
Karnali_Center,29.267,82.183,2025091113,2025-09-11 13:00:00,2025,9,11,13,17.61,73.25,3.87,3.03,89.14,411.77,38.68
Karnali_Center,29.267,82.183,2025091114,2025-09-11 14:00:00,2025,9,11,14,17.22,74.6,3.54,2.83,90.35,296.38,50.19
Karnali_Center,29.267,82.183,2025091115,2025-09-11 15:00:00,2025,9,11,15,16.49,77.52,3.06,2.54,92.7,180.15,62.69
Karnali_Center,29.267,82.183,2025091116,2025-09-11 16:00:00,2025,9,11,16,15.48,83.03,2.45,2.17,94.53,77.95,75.6
Karnali_Center,29.267,82.183,2025091117,2025-09-11 17:00:00,2025,9,11,17,14.17,92.57,1.24,1.48,94.86,8.98,87.61
Karnali_Center,29.267,82.183,2025091118,2025-09-11 18:00:00,2025,9,11,18,13.3,97.27,0.91,1.27,94.71,0.0,90.0
Karnali_Center,29.267,82.183,2025091119,2025-09-11 19:00:00,2025,9,11,19,13.05,98.06,1.01,1.44,93.86,0.0,90.0
Karnali_Center,29.267,82.183,2025091120,2025-09-11 20:00:00,2025,9,11,20,12.97,97.9,0.98,1.42,95.22,0.0,90.0
Karnali_Center,29.267,82.183,2025091121,2025-09-11 21:00:00,2025,9,11,21,12.94,96.65,0.75,0.99,95.98,0.0,90.0
Karnali_Center,29.267,82.183,2025091122,2025-09-11 22:00:00,2025,9,11,22,12.85,95.48,0.56,0.65,96.01,0.0,90.0
Karnali_Center,29.267,82.183,2025091123,2025-09-11 23:00:00,2025,9,11,23,12.61,95.46,0.58,0.65,99.03,0.0,90.0
Karnali_Center,29.267,82.183,2025091200,2025-09-12 00:00:00,2025,9,12,0,12.42,95.26,0.58,0.63,85.95,0.0,90.0
Karnali_Center,29.267,82.183,2025091201,2025-09-12 01:00:00,2025,9,12,1,12.21,95.33,0.62,0.64,98.77,0.0,90.0
Karnali_Center,29.267,82.183,2025091202,2025-09-12 02:00:00,2025,9,12,2,12.05,95.03,0.52,0.54,98.55,0.0,90.0
Karnali_Center,29.267,82.183,2025091203,2025-09-12 03:00:00,2025,9,12,3,12.05,94.24,0.37,0.37,99.32,0.0,90.0
Karnali_Center,29.267,82.183,2025091204,2025-09-12 04:00:00,2025,9,12,4,11.95,94.51,0.42,0.49,99.15,0.0,90.0
Karnali_Center,29.267,82.183,2025091205,2025-09-12 05:00:00,2025,9,12,5,11.87,95.26,0.69,0.89,99.91,11.1,86.65
Karnali_Center,29.267,82.183,2025091206,2025-09-12 06:00:00,2025,9,12,6,13.32,92.32,0.98,1.13,99.07,73.18,74.16
Karnali_Center,29.267,82.183,2025091207,2025-09-12 07:00:00,2025,9,12,7,14.91,86.32,1.33,1.35,99.28,173.18,61.3
Karnali_Center,29.267,82.183,2025091208,2025-09-12 08:00:00,2025,9,12,8,16.3,81.15,2.0,1.6,97.32,321.1,48.92
Karnali_Center,29.267,82.183,2025091209,2025-09-12 09:00:00,2025,9,12,9,17.61,75.48,2.51,1.82,97.55,363.77,37.66
Karnali_Center,29.267,82.183,2025091210,2025-09-12 10:00:00,2025,9,12,10,18.73,71.21,3.19,2.29,97.19,390.35,29.0
Karnali_Center,29.267,82.183,2025091211,2025-09-12 11:00:00,2025,9,12,11,19.19,69.8,3.83,2.86,96.39,424.6,25.79
Karnali_Center,29.267,82.183,2025091212,2025-09-12 12:00:00,2025,9,12,12,19.19,70.3,4.2,3.26,92.81,457.35,29.88
Karnali_Center,29.267,82.183,2025091213,2025-09-12 13:00:00,2025,9,12,13,19.03,71.21,4.36,3.5,94.44,397.2,39.01
Karnali_Center,29.267,82.183,2025091214,2025-09-12 14:00:00,2025,9,12,14,18.72,72.51,4.27,3.56,89.72,249.62,50.48
Karnali_Center,29.267,82.183,2025091215,2025-09-12 15:00:00,2025,9,12,15,17.94,75.86,4.03,3.46,90.39,147.3,62.96
Karnali_Center,29.267,82.183,2025091216,2025-09-12 16:00:00,2025,9,12,16,16.63,82.92,3.28,2.94,91.19,59.97,75.86
Karnali_Center,29.267,82.183,2025091217,2025-09-12 17:00:00,2025,9,12,17,15.13,93.16,1.83,2.06,82.57,10.32,87.77
Karnali_Center,29.267,82.183,2025091218,2025-09-12 18:00:00,2025,9,12,18,14.36,98.25,1.11,1.62,79.81,0.0,90.0
Karnali_Center,29.267,82.183,2025091219,2025-09-12 19:00:00,2025,9,12,19,14.16,98.54,1.03,1.45,81.15,0.0,90.0
Karnali_Center,29.267,82.183,2025091220,2025-09-12 20:00:00,2025,9,12,20,14.06,98.52,1.04,1.43,83.7,0.0,90.0
Karnali_Center,29.267,82.183,2025091221,2025-09-12 21:00:00,2025,9,12,21,13.93,98.27,1.06,1.43,80.63,0.0,90.0
Karnali_Center,29.267,82.183,2025091222,2025-09-12 22:00:00,2025,9,12,22,13.72,99.02,1.17,1.57,84.36,0.0,90.0
Karnali_Center,29.267,82.183,2025091223,2025-09-12 23:00:00,2025,9,12,23,13.39,100.0,1.38,1.87,90.61,0.0,90.0
Karnali_Center,29.267,82.183,2025091300,2025-09-13 00:00:00,2025,9,13,0,13.11,100.0,1.51,2.05,81.69,0.0,90.0
Karnali_Center,29.267,82.183,2025091301,2025-09-13 01:00:00,2025,9,13,1,12.87,100.0,1.58,2.18,93.49,0.0,90.0
Karnali_Center,29.267,82.183,2025091302,2025-09-13 02:00:00,2025,9,13,2,12.68,100.0,1.56,2.15,78.12,0.0,90.0
Karnali_Center,29.267,82.183,2025091303,2025-09-13 03:00:00,2025,9,13,3,12.53,100.0,1.49,2.08,99.75,0.0,90.0
Karnali_Center,29.267,82.183,2025091304,2025-09-13 04:00:00,2025,9,13,4,12.38,99.49,1.35,1.86,99.08,0.0,90.0
Karnali_Center,29.267,82.183,2025091305,2025-09-13 05:00:00,2025,9,13,5,12.39,98.46,1.1,1.48,99.17,19.42,86.73
Karnali_Center,29.267,82.183,2025091306,2025-09-13 06:00:00,2025,9,13,6,13.38,94.81,1.12,1.2,97.83,143.62,74.28
Karnali_Center,29.267,82.183,2025091307,2025-09-13 07:00:00,2025,9,13,7,14.4,87.74,1.47,1.27,98.06,304.92,61.43
Karnali_Center,29.267,82.183,2025091308,2025-09-13 08:00:00,2025,9,13,8,15.73,81.39,2.08,1.65,44.89,499.98,49.08
Karnali_Center,29.267,82.183,2025091309,2025-09-13 09:00:00,2025,9,13,9,16.76,77.12,2.73,2.1,96.96,588.12,37.87
Karnali_Center,29.267,82.183,2025091310,2025-09-13 10:00:00,2025,9,13,10,17.45,75.01,3.19,2.44,91.81,668.4,29.3
Karnali_Center,29.267,82.183,2025091311,2025-09-13 11:00:00,2025,9,13,11,17.97,73.54,3.44,2.66,78.46,743.33,26.17
Karnali_Center,29.267,82.183,2025091312,2025-09-13 12:00:00,2025,9,13,12,18.07,73.52,3.61,2.85,84.24,575.7,30.25
Karnali_Center,29.267,82.183,2025091313,2025-09-13 13:00:00,2025,9,13,13,17.92,74.65,3.72,3.03,88.9,471.88,39.34
Karnali_Center,29.267,82.183,2025091314,2025-09-13 14:00:00,2025,9,13,14,17.63,76.6,3.6,3.03,92.08,208.07,50.77
Karnali_Center,29.267,82.183,2025091315,2025-09-13 15:00:00,2025,9,13,15,17.17,79.29,3.23,2.79,93.95,131.05,63.23
Karnali_Center,29.267,82.183,2025091316,2025-09-13 16:00:00,2025,9,13,16,16.28,85.02,2.61,2.33,97.37,48.55,76.13
Karnali_Center,29.267,82.183,2025091317,2025-09-13 17:00:00,2025,9,13,17,15.04,94.0,1.45,1.68,93.33,7.88,87.92
Karnali_Center,29.267,82.183,2025091318,2025-09-13 18:00:00,2025,9,13,18,14.27,97.34,1.15,1.49,92.67,0.0,90.0
Karnali_Center,29.267,82.183,2025091319,2025-09-13 19:00:00,2025,9,13,19,13.95,98.63,1.16,1.54,93.56,0.0,90.0
Karnali_Center,29.267,82.183,2025091320,2025-09-13 20:00:00,2025,9,13,20,13.53,100.0,1.4,1.86,93.54,0.0,90.0
Karnali_Center,29.267,82.183,2025091321,2025-09-13 21:00:00,2025,9,13,21,13.19,100.0,1.57,2.09,92.99,0.0,90.0
Karnali_Center,29.267,82.183,2025091322,2025-09-13 22:00:00,2025,9,13,22,13.03,100.0,1.71,2.31,93.04,0.0,90.0
Karnali_Center,29.267,82.183,2025091323,2025-09-13 23:00:00,2025,9,13,23,12.88,100.0,1.71,2.31,96.76,0.0,90.0
Karnali_Center,29.267,82.183,2025091400,2025-09-14 00:00:00,2025,9,14,0,12.61,100.0,1.73,2.3,99.09,0.0,90.0
Karnali_Center,29.267,82.183,2025091401,2025-09-14 01:00:00,2025,9,14,1,12.13,100.0,1.69,2.19,95.12,0.0,90.0
Karnali_Center,29.267,82.183,2025091402,2025-09-14 02:00:00,2025,9,14,2,11.92,100.0,1.52,1.95,99.78,0.0,90.0
Karnali_Center,29.267,82.183,2025091403,2025-09-14 03:00:00,2025,9,14,3,11.9,100.0,1.36,1.72,97.81,0.0,90.0
Karnali_Center,29.267,82.183,2025091404,2025-09-14 04:00:00,2025,9,14,4,11.82,100.0,1.22,1.53,97.79,0.0,90.0
Karnali_Center,29.267,82.183,2025091405,2025-09-14 05:00:00,2025,9,14,5,11.88,99.52,1.07,1.36,97.67,16.3,86.8
Karnali_Center,29.267,82.183,2025091406,2025-09-14 06:00:00,2025,9,14,6,13.27,94.43,1.31,1.29,97.11,110.18,74.39
Karnali_Center,29.267,82.183,2025091407,2025-09-14 07:00:00,2025,9,14,7,14.57,87.1,1.69,1.43,96.16,235.52,61.56
Karnali_Center,29.267,82.183,2025091408,2025-09-14 08:00:00,2025,9,14,8,16.13,79.42,2.33,1.86,62.95,376.48,49.23
Karnali_Center,29.267,82.183,2025091409,2025-09-14 09:00:00,2025,9,14,9,17.7,72.7,2.93,2.23,57.59,492.67,38.09
Karnali_Center,29.267,82.183,2025091410,2025-09-14 10:00:00,2025,9,14,10,19.19,68.73,3.54,2.65,96.46,567.75,29.6
Karnali_Center,29.267,82.183,2025091411,2025-09-14 11:00:00,2025,9,14,11,19.98,67.18,4.04,3.09,98.11,516.65,26.55
Karnali_Center,29.267,82.183,2025091412,2025-09-14 12:00:00,2025,9,14,12,20.13,67.75,4.42,3.51,96.89,479.08,30.63
Karnali_Center,29.267,82.183,2025091413,2025-09-14 13:00:00,2025,9,14,13,19.77,69.56,4.55,3.77,92.48,347.7,39.67
Karnali_Center,29.267,82.183,2025091414,2025-09-14 14:00:00,2025,9,14,14,18.91,73.61,4.34,3.69,96.73,248.73,51.07
Karnali_Center,29.267,82.183,2025091415,2025-09-14 15:00:00,2025,9,14,15,17.72,79.19,3.8,3.35,97.05,154.25,63.51
Karnali_Center,29.267,82.183,2025091416,2025-09-14 16:00:00,2025,9,14,16,16.34,86.57,3.09,2.82,97.98,64.6,76.39
Karnali_Center,29.267,82.183,2025091417,2025-09-14 17:00:00,2025,9,14,17,15.08,94.75,1.94,2.07,97.71,6.15,88.07
Karnali_Center,29.267,82.183,2025091418,2025-09-14 18:00:00,2025,9,14,18,14.57,97.99,1.28,1.94,96.99,0.0,90.0
Karnali_Center,29.267,82.183,2025091419,2025-09-14 19:00:00,2025,9,14,19,14.4,98.59,1.2,1.83,98.36,0.0,90.0
Karnali_Center,29.267,82.183,2025091420,2025-09-14 20:00:00,2025,9,14,20,14.15,99.41,1.24,1.76,97.22,0.0,90.0
Karnali_Center,29.267,82.183,2025091421,2025-09-14 21:00:00,2025,9,14,21,13.87,99.74,1.3,1.99,93.3,0.0,90.0
Karnali_Center,29.267,82.183,2025091422,2025-09-14 22:00:00,2025,9,14,22,13.7,100.0,1.42,2.26,96.75,0.0,90.0
Karnali_Center,29.267,82.183,2025091423,2025-09-14 23:00:00,2025,9,14,23,13.57,100.0,1.4,2.11,92.43,0.0,90.0
Karnali_Center,29.267,82.183,2025091500,2025-09-15 00:00:00,2025,9,15,0,13.5,100.0,1.44,2.08,96.78,0.0,90.0
Karnali_Center,29.267,82.183,2025091501,2025-09-15 01:00:00,2025,9,15,1,13.47,100.0,1.34,1.9,80.61,0.0,90.0
Karnali_Center,29.267,82.183,2025091502,2025-09-15 02:00:00,2025,9,15,2,13.18,99.4,1.23,1.73,96.75,0.0,90.0
Karnali_Center,29.267,82.183,2025091503,2025-09-15 03:00:00,2025,9,15,3,12.55,98.85,1.24,1.68,73.62,0.0,90.0
Karnali_Center,29.267,82.183,2025091504,2025-09-15 04:00:00,2025,9,15,4,12.12,97.27,1.42,1.82,99.28,0.0,90.0
Karnali_Center,29.267,82.183,2025091505,2025-09-15 05:00:00,2025,9,15,5,11.76,95.78,1.49,2.04,98.62,13.4,86.88
Karnali_Center,29.267,82.183,2025091506,2025-09-15 06:00:00,2025,9,15,6,12.73,92.44,1.54,2.19,96.5,115.5,74.5
Karnali_Center,29.267,82.183,2025091507,2025-09-15 07:00:00,2025,9,15,7,13.65,87.79,2.13,2.18,95.13,271.05,61.69
Karnali_Center,29.267,82.183,2025091508,2025-09-15 08:00:00,2025,9,15,8,14.67,87.11,2.18,2.19,95.96,380.73,49.4
Karnali_Center,29.267,82.183,2025091509,2025-09-15 09:00:00,2025,9,15,9,16.71,81.92,3.33,3.14,71.66,514.92,38.31
Karnali_Center,29.267,82.183,2025091510,2025-09-15 10:00:00,2025,9,15,10,18.59,72.97,4.09,3.56,95.52,605.45,29.91
Karnali_Center,29.267,82.183,2025091511,2025-09-15 11:00:00,2025,9,15,11,19.16,70.2,4.25,3.61,95.28,551.38,26.94
Karnali_Center,29.267,82.183,2025091512,2025-09-15 12:00:00,2025,9,15,12,18.5,73.26,4.17,3.55,90.18,479.5,31.0
Karnali_Center,29.267,82.183,2025091513,2025-09-15 13:00:00,2025,9,15,13,17.92,77.84,4.12,3.57,94.62,340.73,40.0
Karnali_Center,29.267,82.183,2025091514,2025-09-15 14:00:00,2025,9,15,14,17.35,81.55,3.95,3.48,91.68,238.15,51.37
Karnali_Center,29.267,82.183,2025091515,2025-09-15 15:00:00,2025,9,15,15,16.62,85.62,3.65,3.27,92.91,152.93,63.78
Karnali_Center,29.267,82.183,2025091516,2025-09-15 16:00:00,2025,9,15,16,15.76,90.02,3.3,2.97,94.7,65.4,76.66
Karnali_Center,29.267,82.183,2025091517,2025-09-15 17:00:00,2025,9,15,17,14.78,95.53,2.29,2.33,95.1,6.28,88.21
Karnali_Center,29.267,82.183,2025091518,2025-09-15 18:00:00,2025,9,15,18,14.35,97.56,1.82,2.37,95.54,0.0,90.0
Karnali_Center,29.267,82.183,2025091519,2025-09-15 19:00:00,2025,9,15,19,13.99,98.04,1.73,2.45,94.31,0.0,90.0
Karnali_Center,29.267,82.183,2025091520,2025-09-15 20:00:00,2025,9,15,20,13.57,98.26,1.61,2.45,80.92,0.0,90.0
Karnali_Center,29.267,82.183,2025091521,2025-09-15 21:00:00,2025,9,15,21,13.21,98.43,1.53,2.38,98.03,0.0,90.0
Karnali_Center,29.267,82.183,2025091522,2025-09-15 22:00:00,2025,9,15,22,12.84,98.29,1.61,2.55,96.21,0.0,90.0
Karnali_Center,29.267,82.183,2025091523,2025-09-15 23:00:00,2025,9,15,23,11.93,99.44,1.82,2.89,85.45,0.0,90.0
Karnali_Center,29.267,82.183,2025091600,2025-09-16 00:00:00,2025,9,16,0,11.38,100.0,1.71,2.43,95.53,0.0,90.0
Karnali_Center,29.267,82.183,2025091601,2025-09-16 01:00:00,2025,9,16,1,11.34,97.88,1.34,1.8,77.11,0.0,90.0
Karnali_Center,29.267,82.183,2025091602,2025-09-16 02:00:00,2025,9,16,2,11.22,95.91,0.83,1.15,99.92,0.0,90.0
Karnali_Center,29.267,82.183,2025091603,2025-09-16 03:00:00,2025,9,16,3,11.11,95.14,0.46,0.71,99.88,0.0,90.0
Karnali_Center,29.267,82.183,2025091604,2025-09-16 04:00:00,2025,9,16,4,11.06,94.61,0.25,0.45,99.25,0.0,90.0
Karnali_Center,29.267,82.183,2025091605,2025-09-16 05:00:00,2025,9,16,5,11.01,94.61,0.28,0.45,99.62,11.5,86.96
Karnali_Center,29.267,82.183,2025091606,2025-09-16 06:00:00,2025,9,16,6,11.64,94.73,0.46,0.6,99.13,94.05,74.62
Karnali_Center,29.267,82.183,2025091607,2025-09-16 07:00:00,2025,9,16,7,12.58,89.98,1.01,0.87,98.95,211.65,61.82
Karnali_Center,29.267,82.183,2025091608,2025-09-16 08:00:00,2025,9,16,8,13.38,85.97,1.26,0.91,75.08,355.95,49.56
Karnali_Center,29.267,82.183,2025091609,2025-09-16 09:00:00,2025,9,16,9,14.03,82.49,1.75,1.27,89.4,396.02,38.53
Karnali_Center,29.267,82.183,2025091610,2025-09-16 10:00:00,2025,9,16,10,14.62,79.24,2.35,1.8,81.49,488.2,30.22
Karnali_Center,29.267,82.183,2025091611,2025-09-16 11:00:00,2025,9,16,11,15.11,77.12,2.97,2.38,97.8,429.0,27.32
Karnali_Center,29.267,82.183,2025091612,2025-09-16 12:00:00,2025,9,16,12,15.4,76.8,3.23,2.62,91.8,400.42,31.38
Karnali_Center,29.267,82.183,2025091613,2025-09-16 13:00:00,2025,9,16,13,15.4,77.59,3.28,2.69,95.62,322.17,40.34
Karnali_Center,29.267,82.183,2025091614,2025-09-16 14:00:00,2025,9,16,14,15.04,79.31,3.12,2.62,98.4,219.35,51.67
Karnali_Center,29.267,82.183,2025091615,2025-09-16 15:00:00,2025,9,16,15,14.43,81.65,2.8,2.41,100.0,132.4,64.06
Karnali_Center,29.267,82.183,2025091616,2025-09-16 16:00:00,2025,9,16,16,13.51,85.73,2.17,1.94,100.0,54.83,76.93
Karnali_Center,29.267,82.183,2025091617,2025-09-16 17:00:00,2025,9,16,17,12.36,93.56,1.15,1.13,100.0,5.15,88.35
Karnali_Center,29.267,82.183,2025091618,2025-09-16 18:00:00,2025,9,16,18,11.72,97.4,0.51,0.61,99.94,0.0,90.0
Karnali_Center,29.267,82.183,2025091619,2025-09-16 19:00:00,2025,9,16,19,11.44,97.62,0.53,0.87,2.41,0.0,90.0
Karnali_Center,29.267,82.183,2025091620,2025-09-16 20:00:00,2025,9,16,20,11.29,97.04,0.74,1.06,99.92,0.0,90.0
Karnali_Center,29.267,82.183,2025091621,2025-09-16 21:00:00,2025,9,16,21,11.25,96.45,0.76,1.05,0.62,0.0,90.0
Karnali_Center,29.267,82.183,2025091622,2025-09-16 22:00:00,2025,9,16,22,11.22,96.12,0.78,1.04,99.94,0.0,90.0
Karnali_Center,29.267,82.183,2025091623,2025-09-16 23:00:00,2025,9,16,23,11.1,95.9,0.79,1.07,99.96,0.0,90.0
Karnali_Center,29.267,82.183,2025091700,2025-09-17 00:00:00,2025,9,17,0,10.99,95.42,0.79,1.01,95.04,0.0,90.0
Karnali_Center,29.267,82.183,2025091701,2025-09-17 01:00:00,2025,9,17,1,10.88,94.73,0.85,1.1,99.6,0.0,90.0
Karnali_Center,29.267,82.183,2025091702,2025-09-17 02:00:00,2025,9,17,2,10.77,93.54,0.9,1.15,99.39,0.0,90.0
Karnali_Center,29.267,82.183,2025091703,2025-09-17 03:00:00,2025,9,17,3,10.8,92.49,0.9,1.15,65.67,0.0,90.0
Karnali_Center,29.267,82.183,2025091704,2025-09-17 04:00:00,2025,9,17,4,10.58,92.56,1.01,1.27,74.43,0.0,90.0
Karnali_Center,29.267,82.183,2025091705,2025-09-17 05:00:00,2025,9,17,5,10.41,93.11,1.14,1.42,100.0,11.85,87.03
Karnali_Center,29.267,82.183,2025091706,2025-09-17 06:00:00,2025,9,17,6,11.19,93.87,1.06,1.46,100.0,79.65,74.73
Karnali_Center,29.267,82.183,2025091707,2025-09-17 07:00:00,2025,9,17,7,12.37,87.35,1.23,1.3,100.0,192.82,61.95
Karnali_Center,29.267,82.183,2025091708,2025-09-17 08:00:00,2025,9,17,8,13.5,81.37,1.03,1.15,99.15,330.52,49.73
Karnali_Center,29.267,82.183,2025091709,2025-09-17 09:00:00,2025,9,17,9,14.77,74.89,0.98,0.92,97.47,466.35,38.75
Karnali_Center,29.267,82.183,2025091710,2025-09-17 10:00:00,2025,9,17,10,15.62,71.86,1.84,1.49,96.98,477.88,30.54
Karnali_Center,29.267,82.183,2025091711,2025-09-17 11:00:00,2025,9,17,11,15.66,72.75,2.66,2.22,97.54,469.55,27.71
Karnali_Center,29.267,82.183,2025091712,2025-09-17 12:00:00,2025,9,17,12,15.55,73.42,2.91,2.5,14.29,465.15,31.76
Karnali_Center,29.267,82.183,2025091713,2025-09-17 13:00:00,2025,9,17,13,15.56,73.12,2.79,2.44,96.44,370.58,40.68
Karnali_Center,29.267,82.183,2025091714,2025-09-17 14:00:00,2025,9,17,14,15.67,72.35,2.63,2.31,96.51,271.7,51.97
Karnali_Center,29.267,82.183,2025091715,2025-09-17 15:00:00,2025,9,17,15,15.49,72.71,2.38,2.09,95.36,171.73,64.34
Karnali_Center,29.267,82.183,2025091716,2025-09-17 16:00:00,2025,9,17,16,14.71,78.16,1.89,1.83,93.89,79.25,77.2
Karnali_Center,29.267,82.183,2025091717,2025-09-17 17:00:00,2025,9,17,17,13.34,87.93,1.24,1.46,91.09,6.93,88.48
Karnali_Center,29.267,82.183,2025091718,2025-09-17 18:00:00,2025,9,17,18,12.68,87.98,0.67,0.84,88.71,0.0,90.0
Karnali_Center,29.267,82.183,2025091719,2025-09-17 19:00:00,2025,9,17,19,12.56,86.7,0.13,0.14,91.24,0.0,90.0
Karnali_Center,29.267,82.183,2025091720,2025-09-17 20:00:00,2025,9,17,20,12.32,87.0,0.39,0.49,93.71,0.0,90.0
Karnali_Center,29.267,82.183,2025091721,2025-09-17 21:00:00,2025,9,17,21,12.21,86.11,0.58,0.73,93.08,0.0,90.0
Karnali_Center,29.267,82.183,2025091722,2025-09-17 22:00:00,2025,9,17,22,12.12,85.38,0.65,0.8,91.23,0.0,90.0
Karnali_Center,29.267,82.183,2025091723,2025-09-17 23:00:00,2025,9,17,23,11.99,84.68,0.65,0.78,94.96,0.0,90.0
Karnali_Center,29.267,82.183,2025091800,2025-09-18 00:00:00,2025,9,18,0,11.69,84.64,0.65,0.77,55.38,0.0,90.0
Karnali_Center,29.267,82.183,2025091801,2025-09-18 01:00:00,2025,9,18,1,11.37,84.77,0.68,0.78,98.06,0.0,90.0
Karnali_Center,29.267,82.183,2025091802,2025-09-18 02:00:00,2025,9,18,2,11.14,84.56,0.49,0.56,97.43,0.0,90.0
Karnali_Center,29.267,82.183,2025091803,2025-09-18 03:00:00,2025,9,18,3,11.04,84.9,0.25,0.32,91.88,0.0,90.0
Karnali_Center,29.267,82.183,2025091804,2025-09-18 04:00:00,2025,9,18,4,10.61,87.52,0.69,0.82,90.65,0.0,90.0
Karnali_Center,29.267,82.183,2025091805,2025-09-18 05:00:00,2025,9,18,5,10.05,89.77,1.33,1.58,91.6,18.85,87.11
Karnali_Center,29.267,82.183,2025091806,2025-09-18 06:00:00,2025,9,18,6,12.18,86.26,1.12,1.29,91.87,142.75,74.85
Karnali_Center,29.267,82.183,2025091807,2025-09-18 07:00:00,2025,9,18,7,14.44,76.58,0.89,0.77,92.6,318.55,62.08
Karnali_Center,29.267,82.183,2025091808,2025-09-18 08:00:00,2025,9,18,8,15.8,71.66,2.35,1.95,36.55,501.0,49.89
Karnali_Center,29.267,82.183,2025091809,2025-09-18 09:00:00,2025,9,18,9,16.9,68.65,2.84,2.2,22.47,596.65,38.98
Karnali_Center,29.267,82.183,2025091810,2025-09-18 10:00:00,2025,9,18,10,17.81,67.25,3.19,2.44,31.47,668.95,30.85
Karnali_Center,29.267,82.183,2025091811,2025-09-18 11:00:00,2025,9,18,11,18.43,67.0,3.68,2.86,63.85,663.17,28.09
Karnali_Center,29.267,82.183,2025091812,2025-09-18 12:00:00,2025,9,18,12,18.62,67.31,4.19,3.37,89.47,539.97,32.14
Karnali_Center,29.267,82.183,2025091813,2025-09-18 13:00:00,2025,9,18,13,18.14,68.87,4.51,3.75,88.26,404.88,41.01
Karnali_Center,29.267,82.183,2025091814,2025-09-18 14:00:00,2025,9,18,14,17.35,71.71,4.53,3.86,85.81,288.48,52.27
Karnali_Center,29.267,82.183,2025091815,2025-09-18 15:00:00,2025,9,18,15,16.17,76.99,4.16,3.62,87.25,179.55,64.62
Karnali_Center,29.267,82.183,2025091816,2025-09-18 16:00:00,2025,9,18,16,14.88,83.8,3.44,3.09,89.53,72.57,77.47
Karnali_Center,29.267,82.183,2025091817,2025-09-18 17:00:00,2025,9,18,17,13.37,93.68,2.02,2.22,90.46,5.28,88.6
Karnali_Center,29.267,82.183,2025091818,2025-09-18 18:00:00,2025,9,18,18,12.53,98.36,1.46,1.99,91.16,0.0,90.0
Karnali_Center,29.267,82.183,2025091819,2025-09-18 19:00:00,2025,9,18,19,12.14,99.7,1.34,1.89,92.46,0.0,90.0
Karnali_Center,29.267,82.183,2025091820,2025-09-18 20:00:00,2025,9,18,20,11.72,100.0,1.28,1.73,98.58,0.0,90.0
Karnali_Center,29.267,82.183,2025091821,2025-09-18 21:00:00,2025,9,18,21,11.31,100.0,1.16,1.52,98.74,0.0,90.0
Karnali_Center,29.267,82.183,2025091822,2025-09-18 22:00:00,2025,9,18,22,11.14,99.25,0.88,1.14,98.17,0.0,90.0
Karnali_Center,29.267,82.183,2025091823,2025-09-18 23:00:00,2025,9,18,23,10.81,99.24,0.79,1.03,98.23,0.0,90.0
Karnali_Center,29.267,82.183,2025091900,2025-09-19 00:00:00,2025,9,19,0,10.25,100.0,1.1,1.44,99.45,0.0,90.0
Karnali_Center,29.267,82.183,2025091901,2025-09-19 01:00:00,2025,9,19,1,9.75,100.0,1.27,1.66,88.99,0.0,90.0
Karnali_Center,29.267,82.183,2025091902,2025-09-19 02:00:00,2025,9,19,2,9.39,99.69,1.37,1.76,99.75,0.0,90.0
Karnali_Center,29.267,82.183,2025091903,2025-09-19 03:00:00,2025,9,19,3,9.49,96.8,1.36,1.7,99.33,0.0,90.0
Karnali_Center,29.267,82.183,2025091904,2025-09-19 04:00:00,2025,9,19,4,9.93,92.88,1.22,1.52,98.7,0.0,90.0
Karnali_Center,29.267,82.183,2025091905,2025-09-19 05:00:00,2025,9,19,5,10.41,89.9,1.03,1.3,73.96,13.12,87.18
Karnali_Center,29.267,82.183,2025091906,2025-09-19 06:00:00,2025,9,19,6,12.26,89.46,0.9,1.1,53.19,127.57,74.97
Karnali_Center,29.267,82.183,2025091907,2025-09-19 07:00:00,2025,9,19,7,14.09,83.43,1.73,1.64,37.15,303.67,62.22
Karnali_Center,29.267,82.183,2025091908,2025-09-19 08:00:00,2025,9,19,8,15.65,77.73,2.28,1.89,21.39,485.55,50.06
Karnali_Center,29.267,82.183,2025091909,2025-09-19 09:00:00,2025,9,19,9,17.13,71.42,2.87,2.28,14.11,609.42,39.21
Karnali_Center,29.267,82.183,2025091910,2025-09-19 10:00:00,2025,9,19,10,18.08,69.04,3.48,2.78,19.79,685.53,31.17
Karnali_Center,29.267,82.183,2025091911,2025-09-19 11:00:00,2025,9,19,11,18.54,68.68,3.91,3.16,26.05,684.25,28.48
Karnali_Center,29.267,82.183,2025091912,2025-09-19 12:00:00,2025,9,19,12,18.61,68.95,4.04,3.31,24.98,606.05,32.53
Karnali_Center,29.267,82.183,2025091913,2025-09-19 13:00:00,2025,9,19,13,18.36,69.87,3.98,3.3,65.81,538.15,41.35
Karnali_Center,29.267,82.183,2025091914,2025-09-19 14:00:00,2025,9,19,14,17.85,71.38,3.78,3.18,25.58,331.77,52.58
Karnali_Center,29.267,82.183,2025091915,2025-09-19 15:00:00,2025,9,19,15,17.06,73.91,3.5,3.0,27.79,211.38,64.9
Karnali_Center,29.267,82.183,2025091916,2025-09-19 16:00:00,2025,9,19,16,15.91,78.79,2.95,2.62,27.29,95.82,77.74
Karnali_Center,29.267,82.183,2025091917,2025-09-19 17:00:00,2025,9,19,17,14.0,91.63,1.59,1.89,22.61,6.7,88.73
Karnali_Center,29.267,82.183,2025091918,2025-09-19 18:00:00,2025,9,19,18,12.97,97.26,1.16,1.53,20.3,0.0,90.0
Karnali_Center,29.267,82.183,2025091919,2025-09-19 19:00:00,2025,9,19,19,12.74,98.9,1.03,1.35,20.76,0.0,90.0
Karnali_Center,29.267,82.183,2025091920,2025-09-19 20:00:00,2025,9,19,20,12.75,98.67,0.76,1.01,58.17,0.0,90.0
Karnali_Center,29.267,82.183,2025091921,2025-09-19 21:00:00,2025,9,19,21,12.6,98.63,0.68,0.9,72.99,0.0,90.0
Karnali_Center,29.267,82.183,2025091922,2025-09-19 22:00:00,2025,9,19,22,12.41,98.56,0.62,0.81,75.54,0.0,90.0
Karnali_Center,29.267,82.183,2025091923,2025-09-19 23:00:00,2025,9,19,23,12.17,98.64,0.6,0.77,63.16,0.0,90.0
Karnali_Center,29.267,82.183,2025092000,2025-09-20 00:00:00,2025,9,20,0,11.91,99.24,0.65,0.84,58.19,0.0,90.0
Karnali_Center,29.267,82.183,2025092001,2025-09-20 01:00:00,2025,9,20,1,11.32,100.0,0.81,1.05,40.32,0.0,90.0
Karnali_Center,29.267,82.183,2025092002,2025-09-20 02:00:00,2025,9,20,2,10.9,100.0,0.97,1.26,66.27,0.0,90.0
Karnali_Center,29.267,82.183,2025092003,2025-09-20 03:00:00,2025,9,20,3,10.83,100.0,1.04,1.34,73.18,0.0,90.0
Karnali_Center,29.267,82.183,2025092004,2025-09-20 04:00:00,2025,9,20,4,10.7,99.48,1.09,1.4,58.82,0.0,90.0
Karnali_Center,29.267,82.183,2025092005,2025-09-20 05:00:00,2025,9,20,5,10.72,97.18,1.12,1.44,59.36,20.27,87.26
Karnali_Center,29.267,82.183,2025092006,2025-09-20 06:00:00,2025,9,20,6,12.41,90.75,1.15,1.37,54.68,199.02,75.09
Karnali_Center,29.267,82.183,2025092007,2025-09-20 07:00:00,2025,9,20,7,14.2,83.33,1.57,1.54,60.79,400.12,62.35
Karnali_Center,29.267,82.183,2025092008,2025-09-20 08:00:00,2025,9,20,8,16.17,74.99,2.14,1.78,63.68,608.12,50.24
Karnali_Center,29.267,82.183,2025092009,2025-09-20 09:00:00,2025,9,20,9,17.58,69.13,2.62,2.12,79.7,691.15,39.45
Karnali_Center,29.267,82.183,2025092010,2025-09-20 10:00:00,2025,9,20,10,18.45,65.84,3.13,2.54,7.43,793.25,31.49
Karnali_Center,29.267,82.183,2025092011,2025-09-20 11:00:00,2025,9,20,11,19.02,63.81,3.58,2.93,2.16,794.25,28.87
Karnali_Center,29.267,82.183,2025092012,2025-09-20 12:00:00,2025,9,20,12,19.11,63.46,3.84,3.17,58.29,735.6,32.91
Karnali_Center,29.267,82.183,2025092013,2025-09-20 13:00:00,2025,9,20,13,18.79,64.49,3.89,3.23,7.1,599.08,41.7
Karnali_Center,29.267,82.183,2025092014,2025-09-20 14:00:00,2025,9,20,14,18.28,65.96,3.76,3.16,12.16,400.2,52.88
Karnali_Center,29.267,82.183,2025092015,2025-09-20 15:00:00,2025,9,20,15,17.49,68.12,3.45,2.96,19.42,246.85,65.19
Karnali_Center,29.267,82.183,2025092016,2025-09-20 16:00:00,2025,9,20,16,16.23,73.19,2.92,2.63,21.68,109.0,78.01
Karnali_Center,29.267,82.183,2025092017,2025-09-20 17:00:00,2025,9,20,17,14.02,88.48,1.5,1.84,3.08,7.65,88.84
Karnali_Center,29.267,82.183,2025092018,2025-09-20 18:00:00,2025,9,20,18,12.84,93.39,0.88,1.14,21.98,0.0,90.0
Karnali_Center,29.267,82.183,2025092019,2025-09-20 19:00:00,2025,9,20,19,12.47,96.3,0.83,1.09,33.04,0.0,90.0
Karnali_Center,29.267,82.183,2025092020,2025-09-20 20:00:00,2025,9,20,20,12.37,96.5,0.85,1.11,43.34,0.0,90.0
Karnali_Center,29.267,82.183,2025092021,2025-09-20 21:00:00,2025,9,20,21,12.12,96.5,0.81,1.07,54.61,0.0,90.0
Karnali_Center,29.267,82.183,2025092022,2025-09-20 22:00:00,2025,9,20,22,11.76,96.49,0.78,1.04,65.28,0.0,90.0
Karnali_Center,29.267,82.183,2025092023,2025-09-20 23:00:00,2025,9,20,23,11.29,96.18,0.87,1.12,61.63,0.0,90.0
Karnali_Center,29.267,82.183,2025092100,2025-09-21 00:00:00,2025,9,21,0,10.91,94.48,1.1,1.34,64.48,0.0,90.0
Karnali_Center,29.267,82.183,2025092101,2025-09-21 01:00:00,2025,9,21,1,10.4,92.15,1.27,1.5,23.43,0.0,90.0
Karnali_Center,29.267,82.183,2025092102,2025-09-21 02:00:00,2025,9,21,2,9.95,88.46,1.4,1.59,36.95,0.0,90.0
Karnali_Center,29.267,82.183,2025092103,2025-09-21 03:00:00,2025,9,21,3,9.76,83.32,1.44,1.59,0.6,0.0,90.0
Karnali_Center,29.267,82.183,2025092104,2025-09-21 04:00:00,2025,9,21,4,9.58,79.27,1.41,1.52,33.86,0.0,90.0
Karnali_Center,29.267,82.183,2025092105,2025-09-21 05:00:00,2025,9,21,5,9.46,76.67,1.43,1.56,30.08,20.92,87.33
Karnali_Center,29.267,82.183,2025092106,2025-09-21 06:00:00,2025,9,21,6,12.02,75.23,1.3,1.38,14.84,220.65,75.21
Karnali_Center,29.267,82.183,2025092107,2025-09-21 07:00:00,2025,9,21,7,15.48,57.91,1.0,0.99,22.46,443.95,62.49
Karnali_Center,29.267,82.183,2025092108,2025-09-21 08:00:00,2025,9,21,8,17.32,55.46,2.1,1.53,24.23,662.22,50.41
Karnali_Center,29.267,82.183,2025092109,2025-09-21 09:00:00,2025,9,21,9,18.59,54.38,2.8,1.99,41.71,813.35,39.68
Karnali_Center,29.267,82.183,2025092110,2025-09-21 10:00:00,2025,9,21,10,19.51,54.28,3.46,2.5,52.08,888.8,31.81
Karnali_Center,29.267,82.183,2025092111,2025-09-21 11:00:00,2025,9,21,11,20.0,55.39,4.01,2.91,61.63,817.0,29.26
Karnali_Center,29.267,82.183,2025092112,2025-09-21 12:00:00,2025,9,21,12,20.04,57.88,4.34,3.22,42.45,822.8,33.29
Karnali_Center,29.267,82.183,2025092113,2025-09-21 13:00:00,2025,9,21,13,19.67,61.42,4.36,3.28,1.86,637.95,42.04
Karnali_Center,29.267,82.183,2025092114,2025-09-21 14:00:00,2025,9,21,14,18.98,65.33,4.13,3.15,3.15,442.25,53.19
Karnali_Center,29.267,82.183,2025092115,2025-09-21 15:00:00,2025,9,21,15,18.12,69.22,3.79,2.98,4.38,258.42,65.47
Karnali_Center,29.267,82.183,2025092116,2025-09-21 16:00:00,2025,9,21,16,16.81,75.51,3.21,2.73,3.05,107.85,78.28
Karnali_Center,29.267,82.183,2025092117,2025-09-21 17:00:00,2025,9,21,17,14.67,90.4,1.47,1.76,4.6,5.5,88.95
Karnali_Center,29.267,82.183,2025092118,2025-09-21 18:00:00,2025,9,21,18,13.9,94.02,0.74,0.92,47.35,0.0,90.0
Karnali_Center,29.267,82.183,2025092119,2025-09-21 19:00:00,2025,9,21,19,13.66,95.78,0.57,0.71,20.63,0.0,90.0
Karnali_Center,29.267,82.183,2025092120,2025-09-21 20:00:00,2025,9,21,20,13.39,97.53,0.65,0.79,30.69,0.0,90.0
Karnali_Center,29.267,82.183,2025092121,2025-09-21 21:00:00,2025,9,21,21,13.25,98.07,0.62,0.73,60.61,0.0,90.0
Karnali_Center,29.267,82.183,2025092122,2025-09-21 22:00:00,2025,9,21,22,13.2,97.78,0.52,0.64,79.83,0.0,90.0
Karnali_Center,29.267,82.183,2025092123,2025-09-21 23:00:00,2025,9,21,23,13.06,97.44,0.39,0.49,79.24,0.0,90.0
Karnali_Center,29.267,82.183,2025092200,2025-09-22 00:00:00,2025,9,22,0,12.81,96.92,0.25,0.35,68.19,0.0,90.0
Karnali_Center,29.267,82.183,2025092201,2025-09-22 01:00:00,2025,9,22,1,12.61,95.33,0.25,0.38,78.3,0.0,90.0
Karnali_Center,29.267,82.183,2025092202,2025-09-22 02:00:00,2025,9,22,2,12.32,93.16,0.51,0.65,43.78,0.0,90.0
Karnali_Center,29.267,82.183,2025092203,2025-09-22 03:00:00,2025,9,22,3,12.08,90.85,0.74,0.91,80.44,0.0,90.0
Karnali_Center,29.267,82.183,2025092204,2025-09-22 04:00:00,2025,9,22,4,11.88,88.0,0.77,0.92,67.29,0.0,90.0
Karnali_Center,29.267,82.183,2025092205,2025-09-22 05:00:00,2025,9,22,5,11.77,84.32,0.87,0.96,54.97,19.73,87.4
Karnali_Center,29.267,82.183,2025092206,2025-09-22 06:00:00,2025,9,22,6,13.38,82.27,0.87,1.0,33.35,218.15,75.33
Karnali_Center,29.267,82.183,2025092207,2025-09-22 07:00:00,2025,9,22,7,15.66,70.8,0.85,0.93,30.49,449.92,62.63
Karnali_Center,29.267,82.183,2025092208,2025-09-22 08:00:00,2025,9,22,8,17.6,68.17,1.8,1.38,23.94,670.17,50.59
Karnali_Center,29.267,82.183,2025092209,2025-09-22 09:00:00,2025,9,22,9,19.31,64.5,2.69,1.91,33.08,811.05,39.92
Karnali_Center,29.267,82.183,2025092210,2025-09-22 10:00:00,2025,9,22,10,20.26,62.69,3.49,2.53,42.37,897.58,32.14
Karnali_Center,29.267,82.183,2025092211,2025-09-22 11:00:00,2025,9,22,11,20.64,62.92,4.06,3.05,49.8,888.7,29.65
Karnali_Center,29.267,82.183,2025092212,2025-09-22 12:00:00,2025,9,22,12,20.63,64.2,4.44,3.46,38.13,821.33,33.67
Karnali_Center,29.267,82.183,2025092213,2025-09-22 13:00:00,2025,9,22,13,20.32,66.53,4.52,3.61,3.4,628.28,42.38
Karnali_Center,29.267,82.183,2025092214,2025-09-22 14:00:00,2025,9,22,14,19.89,68.41,4.22,3.43,61.13,386.42,53.49
Karnali_Center,29.267,82.183,2025092215,2025-09-22 15:00:00,2025,9,22,15,19.21,71.11,3.86,3.23,62.93,228.12,65.75
Karnali_Center,29.267,82.183,2025092216,2025-09-22 16:00:00,2025,9,22,16,17.96,78.15,3.25,2.88,63.19,90.68,78.55
Karnali_Center,29.267,82.183,2025092217,2025-09-22 17:00:00,2025,9,22,17,15.66,93.73,1.65,2.13,57.03,4.93,89.06
Karnali_Center,29.267,82.183,2025092218,2025-09-22 18:00:00,2025,9,22,18,14.69,99.34,1.21,1.65,4.34,0.0,90.0
Karnali_Center,29.267,82.183,2025092219,2025-09-22 19:00:00,2025,9,22,19,14.59,99.91,1.07,1.39,55.31,0.0,90.0
Karnali_Center,29.267,82.183,2025092220,2025-09-22 20:00:00,2025,9,22,20,14.28,100.0,1.17,1.49,51.67,0.0,90.0
Karnali_Center,29.267,82.183,2025092221,2025-09-22 21:00:00,2025,9,22,21,14.03,100.0,1.2,1.54,62.37,0.0,90.0
Karnali_Center,29.267,82.183,2025092222,2025-09-22 22:00:00,2025,9,22,22,13.79,100.0,1.12,1.46,76.05,0.0,90.0
Karnali_Center,29.267,82.183,2025092223,2025-09-22 23:00:00,2025,9,22,23,13.56,100.0,1.02,1.31,88.63,0.0,90.0
Karnali_Center,29.267,82.183,2025092300,2025-09-23 00:00:00,2025,9,23,0,13.38,100.0,0.86,1.12,67.59,0.0,90.0
Karnali_Center,29.267,82.183,2025092301,2025-09-23 01:00:00,2025,9,23,1,13.12,100.0,0.74,0.98,85.49,0.0,90.0
Karnali_Center,29.267,82.183,2025092302,2025-09-23 02:00:00,2025,9,23,2,13.05,99.64,0.49,0.67,63.04,0.0,90.0
Karnali_Center,29.267,82.183,2025092303,2025-09-23 03:00:00,2025,9,23,3,12.92,97.99,0.32,0.48,73.04,0.0,90.0
Karnali_Center,29.267,82.183,2025092304,2025-09-23 04:00:00,2025,9,23,4,12.65,97.24,0.33,0.52,57.29,0.0,90.0
Karnali_Center,29.267,82.183,2025092305,2025-09-23 05:00:00,2025,9,23,5,12.87,93.53,0.27,0.43,49.5,16.25,87.48
Karnali_Center,29.267,82.183,2025092306,2025-09-23 06:00:00,2025,9,23,6,14.2,88.94,0.25,0.37,32.44,183.73,75.45
Karnali_Center,29.267,82.183,2025092307,2025-09-23 07:00:00,2025,9,23,7,16.14,80.54,1.2,1.13,32.68,397.02,62.78
Karnali_Center,29.267,82.183,2025092308,2025-09-23 08:00:00,2025,9,23,8,17.97,73.95,2.43,1.9,28.71,623.88,50.77
Karnali_Center,29.267,82.183,2025092309,2025-09-23 09:00:00,2025,9,23,9,19.18,70.28,3.31,2.56,35.48,769.6,40.16
Karnali_Center,29.267,82.183,2025092310,2025-09-23 10:00:00,2025,9,23,10,19.94,68.58,3.91,3.06,49.69,861.67,32.46
Karnali_Center,29.267,82.183,2025092311,2025-09-23 11:00:00,2025,9,23,11,20.46,67.55,4.25,3.36,51.85,852.0,30.04
Karnali_Center,29.267,82.183,2025092312,2025-09-23 12:00:00,2025,9,23,12,20.57,67.56,4.44,3.59,11.95,703.6,34.06
Karnali_Center,29.267,82.183,2025092313,2025-09-23 13:00:00,2025,9,23,13,20.26,68.9,4.48,3.72,58.09,522.8,42.72
Karnali_Center,29.267,82.183,2025092314,2025-09-23 14:00:00,2025,9,23,14,19.6,71.14,4.29,3.67,56.04,391.1,53.8
Karnali_Center,29.267,82.183,2025092315,2025-09-23 15:00:00,2025,9,23,15,18.65,74.73,3.98,3.5,55.75,224.45,66.04
Karnali_Center,29.267,82.183,2025092316,2025-09-23 16:00:00,2025,9,23,16,17.36,80.83,3.34,3.03,47.56,96.28,78.82
Karnali_Center,29.267,82.183,2025092317,2025-09-23 17:00:00,2025,9,23,17,15.54,93.82,1.69,2.16,35.91,4.75,89.16
Karnali_Center,29.267,82.183,2025092318,2025-09-23 18:00:00,2025,9,23,18,14.77,98.36,1.32,1.98,30.34,0.0,90.0
Karnali_Center,29.267,82.183,2025092319,2025-09-23 19:00:00,2025,9,23,19,14.43,99.75,1.38,2.05,31.7,0.0,90.0
Karnali_Center,29.267,82.183,2025092320,2025-09-23 20:00:00,2025,9,23,20,14.12,100.0,1.53,2.28,54.95,0.0,90.0
Karnali_Center,29.267,82.183,2025092321,2025-09-23 21:00:00,2025,9,23,21,13.8,100.0,1.64,2.45,11.32,0.0,90.0
Karnali_Center,29.267,82.183,2025092322,2025-09-23 22:00:00,2025,9,23,22,13.57,100.0,1.72,2.61,79.55,0.0,90.0
Karnali_Center,29.267,82.183,2025092323,2025-09-23 23:00:00,2025,9,23,23,13.37,100.0,1.72,2.58,73.77,0.0,90.0
Karnali_Center,29.267,82.183,2025092400,2025-09-24 00:00:00,2025,9,24,0,13.08,100.0,1.72,2.47,47.02,0.0,90.0
Karnali_Center,29.267,82.183,2025092401,2025-09-24 01:00:00,2025,9,24,1,12.79,100.0,1.66,2.33,59.27,0.0,90.0
Karnali_Center,29.267,82.183,2025092402,2025-09-24 02:00:00,2025,9,24,2,12.53,100.0,1.62,2.26,45.15,0.0,90.0
Karnali_Center,29.267,82.183,2025092403,2025-09-24 03:00:00,2025,9,24,3,12.2,100.0,1.58,2.14,53.17,0.0,90.0
Karnali_Center,29.267,82.183,2025092404,2025-09-24 04:00:00,2025,9,24,4,11.95,100.0,1.55,2.08,48.74,0.0,90.0
Karnali_Center,29.267,82.183,2025092405,2025-09-24 05:00:00,2025,9,24,5,11.91,99.39,1.46,1.97,37.31,19.17,87.55
Karnali_Center,29.267,82.183,2025092406,2025-09-24 06:00:00,2025,9,24,6,13.35,95.63,1.51,1.82,18.21,210.43,75.57
Karnali_Center,29.267,82.183,2025092407,2025-09-24 07:00:00,2025,9,24,7,14.8,89.01,2.04,2.06,17.75,439.52,62.92
Karnali_Center,29.267,82.183,2025092408,2025-09-24 08:00:00,2025,9,24,8,16.31,81.69,2.26,2.05,15.08,656.28,50.95
Karnali_Center,29.267,82.183,2025092409,2025-09-24 09:00:00,2025,9,24,9,17.8,72.81,2.33,1.86,31.57,781.53,40.41
Karnali_Center,29.267,82.183,2025092410,2025-09-24 10:00:00,2025,9,24,10,19.12,65.51,2.62,1.99,46.23,868.35,32.79
Karnali_Center,29.267,82.183,2025092411,2025-09-24 11:00:00,2025,9,24,11,20.08,60.93,3.09,2.4,25.62,895.53,30.43
Karnali_Center,29.267,82.183,2025092412,2025-09-24 12:00:00,2025,9,24,12,20.4,60.35,3.49,2.78,64.51,733.9,34.44
Karnali_Center,29.267,82.183,2025092413,2025-09-24 13:00:00,2025,9,24,13,20.21,61.93,3.66,2.98,44.86,680.0,43.07
Karnali_Center,29.267,82.183,2025092414,2025-09-24 14:00:00,2025,9,24,14,19.58,64.72,3.48,2.92,68.72,457.38,54.11
Karnali_Center,29.267,82.183,2025092415,2025-09-24 15:00:00,2025,9,24,15,18.59,69.22,3.2,2.77,61.82,274.73,66.32
Karnali_Center,29.267,82.183,2025092416,2025-09-24 16:00:00,2025,9,24,16,17.19,76.96,2.57,2.39,54.94,107.0,79.09
Karnali_Center,29.267,82.183,2025092417,2025-09-24 17:00:00,2025,9,24,17,15.25,91.35,1.22,1.62,43.52,4.53,89.25
Karnali_Center,29.267,82.183,2025092418,2025-09-24 18:00:00,2025,9,24,18,14.44,93.13,0.82,1.06,33.93,0.0,90.0
Karnali_Center,29.267,82.183,2025092419,2025-09-24 19:00:00,2025,9,24,19,14.25,95.04,0.62,0.8,34.96,0.0,90.0
Karnali_Center,29.267,82.183,2025092420,2025-09-24 20:00:00,2025,9,24,20,13.92,96.47,0.57,0.73,51.78,0.0,90.0
Karnali_Center,29.267,82.183,2025092421,2025-09-24 21:00:00,2025,9,24,21,13.47,97.84,0.54,0.73,74.35,0.0,90.0
Karnali_Center,29.267,82.183,2025092422,2025-09-24 22:00:00,2025,9,24,22,12.91,99.13,0.56,0.78,85.17,0.0,90.0
Karnali_Center,29.267,82.183,2025092423,2025-09-24 23:00:00,2025,9,24,23,12.57,99.12,0.64,0.86,82.85,0.0,90.0
Karnali_Center,29.267,82.183,2025092500,2025-09-25 00:00:00,2025,9,25,0,11.94,99.89,0.93,1.23,78.06,0.0,90.0
Karnali_Center,29.267,82.183,2025092501,2025-09-25 01:00:00,2025,9,25,1,11.28,100.0,1.17,1.54,62.35,0.0,90.0
Karnali_Center,29.267,82.183,2025092502,2025-09-25 02:00:00,2025,9,25,2,10.69,100.0,1.29,1.6,92.16,0.0,90.0
Karnali_Center,29.267,82.183,2025092503,2025-09-25 03:00:00,2025,9,25,3,9.87,99.93,1.56,1.8,97.09,0.0,90.0
Karnali_Center,29.267,82.183,2025092504,2025-09-25 04:00:00,2025,9,25,4,8.96,99.18,1.86,2.07,82.24,0.0,90.0
Karnali_Center,29.267,82.183,2025092505,2025-09-25 05:00:00,2025,9,25,5,8.54,94.56,2.02,2.2,75.42,17.67,87.62
Karnali_Center,29.267,82.183,2025092506,2025-09-25 06:00:00,2025,9,25,6,11.62,82.33,1.97,2.17,64.09,200.88,75.7
Karnali_Center,29.267,82.183,2025092507,2025-09-25 07:00:00,2025,9,25,7,15.02,63.37,1.31,1.21,61.55,417.75,63.07
Karnali_Center,29.267,82.183,2025092508,2025-09-25 08:00:00,2025,9,25,8,18.15,48.38,1.35,0.98,56.89,635.33,51.14
Karnali_Center,29.267,82.183,2025092509,2025-09-25 09:00:00,2025,9,25,9,19.33,47.39,2.64,2.0,64.22,756.92,40.66
Karnali_Center,29.267,82.183,2025092510,2025-09-25 10:00:00,2025,9,25,10,20.07,48.51,3.31,2.51,70.4,823.28,33.12
Karnali_Center,29.267,82.183,2025092511,2025-09-25 11:00:00,2025,9,25,11,20.42,50.83,3.9,3.01,65.67,789.22,30.82
Karnali_Center,29.267,82.183,2025092512,2025-09-25 12:00:00,2025,9,25,12,20.34,54.36,4.22,3.31,3.91,715.5,34.83
Karnali_Center,29.267,82.183,2025092513,2025-09-25 13:00:00,2025,9,25,13,19.9,58.63,4.15,3.3,49.96,641.28,43.41
Karnali_Center,29.267,82.183,2025092514,2025-09-25 14:00:00,2025,9,25,14,19.2,63.01,3.77,3.05,59.87,382.23,54.42
Karnali_Center,29.267,82.183,2025092515,2025-09-25 15:00:00,2025,9,25,15,18.28,67.07,3.35,2.79,59.03,225.05,66.6
Karnali_Center,29.267,82.183,2025092516,2025-09-25 16:00:00,2025,9,25,16,16.9,73.54,2.79,2.49,55.08,88.38,79.36
Karnali_Center,29.267,82.183,2025092517,2025-09-25 17:00:00,2025,9,25,17,14.75,89.52,1.38,1.8,42.25,3.75,89.34
Karnali_Center,29.267,82.183,2025092518,2025-09-25 18:00:00,2025,9,25,18,13.85,92.14,0.76,1.02,2.27,0.0,90.0
Karnali_Center,29.267,82.183,2025092519,2025-09-25 19:00:00,2025,9,25,19,13.57,93.75,0.35,0.47,7.47,0.0,90.0
Karnali_Center,29.267,82.183,2025092520,2025-09-25 20:00:00,2025,9,25,20,13.01,96.59,0.57,0.73,13.29,0.0,90.0
Karnali_Center,29.267,82.183,2025092521,2025-09-25 21:00:00,2025,9,25,21,12.59,97.4,0.85,1.05,15.75,0.0,90.0
Karnali_Center,29.267,82.183,2025092522,2025-09-25 22:00:00,2025,9,25,22,12.35,96.05,1.0,1.19,82.94,0.0,90.0
Karnali_Center,29.267,82.183,2025092523,2025-09-25 23:00:00,2025,9,25,23,12.11,94.23,1.04,1.24,72.9,0.0,90.0
Karnali_Center,29.267,82.183,2025092600,2025-09-26 00:00:00,2025,9,26,0,11.79,92.65,1.14,1.37,70.16,0.0,90.0
Karnali_Center,29.267,82.183,2025092601,2025-09-26 01:00:00,2025,9,26,1,11.47,90.74,1.24,1.49,39.66,0.0,90.0
Karnali_Center,29.267,82.183,2025092602,2025-09-26 02:00:00,2025,9,26,2,11.53,86.36,1.28,1.5,54.51,0.0,90.0
Karnali_Center,29.267,82.183,2025092603,2025-09-26 03:00:00,2025,9,26,3,11.38,83.93,1.27,1.44,56.57,0.0,90.0
Karnali_Center,29.267,82.183,2025092604,2025-09-26 04:00:00,2025,9,26,4,11.02,83.11,1.4,1.54,47.44,0.0,90.0
Karnali_Center,29.267,82.183,2025092605,2025-09-26 05:00:00,2025,9,26,5,10.84,79.91,1.56,1.67,49.11,19.27,87.69
Karnali_Center,29.267,82.183,2025092606,2025-09-26 06:00:00,2025,9,26,6,13.1,78.62,1.45,1.64,43.61,206.93,75.82
Karnali_Center,29.267,82.183,2025092607,2025-09-26 07:00:00,2025,9,26,7,16.46,62.98,0.75,0.79,51.51,418.0,63.22
Karnali_Center,29.267,82.183,2025092608,2025-09-26 08:00:00,2025,9,26,8,18.2,57.38,2.11,1.68,54.93,614.17,51.32
Karnali_Center,29.267,82.183,2025092609,2025-09-26 09:00:00,2025,9,26,9,19.25,55.74,3.09,2.41,64.5,754.35,40.91
Karnali_Center,29.267,82.183,2025092610,2025-09-26 10:00:00,2025,9,26,10,20.0,55.93,3.66,2.87,2.72,826.17,33.45
Karnali_Center,29.267,82.183,2025092611,2025-09-26 11:00:00,2025,9,26,11,20.4,56.88,4.04,3.19,13.49,772.0,31.21
Karnali_Center,29.267,82.183,2025092612,2025-09-26 12:00:00,2025,9,26,12,20.39,58.78,4.18,3.34,59.28,691.8,35.21
Karnali_Center,29.267,82.183,2025092613,2025-09-26 13:00:00,2025,9,26,13,19.98,61.29,4.09,3.3,74.24,459.02,43.75
Karnali_Center,29.267,82.183,2025092614,2025-09-26 14:00:00,2025,9,26,14,19.34,63.65,3.76,3.09,79.85,308.58,54.72
Karnali_Center,29.267,82.183,2025092615,2025-09-26 15:00:00,2025,9,26,15,18.42,66.67,3.31,2.8,74.97,174.6,66.89
Karnali_Center,29.267,82.183,2025092616,2025-09-26 16:00:00,2025,9,26,16,17.04,72.63,2.56,2.31,69.5,65.18,79.63
Karnali_Center,29.267,82.183,2025092617,2025-09-26 17:00:00,2025,9,26,17,14.65,89.88,1.16,1.52,48.75,3.3,89.42
Karnali_Center,29.267,82.183,2025092618,2025-09-26 18:00:00,2025,9,26,18,13.52,93.9,0.83,0.93,38.64,0.0,90.0
Karnali_Center,29.267,82.183,2025092619,2025-09-26 19:00:00,2025,9,26,19,13.3,96.06,0.6,0.59,16.4,0.0,90.0
Karnali_Center,29.267,82.183,2025092620,2025-09-26 20:00:00,2025,9,26,20,13.24,96.58,0.39,0.51,53.5,0.0,90.0
Karnali_Center,29.267,82.183,2025092621,2025-09-26 21:00:00,2025,9,26,21,12.52,100.0,1.23,1.66,70.85,0.0,90.0
Karnali_Center,29.267,82.183,2025092622,2025-09-26 22:00:00,2025,9,26,22,12.58,100.0,1.0,1.35,73.11,0.0,90.0
Karnali_Center,29.267,82.183,2025092623,2025-09-26 23:00:00,2025,9,26,23,12.78,99.75,0.59,0.81,84.93,0.0,90.0
Karnali_Center,29.267,82.183,2025092700,2025-09-27 00:00:00,2025,9,27,0,12.56,99.68,0.5,0.66,71.52,0.0,90.0
Karnali_Center,29.267,82.183,2025092701,2025-09-27 01:00:00,2025,9,27,1,12.24,99.18,0.34,0.44,57.34,0.0,90.0
Karnali_Center,29.267,82.183,2025092702,2025-09-27 02:00:00,2025,9,27,2,11.68,100.0,0.45,0.51,65.61,0.0,90.0
Karnali_Center,29.267,82.183,2025092703,2025-09-27 03:00:00,2025,9,27,3,10.9,100.0,0.96,1.17,45.03,0.0,90.0
Karnali_Center,29.267,82.183,2025092704,2025-09-27 04:00:00,2025,9,27,4,10.27,100.0,1.33,1.59,66.49,0.0,90.0
Karnali_Center,29.267,82.183,2025092705,2025-09-27 05:00:00,2025,9,27,5,9.63,100.0,1.56,1.86,67.85,15.15,87.76
Karnali_Center,29.267,82.183,2025092706,2025-09-27 06:00:00,2025,9,27,6,11.54,89.41,1.97,1.91,64.93,164.48,75.95
Karnali_Center,29.267,82.183,2025092707,2025-09-27 07:00:00,2025,9,27,7,14.97,65.83,1.17,1.28,69.39,352.65,63.36
Karnali_Center,29.267,82.183,2025092708,2025-09-27 08:00:00,2025,9,27,8,17.88,51.38,0.97,0.55,71.55,550.83,51.51
Karnali_Center,29.267,82.183,2025092709,2025-09-27 09:00:00,2025,9,27,9,19.3,49.22,2.72,2.04,14.2,713.3,41.16
Karnali_Center,29.267,82.183,2025092710,2025-09-27 10:00:00,2025,9,27,10,20.01,50.68,3.51,2.7,12.92,803.72,33.78
Karnali_Center,29.267,82.183,2025092711,2025-09-27 11:00:00,2025,9,27,11,20.23,53.79,3.97,3.11,20.76,747.95,31.6
Karnali_Center,29.267,82.183,2025092712,2025-09-27 12:00:00,2025,9,27,12,20.02,57.84,4.22,3.37,64.94,673.42,35.59
Karnali_Center,29.267,82.183,2025092713,2025-09-27 13:00:00,2025,9,27,13,19.46,62.18,4.13,3.36,24.39,526.42,44.1
Karnali_Center,29.267,82.183,2025092714,2025-09-27 14:00:00,2025,9,27,14,18.7,66.18,3.72,3.08,65.47,346.1,55.03
Karnali_Center,29.267,82.183,2025092715,2025-09-27 15:00:00,2025,9,27,15,17.8,69.79,3.21,2.7,60.52,204.88,67.17
Karnali_Center,29.267,82.183,2025092716,2025-09-27 16:00:00,2025,9,27,16,16.51,76.04,2.63,2.36,49.23,98.2,79.39
Karnali_Center,29.267,82.183,2025092717,2025-09-27 17:00:00,2025,9,27,17,14.39,91.97,1.28,1.71,13.0,0.0,90.0
Karnali_Center,29.267,82.183,2025092718,2025-09-27 18:00:00,2025,9,27,18,13.67,96.05,0.73,0.96,9.92,0.0,90.0
Karnali_Center,29.267,82.183,2025092719,2025-09-27 19:00:00,2025,9,27,19,13.65,96.23,0.47,0.6,19.96,0.0,90.0
Karnali_Center,29.267,82.183,2025092720,2025-09-27 20:00:00,2025,9,27,20,13.51,96.55,0.44,0.56,31.78,0.0,90.0
Karnali_Center,29.267,82.183,2025092721,2025-09-27 21:00:00,2025,9,27,21,13.28,97.11,0.46,0.59,36.32,0.0,90.0
Karnali_Center,29.267,82.183,2025092722,2025-09-27 22:00:00,2025,9,27,22,13.04,97.86,0.49,0.62,40.84,0.0,90.0
Karnali_Center,29.267,82.183,2025092723,2025-09-27 23:00:00,2025,9,27,23,12.62,99.61,0.6,0.75,55.21,0.0,90.0
Karnali_Center,29.267,82.183,2025092800,2025-09-28 00:00:00,2025,9,28,0,12.26,100.0,0.72,0.89,44.37,0.0,90.0
Karnali_Center,29.267,82.183,2025092801,2025-09-28 01:00:00,2025,9,28,1,12.02,100.0,0.78,0.94,18.4,0.0,90.0
Karnali_Center,29.267,82.183,2025092802,2025-09-28 02:00:00,2025,9,28,2,11.88,100.0,0.68,0.83,35.97,0.0,90.0
Karnali_Center,29.267,82.183,2025092803,2025-09-28 03:00:00,2025,9,28,3,11.8,100.0,0.64,0.77,37.29,0.0,90.0
Karnali_Center,29.267,82.183,2025092804,2025-09-28 04:00:00,2025,9,28,4,11.61,100.0,0.71,0.85,40.4,0.0,90.0
Karnali_Center,29.267,82.183,2025092805,2025-09-28 05:00:00,2025,9,28,5,11.38,98.83,0.81,0.98,32.15,16.55,87.83
Karnali_Center,29.267,82.183,2025092806,2025-09-28 06:00:00,2025,9,28,6,12.72,92.0,0.88,1.0,14.6,200.73,76.08
Karnali_Center,29.267,82.183,2025092807,2025-09-28 07:00:00,2025,9,28,7,14.76,80.47,0.72,0.79,16.04,431.08,63.52
Karnali_Center,29.267,82.183,2025092808,2025-09-28 08:00:00,2025,9,28,8,16.58,72.23,1.27,0.94,13.9,649.65,51.71
Karnali_Center,29.267,82.183,2025092809,2025-09-28 09:00:00,2025,9,28,9,17.94,67.65,2.45,1.84,23.8,789.33,41.41
Karnali_Center,29.267,82.183,2025092810,2025-09-28 10:00:00,2025,9,28,10,18.4,67.42,3.37,2.65,37.67,858.45,34.12
Karnali_Center,29.267,82.183,2025092811,2025-09-28 11:00:00,2025,9,28,11,18.37,69.23,3.79,3.06,45.46,838.38,31.99
Karnali_Center,29.267,82.183,2025092812,2025-09-28 12:00:00,2025,9,28,12,18.16,71.46,3.78,3.11,25.58,847.6,35.98
Karnali_Center,29.267,82.183,2025092813,2025-09-28 13:00:00,2025,9,28,13,17.89,73.34,3.58,2.98,2.75,634.5,44.44
Karnali_Center,29.267,82.183,2025092814,2025-09-28 14:00:00,2025,9,28,14,17.57,75.07,3.32,2.81,1.7,426.35,55.34
Karnali_Center,29.267,82.183,2025092815,2025-09-28 15:00:00,2025,9,28,15,16.87,78.93,3.02,2.63,3.09,246.48,67.46
Karnali_Center,29.267,82.183,2025092816,2025-09-28 16:00:00,2025,9,28,16,15.7,86.46,2.39,2.19,4.15,101.12,79.73
Karnali_Center,29.267,82.183,2025092817,2025-09-28 17:00:00,2025,9,28,17,14.23,96.5,1.22,1.64,1.36,0.0,90.0
Karnali_Center,29.267,82.183,2025092818,2025-09-28 18:00:00,2025,9,28,18,13.72,99.0,1.08,1.48,36.35,0.0,90.0
Karnali_Center,29.267,82.183,2025092819,2025-09-28 19:00:00,2025,9,28,19,13.44,100.0,1.21,1.65,42.4,0.0,90.0
Karnali_Center,29.267,82.183,2025092820,2025-09-28 20:00:00,2025,9,28,20,13.17,100.0,1.33,1.81,7.29,0.0,90.0
Karnali_Center,29.267,82.183,2025092821,2025-09-28 21:00:00,2025,9,28,21,12.9,100.0,1.42,1.93,14.36,0.0,90.0
Karnali_Center,29.267,82.183,2025092822,2025-09-28 22:00:00,2025,9,28,22,12.68,100.0,1.47,1.98,16.29,0.0,90.0
Karnali_Center,29.267,82.183,2025092823,2025-09-28 23:00:00,2025,9,28,23,12.49,100.0,1.49,1.97,18.16,0.0,90.0
Karnali_Center,29.267,82.183,2025092900,2025-09-29 00:00:00,2025,9,29,0,12.4,100.0,1.42,1.83,54.46,0.0,90.0
Karnali_Center,29.267,82.183,2025092901,2025-09-29 01:00:00,2025,9,29,1,12.33,100.0,1.38,1.75,67.36,0.0,90.0
Karnali_Center,29.267,82.183,2025092902,2025-09-29 02:00:00,2025,9,29,2,12.09,100.0,1.41,1.79,64.37,0.0,90.0
Karnali_Center,29.267,82.183,2025092903,2025-09-29 03:00:00,2025,9,29,3,11.77,100.0,1.53,1.96,27.45,0.0,90.0
Karnali_Center,29.267,82.183,2025092904,2025-09-29 04:00:00,2025,9,29,4,11.39,100.0,1.71,2.25,58.71,0.0,90.0
Karnali_Center,29.267,82.183,2025092905,2025-09-29 05:00:00,2025,9,29,5,11.25,100.0,1.77,2.35,52.46,14.07,87.9
Karnali_Center,29.267,82.183,2025092906,2025-09-29 06:00:00,2025,9,29,6,13.01,97.49,1.68,2.02,38.06,178.27,76.21
Karnali_Center,29.267,82.183,2025092907,2025-09-29 07:00:00,2025,9,29,7,14.29,90.38,1.71,1.54,40.35,383.62,63.67
Karnali_Center,29.267,82.183,2025092908,2025-09-29 08:00:00,2025,9,29,8,15.9,80.85,1.64,1.28,38.76,587.0,51.9
Karnali_Center,29.267,82.183,2025092909,2025-09-29 09:00:00,2025,9,29,9,17.74,71.17,2.23,1.65,62.81,721.35,41.67
Karnali_Center,29.267,82.183,2025092910,2025-09-29 10:00:00,2025,9,29,10,18.87,66.46,3.05,2.3,73.17,786.72,34.45
Karnali_Center,29.267,82.183,2025092911,2025-09-29 11:00:00,2025,9,29,11,19.32,65.88,3.62,2.81,48.5,780.75,32.38
Karnali_Center,29.267,82.183,2025092912,2025-09-29 12:00:00,2025,9,29,12,19.27,66.79,3.9,3.13,3.52,701.47,36.36
Karnali_Center,29.267,82.183,2025092913,2025-09-29 13:00:00,2025,9,29,13,18.86,68.48,3.91,3.2,62.1,561.65,44.79
Karnali_Center,29.267,82.183,2025092914,2025-09-29 14:00:00,2025,9,29,14,18.16,70.54,3.75,3.12,69.32,324.38,55.65
Karnali_Center,29.267,82.183,2025092915,2025-09-29 15:00:00,2025,9,29,15,17.22,73.64,3.35,2.86,69.47,181.9,67.74
Karnali_Center,29.267,82.183,2025092916,2025-09-29 16:00:00,2025,9,29,16,16.01,79.17,2.73,2.46,68.77,65.35,80.07
Karnali_Center,29.267,82.183,2025092917,2025-09-29 17:00:00,2025,9,29,17,14.01,92.77,1.32,1.74,57.93,0.0,90.0
Karnali_Center,29.267,82.183,2025092918,2025-09-29 18:00:00,2025,9,29,18,13.22,96.04,0.98,1.3,70.33,0.0,90.0
Karnali_Center,29.267,82.183,2025092919,2025-09-29 19:00:00,2025,9,29,19,12.87,97.99,0.95,1.25,87.16,0.0,90.0
Karnali_Center,29.267,82.183,2025092920,2025-09-29 20:00:00,2025,9,29,20,12.59,98.74,0.98,1.29,61.84,0.0,90.0
Karnali_Center,29.267,82.183,2025092921,2025-09-29 21:00:00,2025,9,29,21,12.32,98.86,1.01,1.34,92.9,0.0,90.0
Karnali_Center,29.267,82.183,2025092922,2025-09-29 22:00:00,2025,9,29,22,12.18,98.06,0.96,1.29,88.54,0.0,90.0
Karnali_Center,29.267,82.183,2025092923,2025-09-29 23:00:00,2025,9,29,23,12.05,97.57,0.89,1.18,87.66,0.0,90.0
Karnali_Center,29.267,82.183,2025093000,2025-09-30 00:00:00,2025,9,30,0,11.82,97.25,0.89,1.17,28.63,0.0,90.0
Karnali_Center,29.267,82.183,2025093001,2025-09-30 01:00:00,2025,9,30,1,11.58,97.06,0.89,1.18,54.59,0.0,90.0
Karnali_Center,29.267,82.183,2025093002,2025-09-30 02:00:00,2025,9,30,2,11.35,96.62,0.93,1.24,57.24,0.0,90.0
Karnali_Center,29.267,82.183,2025093003,2025-09-30 03:00:00,2025,9,30,3,11.23,95.66,0.87,1.17,57.22,0.0,90.0
Karnali_Center,29.267,82.183,2025093004,2025-09-30 04:00:00,2025,9,30,4,11.14,94.87,0.85,1.16,58.6,0.0,90.0
Karnali_Center,29.267,82.183,2025093005,2025-09-30 05:00:00,2025,9,30,5,11.02,94.11,0.92,1.23,69.35,12.02,87.97
Karnali_Center,29.267,82.183,2025093006,2025-09-30 06:00:00,2025,9,30,6,12.3,93.01,1.04,1.37,81.35,112.05,76.34
Karnali_Center,29.267,82.183,2025093007,2025-09-30 07:00:00,2025,9,30,7,13.87,88.11,1.85,1.84,88.94,231.95,63.82
Karnali_Center,29.267,82.183,2025093008,2025-09-30 08:00:00,2025,9,30,8,15.44,79.0,2.36,2.08,96.48,387.83,52.09
Karnali_Center,29.267,82.183,2025093009,2025-09-30 09:00:00,2025,9,30,9,16.45,71.19,2.68,2.24,98.4,497.02,41.92
Karnali_Center,29.267,82.183,2025093010,2025-09-30 10:00:00,2025,9,30,10,16.85,68.01,3.04,2.49,94.19,582.8,34.79
Karnali_Center,29.267,82.183,2025093011,2025-09-30 11:00:00,2025,9,30,11,17.04,66.98,3.36,2.75,97.99,541.05,32.77
Karnali_Center,29.267,82.183,2025093012,2025-09-30 12:00:00,2025,9,30,12,17.0,66.75,3.56,2.96,44.19,564.5,36.74
Karnali_Center,29.267,82.183,2025093013,2025-09-30 13:00:00,2025,9,30,13,16.43,67.89,3.61,3.07,87.6,466.92,45.13
Karnali_Center,29.267,82.183,2025093014,2025-09-30 14:00:00,2025,9,30,14,15.73,69.87,3.33,2.89,96.59,277.27,55.96
Karnali_Center,29.267,82.183,2025093015,2025-09-30 15:00:00,2025,9,30,15,14.89,73.94,2.95,2.63,97.0,161.9,68.02
Karnali_Center,29.267,82.183,2025093016,2025-09-30 16:00:00,2025,9,30,16,13.77,82.49,2.18,2.2,99.59,41.3,80.4
Karnali_Center,29.267,82.183,2025093017,2025-09-30 17:00:00,2025,9,30,17,12.41,93.45,1.35,1.7,98.98,0.0,90.0
Karnali_Center,29.267,82.183,2025093018,2025-09-30 18:00:00,2025,9,30,18,12.03,94.93,1.16,1.44,94.7,0.0,90.0
Karnali_Center,29.267,82.183,2025093019,2025-09-30 19:00:00,2025,9,30,19,11.96,93.91,1.0,1.25,99.39,0.0,90.0
Karnali_Center,29.267,82.183,2025093020,2025-09-30 20:00:00,2025,9,30,20,11.59,96.05,1.0,1.22,99.45,0.0,90.0
Karnali_Center,29.267,82.183,2025093021,2025-09-30 21:00:00,2025,9,30,21,11.29,97.48,0.9,1.07,99.26,0.0,90.0
Karnali_Center,29.267,82.183,2025093022,2025-09-30 22:00:00,2025,9,30,22,11.05,97.71,0.71,0.86,99.37,0.0,90.0
Karnali_Center,29.267,82.183,2025093023,2025-09-30 23:00:00,2025,9,30,23,10.75,97.15,0.69,0.85,99.84,0.0,90.0
Karnali_Center,29.267,82.183,2025100100,2025-10-01 00:00:00,2025,10,1,0,10.27,96.95,0.68,0.88,99.81,0.0,90.0
Karnali_Center,29.267,82.183,2025100101,2025-10-01 01:00:00,2025,10,1,1,9.89,97.31,0.77,1.03,96.28,0.0,90.0
Karnali_Center,29.267,82.183,2025100102,2025-10-01 02:00:00,2025,10,1,2,9.44,97.7,1.02,1.41,99.69,0.0,90.0
Karnali_Center,29.267,82.183,2025100103,2025-10-01 03:00:00,2025,10,1,3,9.21,95.56,1.04,1.36,4.39,0.0,90.0
Karnali_Center,29.267,82.183,2025100104,2025-10-01 04:00:00,2025,10,1,4,9.27,92.07,0.96,1.2,99.76,0.0,90.0
Karnali_Center,29.267,82.183,2025100105,2025-10-01 05:00:00,2025,10,1,5,9.31,89.43,0.91,1.14,96.28,6.6,88.04
Karnali_Center,29.267,82.183,2025100106,2025-10-01 06:00:00,2025,10,1,6,10.57,87.34,0.8,0.93,96.28,72.53,76.47
Karnali_Center,29.267,82.183,2025100107,2025-10-01 07:00:00,2025,10,1,7,12.76,73.06,0.92,0.86,96.28,179.02,63.98
Karnali_Center,29.267,82.183,2025100108,2025-10-01 08:00:00,2025,10,1,8,14.0,67.54,1.66,1.33,96.28,293.05,52.29
Karnali_Center,29.267,82.183,2025100109,2025-10-01 09:00:00,2025,10,1,9,15.19,63.85,1.95,1.45,82.24,375.8,42.18
Karnali_Center,29.267,82.183,2025100110,2025-10-01 10:00:00,2025,10,1,10,16.02,62.22,2.41,1.81,91.65,355.67,35.13
Karnali_Center,29.267,82.183,2025100111,2025-10-01 11:00:00,2025,10,1,11,16.46,62.78,3.16,2.5,94.6,341.52,33.16
Karnali_Center,29.267,82.183,2025100112,2025-10-01 12:00:00,2025,10,1,12,16.47,65.02,3.66,3.0,86.79,402.27,37.12
Karnali_Center,29.267,82.183,2025100113,2025-10-01 13:00:00,2025,10,1,13,15.92,68.32,3.76,3.16,67.84,253.32,45.47
Karnali_Center,29.267,82.183,2025100114,2025-10-01 14:00:00,2025,10,1,14,15.18,71.49,3.54,3.03,63.78,162.55,56.26
Karnali_Center,29.267,82.183,2025100115,2025-10-01 15:00:00,2025,10,1,15,14.42,74.83,3.16,2.76,70.06,92.07,68.3
Karnali_Center,29.267,82.183,2025100116,2025-10-01 16:00:00,2025,10,1,16,13.28,80.7,2.44,2.24,77.34,31.83,80.72
Karnali_Center,29.267,82.183,2025100117,2025-10-01 17:00:00,2025,10,1,17,11.91,92.27,1.15,1.35,79.77,0.0,90.0
Karnali_Center,29.267,82.183,2025100118,2025-10-01 18:00:00,2025,10,1,18,11.41,94.77,0.67,0.82,75.44,0.0,90.0
Karnali_Center,29.267,82.183,2025100119,2025-10-01 19:00:00,2025,10,1,19,11.26,95.61,0.51,0.69,91.62,0.0,90.0
Karnali_Center,29.267,82.183,2025100120,2025-10-01 20:00:00,2025,10,1,20,11.04,96.46,0.46,0.58,99.25,0.0,90.0
Karnali_Center,29.267,82.183,2025100121,2025-10-01 21:00:00,2025,10,1,21,10.66,97.87,0.52,0.67,94.92,0.0,90.0
Karnali_Center,29.267,82.183,2025100122,2025-10-01 22:00:00,2025,10,1,22,10.25,98.84,0.6,0.78,88.77,0.0,90.0
Karnali_Center,29.267,82.183,2025100123,2025-10-01 23:00:00,2025,10,1,23,10.01,98.56,0.66,0.86,95.64,0.0,90.0
Karnali_Center,29.267,82.183,2025100200,2025-10-02 00:00:00,2025,10,2,0,9.85,98.1,0.65,0.86,86.93,0.0,90.0
Karnali_Center,29.267,82.183,2025100201,2025-10-02 01:00:00,2025,10,2,1,9.78,97.31,0.61,0.79,79.15,0.0,90.0
Karnali_Center,29.267,82.183,2025100202,2025-10-02 02:00:00,2025,10,2,2,9.87,95.59,0.44,0.54,88.22,0.0,90.0
Karnali_Center,29.267,82.183,2025100203,2025-10-02 03:00:00,2025,10,2,3,9.72,94.57,0.16,0.18,81.96,0.0,90.0
Karnali_Center,29.267,82.183,2025100204,2025-10-02 04:00:00,2025,10,2,4,9.23,95.51,0.59,0.68,94.37,0.0,90.0
Karnali_Center,29.267,82.183,2025100205,2025-10-02 05:00:00,2025,10,2,5,8.38,97.25,1.08,1.32,96.03,8.82,88.1
Karnali_Center,29.267,82.183,2025100206,2025-10-02 06:00:00,2025,10,2,6,9.96,93.18,1.5,1.56,98.77,89.45,76.61
Karnali_Center,29.267,82.183,2025100207,2025-10-02 07:00:00,2025,10,2,7,12.45,81.27,0.87,0.96,99.97,204.88,64.14
Karnali_Center,29.267,82.183,2025100208,2025-10-02 08:00:00,2025,10,2,8,14.31,70.56,1.78,1.4,100.0,320.6,52.49
Karnali_Center,29.267,82.183,2025100209,2025-10-02 09:00:00,2025,10,2,9,15.66,64.84,2.9,2.25,82.03,398.55,42.45
Karnali_Center,29.267,82.183,2025100210,2025-10-02 10:00:00,2025,10,2,10,16.43,64.06,3.38,2.64,87.73,411.25,35.46
Karnali_Center,29.267,82.183,2025100211,2025-10-02 11:00:00,2025,10,2,11,16.71,64.88,3.56,2.88,81.91,375.48,33.55
Karnali_Center,29.267,82.183,2025100212,2025-10-02 12:00:00,2025,10,2,12,16.76,65.95,3.75,3.14,91.01,415.77,37.51
Karnali_Center,29.267,82.183,2025100213,2025-10-02 13:00:00,2025,10,2,13,16.25,69.2,3.79,3.29,87.01,272.4,45.82
Karnali_Center,29.267,82.183,2025100214,2025-10-02 14:00:00,2025,10,2,14,15.16,75.06,3.39,3.11,78.75,194.25,56.57
Karnali_Center,29.267,82.183,2025100215,2025-10-02 15:00:00,2025,10,2,15,14.35,80.56,2.98,2.84,98.18,121.05,68.58
Karnali_Center,29.267,82.183,2025100216,2025-10-02 16:00:00,2025,10,2,16,13.46,88.33,2.31,2.2,97.54,43.3,81.03
Karnali_Center,29.267,82.183,2025100217,2025-10-02 17:00:00,2025,10,2,17,12.8,95.71,1.24,1.71,94.31,0.0,90.0
Karnali_Center,29.267,82.183,2025100218,2025-10-02 18:00:00,2025,10,2,18,12.72,96.86,1.1,1.71,79.14,0.0,90.0
Karnali_Center,29.267,82.183,2025100219,2025-10-02 19:00:00,2025,10,2,19,12.64,97.57,1.2,1.85,99.29,0.0,90.0
Karnali_Center,29.267,82.183,2025100220,2025-10-02 20:00:00,2025,10,2,20,12.55,98.52,1.35,2.11,99.31,0.0,90.0
Karnali_Center,29.267,82.183,2025100221,2025-10-02 21:00:00,2025,10,2,21,12.38,99.57,1.55,2.46,98.11,0.0,90.0
Karnali_Center,29.267,82.183,2025100222,2025-10-02 22:00:00,2025,10,2,22,12.27,99.9,1.59,2.49,99.37,0.0,90.0
Karnali_Center,29.267,82.183,2025100223,2025-10-02 23:00:00,2025,10,2,23,12.1,99.81,1.52,2.3,99.36,0.0,90.0
Karnali_Center,29.267,82.183,2025100300,2025-10-03 00:00:00,2025,10,3,0,11.84,99.7,1.44,2.12,94.08,0.0,90.0
Karnali_Center,29.267,82.183,2025100301,2025-10-03 01:00:00,2025,10,3,1,11.43,99.28,1.46,2.17,100.0,0.0,90.0
Karnali_Center,29.267,82.183,2025100302,2025-10-03 02:00:00,2025,10,3,2,10.89,98.32,1.4,2.09,98.76,0.0,90.0
Karnali_Center,29.267,82.183,2025100303,2025-10-03 03:00:00,2025,10,3,3,10.56,97.01,1.15,1.73,99.35,0.0,90.0
Karnali_Center,29.267,82.183,2025100304,2025-10-03 04:00:00,2025,10,3,4,10.26,95.42,0.47,0.73,91.87,0.0,90.0
Karnali_Center,29.267,82.183,2025100305,2025-10-03 05:00:00,2025,10,3,5,9.93,95.19,0.43,0.51,93.13,8.35,88.17
Karnali_Center,29.267,82.183,2025100306,2025-10-03 06:00:00,2025,10,3,6,10.7,93.51,0.9,1.08,94.45,96.43,76.74
Karnali_Center,29.267,82.183,2025100307,2025-10-03 07:00:00,2025,10,3,7,12.36,84.95,0.81,0.9,95.56,223.88,64.3
Karnali_Center,29.267,82.183,2025100308,2025-10-03 08:00:00,2025,10,3,8,14.62,75.27,1.23,0.89,32.03,370.45,52.7
Karnali_Center,29.267,82.183,2025100309,2025-10-03 09:00:00,2025,10,3,9,16.19,68.42,2.58,1.99,59.04,449.7,42.71
Karnali_Center,29.267,82.183,2025100310,2025-10-03 10:00:00,2025,10,3,10,16.92,66.91,3.37,2.7,61.34,506.65,35.8
Karnali_Center,29.267,82.183,2025100311,2025-10-03 11:00:00,2025,10,3,11,17.13,67.4,3.9,3.23,98.61,541.33,33.94
Karnali_Center,29.267,82.183,2025100312,2025-10-03 12:00:00,2025,10,3,12,16.95,68.77,4.22,3.59,74.41,475.85,37.89
Karnali_Center,29.267,82.183,2025100313,2025-10-03 13:00:00,2025,10,3,13,16.62,70.37,4.32,3.78,63.45,366.23,46.16
Karnali_Center,29.267,82.183,2025100314,2025-10-03 14:00:00,2025,10,3,14,16.18,71.92,4.22,3.79,53.01,246.68,56.88
Karnali_Center,29.267,82.183,2025100315,2025-10-03 15:00:00,2025,10,3,15,15.45,75.16,3.92,3.61,91.62,158.1,68.86
Karnali_Center,29.267,82.183,2025100316,2025-10-03 16:00:00,2025,10,3,16,14.1,84.31,3.05,2.85,89.77,49.97,81.34
Karnali_Center,29.267,82.183,2025100317,2025-10-03 17:00:00,2025,10,3,17,12.54,96.61,1.45,2.01,86.8,0.0,90.0
Karnali_Center,29.267,82.183,2025100318,2025-10-03 18:00:00,2025,10,3,18,12.13,99.54,1.2,1.8,81.85,0.0,90.0
Karnali_Center,29.267,82.183,2025100319,2025-10-03 19:00:00,2025,10,3,19,12.19,100.0,1.15,1.72,69.94,0.0,90.0
Karnali_Center,29.267,82.183,2025100320,2025-10-03 20:00:00,2025,10,3,20,12.21,99.99,1.12,1.61,60.09,0.0,90.0
Karnali_Center,29.267,82.183,2025100321,2025-10-03 21:00:00,2025,10,3,21,12.13,100.0,1.12,1.6,96.48,0.0,90.0
Karnali_Center,29.267,82.183,2025100322,2025-10-03 22:00:00,2025,10,3,22,12.02,100.0,1.16,1.67,98.1,0.0,90.0
Karnali_Center,29.267,82.183,2025100323,2025-10-03 23:00:00,2025,10,3,23,11.92,99.89,1.2,1.73,93.68,0.0,90.0
Karnali_Center,29.267,82.183,2025100400,2025-10-04 00:00:00,2025,10,4,0,11.7,99.54,1.19,1.67,84.51,0.0,90.0
Karnali_Center,29.267,82.183,2025100401,2025-10-04 01:00:00,2025,10,4,1,11.2,99.83,1.27,1.75,98.12,0.0,90.0
Karnali_Center,29.267,82.183,2025100402,2025-10-04 02:00:00,2025,10,4,2,10.59,99.44,1.27,1.71,99.45,0.0,90.0
Karnali_Center,29.267,82.183,2025100403,2025-10-04 03:00:00,2025,10,4,3,10.15,98.07,1.21,1.62,98.19,0.0,90.0
Karnali_Center,29.267,82.183,2025100404,2025-10-04 04:00:00,2025,10,4,4,10.11,95.78,1.03,1.39,94.4,0.0,90.0
Karnali_Center,29.267,82.183,2025100405,2025-10-04 05:00:00,2025,10,4,5,10.05,93.52,0.9,1.17,85.46,10.8,88.24
Karnali_Center,29.267,82.183,2025100406,2025-10-04 06:00:00,2025,10,4,6,11.27,90.53,0.91,1.09,75.91,134.68,76.88
Karnali_Center,29.267,82.183,2025100407,2025-10-04 07:00:00,2025,10,4,7,13.42,77.43,0.81,1.01,69.19,285.25,64.46
Karnali_Center,29.267,82.183,2025100408,2025-10-04 08:00:00,2025,10,4,8,15.55,66.8,1.45,1.45,60.38,453.9,52.9
Karnali_Center,29.267,82.183,2025100409,2025-10-04 09:00:00,2025,10,4,9,17.45,58.34,1.88,1.56,68.81,585.85,42.98
Karnali_Center,29.267,82.183,2025100410,2025-10-04 10:00:00,2025,10,4,10,18.65,54.78,2.54,1.95,38.31,599.8,36.14
Karnali_Center,29.267,82.183,2025100411,2025-10-04 11:00:00,2025,10,4,11,19.33,53.71,3.27,2.6,80.6,654.97,34.33
Karnali_Center,29.267,82.183,2025100412,2025-10-04 12:00:00,2025,10,4,12,19.52,54.07,3.71,3.05,29.7,563.78,38.26
Karnali_Center,29.267,82.183,2025100413,2025-10-04 13:00:00,2025,10,4,13,19.24,55.95,3.92,3.3,81.08,468.77,46.5
Karnali_Center,29.267,82.183,2025100414,2025-10-04 14:00:00,2025,10,4,14,18.5,59.2,3.92,3.36,78.01,334.65,57.18
Karnali_Center,29.267,82.183,2025100415,2025-10-04 15:00:00,2025,10,4,15,17.27,64.65,3.51,3.06,67.59,200.65,69.14
Karnali_Center,29.267,82.183,2025100416,2025-10-04 16:00:00,2025,10,4,16,15.53,72.95,2.69,2.47,54.07,72.1,81.64
Karnali_Center,29.267,82.183,2025100417,2025-10-04 17:00:00,2025,10,4,17,13.08,91.34,1.22,1.78,41.25,0.0,90.0
Karnali_Center,29.267,82.183,2025100418,2025-10-04 18:00:00,2025,10,4,18,12.15,95.44,0.84,1.16,48.03,0.0,90.0
Karnali_Center,29.267,82.183,2025100419,2025-10-04 19:00:00,2025,10,4,19,11.61,98.34,0.56,0.81,54.8,0.0,90.0
Karnali_Center,29.267,82.183,2025100420,2025-10-04 20:00:00,2025,10,4,20,11.31,98.71,0.59,0.81,67.27,0.0,90.0
Karnali_Center,29.267,82.183,2025100421,2025-10-04 21:00:00,2025,10,4,21,10.79,99.04,0.81,1.1,53.73,0.0,90.0
Karnali_Center,29.267,82.183,2025100422,2025-10-04 22:00:00,2025,10,4,22,10.28,98.75,0.91,1.28,48.24,0.0,90.0
Karnali_Center,29.267,82.183,2025100423,2025-10-04 23:00:00,2025,10,4,23,9.88,98.43,0.83,1.19,52.02,0.0,90.0
Karnali_Center,29.267,82.183,2025100500,2025-10-05 00:00:00,2025,10,5,0,9.38,98.78,0.79,1.14,52.64,0.0,90.0
Karnali_Center,29.267,82.183,2025100501,2025-10-05 01:00:00,2025,10,5,1,8.99,98.1,0.92,1.24,19.0,0.0,90.0
Karnali_Center,29.267,82.183,2025100502,2025-10-05 02:00:00,2025,10,5,2,8.46,97.43,1.31,1.73,30.35,0.0,90.0
Karnali_Center,29.267,82.183,2025100503,2025-10-05 03:00:00,2025,10,5,3,8.07,94.22,1.47,1.89,32.74,0.0,90.0
Karnali_Center,29.267,82.183,2025100504,2025-10-05 04:00:00,2025,10,5,4,7.91,88.54,1.54,1.86,27.2,0.0,90.0
Karnali_Center,29.267,82.183,2025100505,2025-10-05 05:00:00,2025,10,5,5,8.03,81.81,1.53,1.8,27.71,12.77,88.3
Karnali_Center,29.267,82.183,2025100506,2025-10-05 06:00:00,2025,10,5,6,9.89,79.54,1.45,1.75,23.37,183.2,77.02
Karnali_Center,29.267,82.183,2025100507,2025-10-05 07:00:00,2025,10,5,7,13.69,56.66,1.18,1.39,32.33,392.92,64.63
Karnali_Center,29.267,82.183,2025100508,2025-10-05 08:00:00,2025,10,5,8,15.53,46.17,1.78,1.55,32.74,622.55,53.11
Karnali_Center,29.267,82.183,2025100509,2025-10-05 09:00:00,2025,10,5,9,16.67,44.03,2.42,1.93,38.73,756.25,43.25
Karnali_Center,29.267,82.183,2025100510,2025-10-05 10:00:00,2025,10,5,10,17.49,43.81,3.05,2.45,35.7,863.95,36.48
Karnali_Center,29.267,82.183,2025100511,2025-10-05 11:00:00,2025,10,5,11,17.96,44.96,3.58,2.94,40.84,882.85,34.72
Karnali_Center,29.267,82.183,2025100512,2025-10-05 12:00:00,2025,10,5,12,18.02,47.59,3.88,3.22,51.36,799.0,38.64
Karnali_Center,29.267,82.183,2025100513,2025-10-05 13:00:00,2025,10,5,13,17.68,50.86,3.91,3.28,27.61,685.05,46.84
Karnali_Center,29.267,82.183,2025100514,2025-10-05 14:00:00,2025,10,5,14,16.97,54.53,3.67,3.11,58.67,470.62,57.48
Karnali_Center,29.267,82.183,2025100515,2025-10-05 15:00:00,2025,10,5,15,15.86,59.15,3.29,2.83,45.39,279.1,69.42
Karnali_Center,29.267,82.183,2025100516,2025-10-05 16:00:00,2025,10,5,16,14.2,67.67,2.57,2.45,27.75,93.2,81.94
Karnali_Center,29.267,82.183,2025100517,2025-10-05 17:00:00,2025,10,5,17,11.46,85.33,1.27,1.66,17.38,0.0,90.0
Karnali_Center,29.267,82.183,2025100518,2025-10-05 18:00:00,2025,10,5,18,11.1,86.42,0.61,0.84,10.36,0.0,90.0
Karnali_Center,29.267,82.183,2025100519,2025-10-05 19:00:00,2025,10,5,19,10.43,91.44,0.47,0.58,37.14,0.0,90.0
Karnali_Center,29.267,82.183,2025100520,2025-10-05 20:00:00,2025,10,5,20,9.74,94.58,0.81,0.98,43.94,0.0,90.0
Karnali_Center,29.267,82.183,2025100521,2025-10-05 21:00:00,2025,10,5,21,9.17,95.53,1.05,1.25,50.07,0.0,90.0
Karnali_Center,29.267,82.183,2025100522,2025-10-05 22:00:00,2025,10,5,22,8.99,93.89,1.23,1.45,53.22,0.0,90.0
Karnali_Center,29.267,82.183,2025100523,2025-10-05 23:00:00,2025,10,5,23,8.69,92.53,1.34,1.58,7.0,0.0,90.0
Karnali_Center,29.267,82.183,2025100600,2025-10-06 00:00:00,2025,10,6,0,8.55,90.39,1.38,1.63,54.56,0.0,90.0
Karnali_Center,29.267,82.183,2025100601,2025-10-06 01:00:00,2025,10,6,1,8.41,88.09,1.43,1.68,32.88,0.0,90.0
Karnali_Center,29.267,82.183,2025100602,2025-10-06 02:00:00,2025,10,6,2,8.3,85.69,1.49,1.74,49.62,0.0,90.0
Karnali_Center,29.267,82.183,2025100603,2025-10-06 03:00:00,2025,10,6,3,8.3,82.87,1.47,1.7,51.42,0.0,90.0
Karnali_Center,29.267,82.183,2025100604,2025-10-06 04:00:00,2025,10,6,4,8.26,80.6,1.46,1.67,30.3,0.0,90.0
Karnali_Center,29.267,82.183,2025100605,2025-10-06 05:00:00,2025,10,6,5,8.09,78.91,1.48,1.68,39.17,11.38,88.37
Karnali_Center,29.267,82.183,2025100606,2025-10-06 06:00:00,2025,10,6,6,9.63,81.78,1.42,1.64,49.01,146.6,77.16
Karnali_Center,29.267,82.183,2025100607,2025-10-06 07:00:00,2025,10,6,7,12.52,69.21,0.99,1.15,61.01,300.15,64.79
Karnali_Center,29.267,82.183,2025100608,2025-10-06 08:00:00,2025,10,6,8,14.61,56.83,1.26,1.06,68.58,490.23,53.31
Karnali_Center,29.267,82.183,2025100609,2025-10-06 09:00:00,2025,10,6,9,16.09,51.24,2.55,2.04,62.67,639.47,43.51
Karnali_Center,29.267,82.183,2025100610,2025-10-06 10:00:00,2025,10,6,10,16.92,50.87,3.58,2.91,76.72,661.12,36.82
Karnali_Center,29.267,82.183,2025100611,2025-10-06 11:00:00,2025,10,6,11,17.06,52.99,4.02,3.34,91.63,740.8,35.1
Karnali_Center,29.267,82.183,2025100612,2025-10-06 12:00:00,2025,10,6,12,16.71,56.07,3.93,3.29,86.66,605.92,39.02
Karnali_Center,29.267,82.183,2025100613,2025-10-06 13:00:00,2025,10,6,13,15.87,59.81,3.54,3.02,59.45,470.95,47.18
Karnali_Center,29.267,82.183,2025100614,2025-10-06 14:00:00,2025,10,6,14,14.86,64.38,3.32,2.94,89.61,304.05,57.79
Karnali_Center,29.267,82.183,2025100615,2025-10-06 15:00:00,2025,10,6,15,13.25,72.19,3.27,3.0,91.18,171.32,69.7
Karnali_Center,29.267,82.183,2025100616,2025-10-06 16:00:00,2025,10,6,16,11.59,80.95,2.94,2.85,95.02,48.53,82.22
Karnali_Center,29.267,82.183,2025100617,2025-10-06 17:00:00,2025,10,6,17,10.22,89.45,2.19,2.3,99.97,0.0,90.0
Karnali_Center,29.267,82.183,2025100618,2025-10-06 18:00:00,2025,10,6,18,9.46,93.15,1.57,2.1,31.66,0.0,90.0
Karnali_Center,29.267,82.183,2025100619,2025-10-06 19:00:00,2025,10,6,19,8.84,93.21,1.02,1.72,78.91,0.0,90.0
Karnali_Center,29.267,82.183,2025100620,2025-10-06 20:00:00,2025,10,6,20,8.2,92.54,0.72,1.27,71.44,0.0,90.0
Karnali_Center,29.267,82.183,2025100621,2025-10-06 21:00:00,2025,10,6,21,7.44,92.11,0.89,1.3,64.62,0.0,90.0
Karnali_Center,29.267,82.183,2025100622,2025-10-06 22:00:00,2025,10,6,22,6.81,93.11,1.18,1.66,20.51,0.0,90.0
Karnali_Center,29.267,82.183,2025100623,2025-10-06 23:00:00,2025,10,6,23,6.46,93.17,1.44,1.95,100.0,0.0,90.0
Karnali_Center,29.267,82.183,2025100700,2025-10-07 00:00:00,2025,10,7,0,6.18,92.97,1.6,2.11,9.32,0.0,90.0
Karnali_Center,29.267,82.183,2025100701,2025-10-07 01:00:00,2025,10,7,1,6.03,92.41,1.7,2.16,95.87,0.0,90.0
Karnali_Center,29.267,82.183,2025100702,2025-10-07 02:00:00,2025,10,7,2,6.01,91.02,1.64,2.04,100.0,0.0,90.0
Karnali_Center,29.267,82.183,2025100703,2025-10-07 03:00:00,2025,10,7,3,6.15,89.53,1.49,1.81,98.79,0.0,90.0
Karnali_Center,29.267,82.183,2025100704,2025-10-07 04:00:00,2025,10,7,4,6.32,87.92,1.28,1.52,96.27,0.0,90.0
Karnali_Center,29.267,82.183,2025100705,2025-10-07 05:00:00,2025,10,7,5,6.4,87.37,1.13,1.32,97.09,5.03,88.43
Karnali_Center,29.267,82.183,2025100706,2025-10-07 06:00:00,2025,10,7,6,7.53,89.99,0.91,1.16,96.59,50.88,77.3
Karnali_Center,29.267,82.183,2025100707,2025-10-07 07:00:00,2025,10,7,7,9.32,80.85,1.71,1.93,96.66,122.5,64.96
Karnali_Center,29.267,82.183,2025100708,2025-10-07 08:00:00,2025,10,7,8,10.5,75.56,2.43,2.54,92.81,171.62,53.52
Karnali_Center,29.267,82.183,2025100709,2025-10-07 09:00:00,2025,10,7,9,11.68,70.86,3.04,3.0,94.01,307.6,43.79
Karnali_Center,29.267,82.183,2025100710,2025-10-07 10:00:00,2025,10,7,10,12.58,68.81,3.46,3.29,94.14,369.0,37.16
Karnali_Center,29.267,82.183,2025100711,2025-10-07 11:00:00,2025,10,7,11,13.4,68.15,3.78,3.55,94.18,405.38,35.49
Karnali_Center,29.267,82.183,2025100712,2025-10-07 12:00:00,2025,10,7,12,13.95,66.78,4.03,3.75,94.63,378.77,39.39
Karnali_Center,29.267,82.183,2025100713,2025-10-07 13:00:00,2025,10,7,13,13.96,66.76,4.0,3.69,80.77,205.93,47.52
Karnali_Center,29.267,82.183,2025100714,2025-10-07 14:00:00,2025,10,7,14,13.58,67.66,3.74,3.44,85.69,128.23,58.09
Karnali_Center,29.267,82.183,2025100715,2025-10-07 15:00:00,2025,10,7,15,12.78,69.75,3.24,2.98,81.87,102.2,69.97
Karnali_Center,29.267,82.183,2025100716,2025-10-07 16:00:00,2025,10,7,16,11.45,76.15,2.31,2.27,76.65,34.53,82.5
Karnali_Center,29.267,82.183,2025100717,2025-10-07 17:00:00,2025,10,7,17,9.45,88.23,0.95,1.18,78.67,0.0,90.0
Karnali_Center,29.267,82.183,2025100718,2025-10-07 18:00:00,2025,10,7,18,9.04,87.27,0.29,0.35,88.66,0.0,90.0
Karnali_Center,29.267,82.183,2025100719,2025-10-07 19:00:00,2025,10,7,19,8.06,92.47,0.67,0.79,85.6,0.0,90.0
Karnali_Center,29.267,82.183,2025100720,2025-10-07 20:00:00,2025,10,7,20,7.26,95.78,1.19,1.4,86.85,0.0,90.0
Karnali_Center,29.267,82.183,2025100721,2025-10-07 21:00:00,2025,10,7,21,6.72,97.29,1.34,1.58,90.0,0.0,90.0
Karnali_Center,29.267,82.183,2025100722,2025-10-07 22:00:00,2025,10,7,22,6.3,97.85,1.44,1.69,87.86,0.0,90.0
Karnali_Center,29.267,82.183,2025100723,2025-10-07 23:00:00,2025,10,7,23,5.97,97.39,1.53,1.75,99.93,0.0,90.0
Karnali_Center,29.267,82.183,2025100800,2025-10-08 00:00:00,2025,10,8,0,5.59,96.8,1.62,1.87,99.29,0.0,90.0
Karnali_Center,29.267,82.183,2025100801,2025-10-08 01:00:00,2025,10,8,1,5.34,95.75,1.67,1.92,96.26,0.0,90.0
Karnali_Center,29.267,82.183,2025100802,2025-10-08 02:00:00,2025,10,8,2,5.39,93.71,1.61,1.87,92.52,0.0,90.0
Karnali_Center,29.267,82.183,2025100803,2025-10-08 03:00:00,2025,10,8,3,5.47,91.9,1.51,1.75,90.62,0.0,90.0
Karnali_Center,29.267,82.183,2025100804,2025-10-08 04:00:00,2025,10,8,4,5.4,91.21,1.49,1.74,68.43,0.0,90.0
Karnali_Center,29.267,82.183,2025100805,2025-10-08 05:00:00,2025,10,8,5,5.25,90.9,1.51,1.76,63.03,6.65,88.49
Karnali_Center,29.267,82.183,2025100806,2025-10-08 06:00:00,2025,10,8,6,6.95,88.12,1.36,1.63,64.6,72.93,77.44
Karnali_Center,29.267,82.183,2025100807,2025-10-08 07:00:00,2025,10,8,7,9.51,77.78,1.17,1.3,59.69,165.8,65.13
Karnali_Center,29.267,82.183,2025100808,2025-10-08 08:00:00,2025,10,8,8,11.67,69.14,1.98,2.04,50.99,281.52,53.74
Karnali_Center,29.267,82.183,2025100809,2025-10-08 09:00:00,2025,10,8,9,12.63,64.36,2.62,2.52,42.42,359.2,44.06
Karnali_Center,29.267,82.183,2025100810,2025-10-08 10:00:00,2025,10,8,10,13.36,62.32,3.11,2.92,36.74,515.72,37.51
Karnali_Center,29.267,82.183,2025100811,2025-10-08 11:00:00,2025,10,8,11,14.31,61.15,3.52,3.19,53.68,462.98,35.87
Karnali_Center,29.267,82.183,2025100812,2025-10-08 12:00:00,2025,10,8,12,14.71,61.52,3.62,3.16,88.59,374.1,39.77
Karnali_Center,29.267,82.183,2025100813,2025-10-08 13:00:00,2025,10,8,13,14.27,63.24,3.47,2.96,96.89,240.52,47.85
Karnali_Center,29.267,82.183,2025100814,2025-10-08 14:00:00,2025,10,8,14,13.17,66.44,3.34,2.9,55.6,176.27,58.39
Karnali_Center,29.267,82.183,2025100815,2025-10-08 15:00:00,2025,10,8,15,11.7,73.1,3.14,2.78,62.28,95.68,70.24
Karnali_Center,29.267,82.183,2025100816,2025-10-08 16:00:00,2025,10,8,16,10.36,80.47,2.29,2.07,76.14,15.4,82.78
Karnali_Center,29.267,82.183,2025100817,2025-10-08 17:00:00,2025,10,8,17,8.91,93.05,1.09,1.25,97.37,0.0,90.0
Karnali_Center,29.267,82.183,2025100818,2025-10-08 18:00:00,2025,10,8,18,8.26,95.11,0.81,0.88,95.51,0.0,90.0
Karnali_Center,29.267,82.183,2025100819,2025-10-08 19:00:00,2025,10,8,19,7.96,95.44,0.82,0.88,80.45,0.0,90.0
Karnali_Center,29.267,82.183,2025100820,2025-10-08 20:00:00,2025,10,8,20,7.77,95.55,0.89,1.09,73.02,0.0,90.0
Karnali_Center,29.267,82.183,2025100821,2025-10-08 21:00:00,2025,10,8,21,7.56,96.09,1.0,1.25,79.36,0.0,90.0
Karnali_Center,29.267,82.183,2025100822,2025-10-08 22:00:00,2025,10,8,22,7.31,96.28,0.99,1.24,75.63,0.0,90.0
Karnali_Center,29.267,82.183,2025100823,2025-10-08 23:00:00,2025,10,8,23,6.97,96.92,0.99,1.23,78.75,0.0,90.0
Karnali_Center,29.267,82.183,2025100900,2025-10-09 00:00:00,2025,10,9,0,6.58,97.51,1.04,1.29,54.31,0.0,90.0
Karnali_Center,29.267,82.183,2025100901,2025-10-09 01:00:00,2025,10,9,1,6.28,97.57,1.1,1.34,64.25,0.0,90.0
Karnali_Center,29.267,82.183,2025100902,2025-10-09 02:00:00,2025,10,9,2,6.02,97.72,1.1,1.35,54.91,0.0,90.0
Karnali_Center,29.267,82.183,2025100903,2025-10-09 03:00:00,2025,10,9,3,5.62,98.83,1.07,1.33,57.53,0.0,90.0
Karnali_Center,29.267,82.183,2025100904,2025-10-09 04:00:00,2025,10,9,4,5.19,99.91,1.1,1.34,61.69,0.0,90.0
Karnali_Center,29.267,82.183,2025100905,2025-10-09 05:00:00,2025,10,9,5,4.9,99.48,1.19,1.41,26.95,8.93,88.56
Karnali_Center,29.267,82.183,2025100906,2025-10-09 06:00:00,2025,10,9,6,6.51,93.77,1.29,1.49,14.09,138.57,77.59
Karnali_Center,29.267,82.183,2025100907,2025-10-09 07:00:00,2025,10,9,7,9.37,76.74,1.66,1.95,17.35,284.88,65.3
Karnali_Center,29.267,82.183,2025100908,2025-10-09 08:00:00,2025,10,9,8,11.29,63.4,2.29,2.43,11.32,455.15,53.95
Karnali_Center,29.267,82.183,2025100909,2025-10-09 09:00:00,2025,10,9,9,12.67,56.78,2.62,2.58,7.2,563.53,44.33
Karnali_Center,29.267,82.183,2025100910,2025-10-09 10:00:00,2025,10,9,10,13.84,53.53,3.0,2.79,9.5,645.9,37.85
Karnali_Center,29.267,82.183,2025100911,2025-10-09 11:00:00,2025,10,9,11,14.57,52.06,3.29,2.93,53.08,774.0,36.25
Karnali_Center,29.267,82.183,2025100912,2025-10-09 12:00:00,2025,10,9,12,14.93,51.36,3.51,3.04,17.49,553.5,40.14
Karnali_Center,29.267,82.183,2025100913,2025-10-09 13:00:00,2025,10,9,13,14.85,51.45,3.55,3.06,19.53,435.88,48.19
Karnali_Center,29.267,82.183,2025100914,2025-10-09 14:00:00,2025,10,9,14,14.4,52.32,3.36,2.9,20.6,316.02,58.69
Karnali_Center,29.267,82.183,2025100915,2025-10-09 15:00:00,2025,10,9,15,13.51,54.46,2.98,2.61,30.2,183.77,70.51
Karnali_Center,29.267,82.183,2025100916,2025-10-09 16:00:00,2025,10,9,16,11.93,63.39,2.13,2.16,28.75,64.62,83.04
Karnali_Center,29.267,82.183,2025100917,2025-10-09 17:00:00,2025,10,9,17,9.27,77.78,1.1,1.38,16.98,0.0,90.0
Karnali_Center,29.267,82.183,2025100918,2025-10-09 18:00:00,2025,10,9,18,8.9,76.05,0.33,0.43,13.89,0.0,90.0
Karnali_Center,29.267,82.183,2025100919,2025-10-09 19:00:00,2025,10,9,19,8.09,80.27,0.65,0.73,15.64,0.0,90.0
Karnali_Center,29.267,82.183,2025100920,2025-10-09 20:00:00,2025,10,9,20,7.1,83.61,1.11,1.27,19.38,0.0,90.0
Karnali_Center,29.267,82.183,2025100921,2025-10-09 21:00:00,2025,10,9,21,6.22,85.44,1.35,1.55,20.61,0.0,90.0
Karnali_Center,29.267,82.183,2025100922,2025-10-09 22:00:00,2025,10,9,22,5.81,83.78,1.56,1.74,28.24,0.0,90.0
Karnali_Center,29.267,82.183,2025100923,2025-10-09 23:00:00,2025,10,9,23,5.19,83.03,1.76,1.94,31.89,0.0,90.0
Karnali_Center,29.267,82.183,2025101000,2025-10-10 00:00:00,2025,10,10,0,4.55,82.17,1.93,2.11,10.85,0.0,90.0
Karnali_Center,29.267,82.183,2025101001,2025-10-10 01:00:00,2025,10,10,1,3.91,81.21,2.08,2.25,25.72,0.0,90.0
Karnali_Center,29.267,82.183,2025101002,2025-10-10 02:00:00,2025,10,10,2,3.25,80.13,2.23,2.39,10.33,0.0,90.0
Karnali_Center,29.267,82.183,2025101003,2025-10-10 03:00:00,2025,10,10,3,2.73,77.55,2.34,2.49,31.22,0.0,90.0
Karnali_Center,29.267,82.183,2025101004,2025-10-10 04:00:00,2025,10,10,4,2.32,73.63,2.43,2.55,25.09,0.0,90.0
Karnali_Center,29.267,82.183,2025101005,2025-10-10 05:00:00,2025,10,10,5,2.06,69.66,2.49,2.59,30.24,11.65,88.62
Karnali_Center,29.267,82.183,2025101006,2025-10-10 06:00:00,2025,10,10,6,4.47,74.0,2.22,2.58,21.89,187.35,77.73
Karnali_Center,29.267,82.183,2025101007,2025-10-10 07:00:00,2025,10,10,7,9.24,48.3,2.11,1.98,41.12,368.55,65.48
Karnali_Center,29.267,82.183,2025101008,2025-10-10 08:00:00,2025,10,10,8,12.65,38.51,1.32,1.49,45.83,548.85,54.17
Karnali_Center,29.267,82.183,2025101009,2025-10-10 09:00:00,2025,10,10,9,14.27,37.35,2.37,2.08,46.6,679.72,44.61
Karnali_Center,29.267,82.183,2025101010,2025-10-10 10:00:00,2025,10,10,10,15.22,38.39,3.22,2.71,47.49,736.12,38.19
Karnali_Center,29.267,82.183,2025101011,2025-10-10 11:00:00,2025,10,10,11,15.73,40.61,3.82,3.22,32.38,759.8,36.63
Karnali_Center,29.267,82.183,2025101012,2025-10-10 12:00:00,2025,10,10,12,15.77,44.08,4.14,3.51,50.93,761.0,40.51
Karnali_Center,29.267,82.183,2025101013,2025-10-10 13:00:00,2025,10,10,13,15.34,48.05,4.13,3.53,42.83,583.62,48.52
Karnali_Center,29.267,82.183,2025101014,2025-10-10 14:00:00,2025,10,10,14,14.54,51.27,3.83,3.29,0.54,422.42,58.98
Karnali_Center,29.267,82.183,2025101015,2025-10-10 15:00:00,2025,10,10,15,13.47,54.51,3.33,2.92,2.08,239.5,70.78
Karnali_Center,29.267,82.183,2025101016,2025-10-10 16:00:00,2025,10,10,16,11.78,64.97,2.31,2.42,2.59,72.82,83.3
Karnali_Center,29.267,82.183,2025101017,2025-10-10 17:00:00,2025,10,10,17,9.07,81.06,1.37,1.71,22.81,0.0,90.0
Karnali_Center,29.267,82.183,2025101018,2025-10-10 18:00:00,2025,10,10,18,8.61,80.47,0.82,1.01,21.43,0.0,90.0
Karnali_Center,29.267,82.183,2025101019,2025-10-10 19:00:00,2025,10,10,19,8.12,84.71,0.38,0.47,17.08,0.0,90.0
Karnali_Center,29.267,82.183,2025101020,2025-10-10 20:00:00,2025,10,10,20,7.13,90.53,0.89,1.05,10.4,0.0,90.0
Karnali_Center,29.267,82.183,2025101021,2025-10-10 21:00:00,2025,10,10,21,6.09,95.55,1.22,1.46,15.44,0.0,90.0
Karnali_Center,29.267,82.183,2025101022,2025-10-10 22:00:00,2025,10,10,22,5.71,95.57,1.48,1.73,16.04,0.0,90.0
Karnali_Center,29.267,82.183,2025101023,2025-10-10 23:00:00,2025,10,10,23,5.0,96.96,1.73,2.0,21.04,0.0,90.0
Karnali_Center,29.267,82.183,2025101100,2025-10-11 00:00:00,2025,10,11,0,4.13,98.26,1.96,2.23,17.94,0.0,90.0
Karnali_Center,29.267,82.183,2025101101,2025-10-11 01:00:00,2025,10,11,1,3.32,97.17,2.14,2.38,8.91,0.0,90.0
Karnali_Center,29.267,82.183,2025101102,2025-10-11 02:00:00,2025,10,11,2,2.75,92.51,2.21,2.44,21.0,0.0,90.0
Karnali_Center,29.267,82.183,2025101103,2025-10-11 03:00:00,2025,10,11,3,2.38,86.43,2.25,2.48,23.3,0.0,90.0
Karnali_Center,29.267,82.183,2025101104,2025-10-11 04:00:00,2025,10,11,4,2.14,80.37,2.28,2.48,22.19,0.0,90.0
Karnali_Center,29.267,82.183,2025101105,2025-10-11 05:00:00,2025,10,11,5,1.99,75.24,2.3,2.49,18.8,11.32,88.68
Karnali_Center,29.267,82.183,2025101106,2025-10-11 06:00:00,2025,10,11,6,4.26,77.04,2.07,2.47,12.55,188.15,77.88
Karnali_Center,29.267,82.183,2025101107,2025-10-11 07:00:00,2025,10,11,7,8.85,53.75,1.85,1.77,20.02,408.67,65.65
Karnali_Center,29.267,82.183,2025101108,2025-10-11 08:00:00,2025,10,11,8,12.2,43.33,1.35,1.45,12.36,644.0,54.38
Karnali_Center,29.267,82.183,2025101109,2025-10-11 09:00:00,2025,10,11,9,14.02,37.45,1.93,1.68,15.46,774.72,44.88
Karnali_Center,29.267,82.183,2025101110,2025-10-11 10:00:00,2025,10,11,10,15.22,36.05,2.71,2.21,23.28,849.75,38.53
Karnali_Center,29.267,82.183,2025101111,2025-10-11 11:00:00,2025,10,11,11,15.89,36.94,3.44,2.8,28.8,872.05,37.01
Karnali_Center,29.267,82.183,2025101112,2025-10-11 12:00:00,2025,10,11,12,16.08,38.92,3.92,3.23,36.78,756.35,40.87
Karnali_Center,29.267,82.183,2025101113,2025-10-11 13:00:00,2025,10,11,13,15.8,42.29,4.11,3.41,33.36,667.78,48.85
Karnali_Center,29.267,82.183,2025101114,2025-10-11 14:00:00,2025,10,11,14,15.09,46.59,4.09,3.46,46.73,448.9,59.28
Karnali_Center,29.267,82.183,2025101115,2025-10-11 15:00:00,2025,10,11,15,13.88,52.92,3.76,3.28,37.73,260.42,71.05
Karnali_Center,29.267,82.183,2025101116,2025-10-11 16:00:00,2025,10,11,16,11.98,66.18,2.62,2.72,22.15,77.18,83.55
Karnali_Center,29.267,82.183,2025101117,2025-10-11 17:00:00,2025,10,11,17,8.92,84.75,1.37,1.7,11.5,0.0,90.0
Karnali_Center,29.267,82.183,2025101118,2025-10-11 18:00:00,2025,10,11,18,8.71,86.93,0.68,0.83,15.41,0.0,90.0
Karnali_Center,29.267,82.183,2025101119,2025-10-11 19:00:00,2025,10,11,19,8.51,90.02,0.38,0.46,26.27,0.0,90.0
Karnali_Center,29.267,82.183,2025101120,2025-10-11 20:00:00,2025,10,11,20,8.24,91.38,0.74,0.87,27.7,0.0,90.0
Karnali_Center,29.267,82.183,2025101121,2025-10-11 21:00:00,2025,10,11,21,7.89,91.0,0.91,1.06,28.34,0.0,90.0
Karnali_Center,29.267,82.183,2025101122,2025-10-11 22:00:00,2025,10,11,22,7.25,90.87,1.07,1.27,33.36,0.0,90.0
Karnali_Center,29.267,82.183,2025101123,2025-10-11 23:00:00,2025,10,11,23,6.59,89.85,1.21,1.38,35.2,0.0,90.0
Karnali_Center,29.267,82.183,2025101200,2025-10-12 00:00:00,2025,10,12,0,5.91,88.55,1.38,1.52,33.17,0.0,90.0
Karnali_Center,29.267,82.183,2025101201,2025-10-12 01:00:00,2025,10,12,1,5.6,84.35,1.58,1.69,8.84,0.0,90.0
Karnali_Center,29.267,82.183,2025101202,2025-10-12 02:00:00,2025,10,12,2,5.35,79.76,1.71,1.8,23.8,0.0,90.0
Karnali_Center,29.267,82.183,2025101203,2025-10-12 03:00:00,2025,10,12,3,5.02,76.09,1.81,1.9,24.38,0.0,90.0
Karnali_Center,29.267,82.183,2025101204,2025-10-12 04:00:00,2025,10,12,4,4.71,72.68,1.9,2.0,25.64,0.0,90.0
Karnali_Center,29.267,82.183,2025101205,2025-10-12 05:00:00,2025,10,12,5,4.38,69.74,1.98,2.09,20.6,10.32,88.74
Karnali_Center,29.267,82.183,2025101206,2025-10-12 06:00:00,2025,10,12,6,6.19,73.81,1.85,2.15,12.67,182.27,78.02
Karnali_Center,29.267,82.183,2025101207,2025-10-12 07:00:00,2025,10,12,7,10.67,54.59,1.44,1.46,18.32,396.6,65.83
Karnali_Center,29.267,82.183,2025101208,2025-10-12 08:00:00,2025,10,12,8,13.28,48.92,1.37,1.24,5.0,642.35,54.6
Karnali_Center,29.267,82.183,2025101209,2025-10-12 09:00:00,2025,10,12,9,14.92,44.93,2.38,1.78,14.15,771.92,45.16
Karnali_Center,29.267,82.183,2025101210,2025-10-12 10:00:00,2025,10,12,10,15.94,43.59,3.19,2.37,22.42,859.62,38.87
Karnali_Center,29.267,82.183,2025101211,2025-10-12 11:00:00,2025,10,12,11,16.51,43.84,3.75,2.84,23.37,887.3,37.39
Karnali_Center,29.267,82.183,2025101212,2025-10-12 12:00:00,2025,10,12,12,16.64,45.69,4.16,3.21,31.71,784.6,41.24
Karnali_Center,29.267,82.183,2025101213,2025-10-12 13:00:00,2025,10,12,13,16.33,48.8,4.24,3.3,42.99,605.97,49.18
Karnali_Center,29.267,82.183,2025101214,2025-10-12 14:00:00,2025,10,12,14,15.6,52.74,3.98,3.15,44.65,435.5,59.57
Karnali_Center,29.267,82.183,2025101215,2025-10-12 15:00:00,2025,10,12,15,14.39,58.07,3.57,2.91,35.3,250.77,71.31
Karnali_Center,29.267,82.183,2025101216,2025-10-12 16:00:00,2025,10,12,16,12.43,68.63,2.67,2.55,18.41,65.45,83.8
Karnali_Center,29.267,82.183,2025101217,2025-10-12 17:00:00,2025,10,12,17,9.29,87.57,1.28,1.63,8.92,0.0,90.0
Karnali_Center,29.267,82.183,2025101218,2025-10-12 18:00:00,2025,10,12,18,8.86,89.91,0.37,0.47,10.22,0.0,90.0
Karnali_Center,29.267,82.183,2025101219,2025-10-12 19:00:00,2025,10,12,19,7.94,94.98,0.87,1.03,22.16,0.0,90.0
Karnali_Center,29.267,82.183,2025101220,2025-10-12 20:00:00,2025,10,12,20,7.3,95.87,1.3,1.51,26.11,0.0,90.0
Karnali_Center,29.267,82.183,2025101221,2025-10-12 21:00:00,2025,10,12,21,7.09,92.59,1.4,1.59,30.39,0.0,90.0
Karnali_Center,29.267,82.183,2025101222,2025-10-12 22:00:00,2025,10,12,22,6.78,89.44,1.34,1.55,32.33,0.0,90.0
Karnali_Center,29.267,82.183,2025101223,2025-10-12 23:00:00,2025,10,12,23,6.57,85.78,1.28,1.5,26.71,0.0,90.0
Karnali_Center,29.267,82.183,2025101300,2025-10-13 00:00:00,2025,10,13,0,6.45,81.94,1.23,1.44,30.39,0.0,90.0
Karnali_Center,29.267,82.183,2025101301,2025-10-13 01:00:00,2025,10,13,1,6.32,78.57,1.22,1.43,9.37,0.0,90.0
Karnali_Center,29.267,82.183,2025101302,2025-10-13 02:00:00,2025,10,13,2,6.07,76.0,1.28,1.49,24.64,0.0,90.0
Karnali_Center,29.267,82.183,2025101303,2025-10-13 03:00:00,2025,10,13,3,5.74,73.98,1.34,1.54,29.01,0.0,90.0
Karnali_Center,29.267,82.183,2025101304,2025-10-13 04:00:00,2025,10,13,4,5.44,71.71,1.37,1.58,25.99,0.0,90.0
Karnali_Center,29.267,82.183,2025101305,2025-10-13 05:00:00,2025,10,13,5,5.4,68.21,1.37,1.56,30.19,8.7,88.8
Karnali_Center,29.267,82.183,2025101306,2025-10-13 06:00:00,2025,10,13,6,7.32,68.79,1.28,1.49,26.53,157.52,78.17
Karnali_Center,29.267,82.183,2025101307,2025-10-13 07:00:00,2025,10,13,7,11.16,59.39,0.8,0.88,39.2,350.83,66.0
Karnali_Center,29.267,82.183,2025101308,2025-10-13 08:00:00,2025,10,13,8,13.49,54.33,2.05,1.61,43.26,559.2,54.82
Karnali_Center,29.267,82.183,2025101309,2025-10-13 09:00:00,2025,10,13,9,15.06,50.42,3.14,2.38,35.64,707.47,45.44
Karnali_Center,29.267,82.183,2025101310,2025-10-13 10:00:00,2025,10,13,10,16.1,49.04,3.9,2.95,37.09,798.55,39.21
Karnali_Center,29.267,82.183,2025101311,2025-10-13 11:00:00,2025,10,13,11,16.53,50.25,4.44,3.39,34.02,838.8,37.76
Karnali_Center,29.267,82.183,2025101312,2025-10-13 12:00:00,2025,10,13,12,16.55,52.47,4.8,3.76,26.65,795.6,41.6
Karnali_Center,29.267,82.183,2025101313,2025-10-13 13:00:00,2025,10,13,13,16.22,56.23,4.95,3.97,47.08,617.15,49.5
Karnali_Center,29.267,82.183,2025101314,2025-10-13 14:00:00,2025,10,13,14,15.35,62.2,4.62,3.81,44.56,441.42,59.86
Karnali_Center,29.267,82.183,2025101315,2025-10-13 15:00:00,2025,10,13,15,13.98,69.75,3.98,3.38,33.29,249.85,71.58
Karnali_Center,29.267,82.183,2025101316,2025-10-13 16:00:00,2025,10,13,16,12.42,79.33,3.02,2.75,17.96,63.9,84.04
Karnali_Center,29.267,82.183,2025101317,2025-10-13 17:00:00,2025,10,13,17,10.3,96.01,1.33,1.96,7.53,0.0,90.0
Karnali_Center,29.267,82.183,2025101318,2025-10-13 18:00:00,2025,10,13,18,10.01,98.59,1.11,1.65,14.58,0.0,90.0
Karnali_Center,29.267,82.183,2025101319,2025-10-13 19:00:00,2025,10,13,19,9.81,99.3,1.08,1.56,18.4,0.0,90.0
Karnali_Center,29.267,82.183,2025101320,2025-10-13 20:00:00,2025,10,13,20,9.51,100.0,1.13,1.53,20.16,0.0,90.0
Karnali_Center,29.267,82.183,2025101321,2025-10-13 21:00:00,2025,10,13,21,9.3,100.0,1.09,1.46,25.29,0.0,90.0
Karnali_Center,29.267,82.183,2025101322,2025-10-13 22:00:00,2025,10,13,22,9.22,100.0,0.94,1.25,27.16,0.0,90.0
Karnali_Center,29.267,82.183,2025101323,2025-10-13 23:00:00,2025,10,13,23,9.07,100.0,0.71,0.98,32.86,0.0,90.0
Karnali_Center,29.267,82.183,2025101400,2025-10-14 00:00:00,2025,10,14,0,8.91,100.0,0.56,0.77,21.03,0.0,90.0
Karnali_Center,29.267,82.183,2025101401,2025-10-14 01:00:00,2025,10,14,1,8.54,99.83,0.66,0.83,15.96,0.0,90.0
Karnali_Center,29.267,82.183,2025101402,2025-10-14 02:00:00,2025,10,14,2,8.25,96.92,0.83,0.96,15.37,0.0,90.0
Karnali_Center,29.267,82.183,2025101403,2025-10-14 03:00:00,2025,10,14,3,8.14,91.91,0.82,0.94,17.93,0.0,90.0
Karnali_Center,29.267,82.183,2025101404,2025-10-14 04:00:00,2025,10,14,4,7.89,87.79,0.86,0.99,19.75,0.0,90.0
Karnali_Center,29.267,82.183,2025101405,2025-10-14 05:00:00,2025,10,14,5,7.8,83.17,0.94,1.04,24.9,8.9,88.86
Karnali_Center,29.267,82.183,2025101406,2025-10-14 06:00:00,2025,10,14,6,9.09,81.22,0.86,1.01,21.13,165.68,78.32
Karnali_Center,29.267,82.183,2025101407,2025-10-14 07:00:00,2025,10,14,7,11.94,69.84,0.73,0.8,34.44,368.55,66.18
Karnali_Center,29.267,82.183,2025101408,2025-10-14 08:00:00,2025,10,14,8,14.42,64.95,1.74,1.26,40.06,577.6,55.04
Karnali_Center,29.267,82.183,2025101409,2025-10-14 09:00:00,2025,10,14,9,16.18,61.39,3.12,2.28,37.35,723.6,45.72
Karnali_Center,29.267,82.183,2025101410,2025-10-14 10:00:00,2025,10,14,10,17.01,61.18,4.11,3.11,33.82,805.05,39.55
Karnali_Center,29.267,82.183,2025101411,2025-10-14 11:00:00,2025,10,14,11,17.16,62.68,4.65,3.63,33.47,846.2,38.14
Karnali_Center,29.267,82.183,2025101412,2025-10-14 12:00:00,2025,10,14,12,17.07,63.94,4.9,3.89,21.4,813.3,41.96
Karnali_Center,29.267,82.183,2025101413,2025-10-14 13:00:00,2025,10,14,13,16.65,65.86,4.84,3.9,41.74,620.0,49.83
Karnali_Center,29.267,82.183,2025101414,2025-10-14 14:00:00,2025,10,14,14,16.02,68.16,4.51,3.7,34.36,454.7,60.15
Karnali_Center,29.267,82.183,2025101415,2025-10-14 15:00:00,2025,10,14,15,15.05,72.01,3.96,3.37,27.82,259.65,71.84
Karnali_Center,29.267,82.183,2025101416,2025-10-14 16:00:00,2025,10,14,16,13.48,80.71,3.05,2.78,17.14,65.07,84.27
Karnali_Center,29.267,82.183,2025101417,2025-10-14 17:00:00,2025,10,14,17,11.3,96.19,1.43,2.08,10.43,0.0,90.0
Karnali_Center,29.267,82.183,2025101418,2025-10-14 18:00:00,2025,10,14,18,10.72,100.0,1.39,1.95,10.8,0.0,90.0
Karnali_Center,29.267,82.183,2025101419,2025-10-14 19:00:00,2025,10,14,19,10.37,100.0,1.36,1.97,16.6,0.0,90.0
Karnali_Center,29.267,82.183,2025101420,2025-10-14 20:00:00,2025,10,14,20,10.06,100.0,1.38,1.95,15.41,0.0,90.0
Karnali_Center,29.267,82.183,2025101421,2025-10-14 21:00:00,2025,10,14,21,9.74,100.0,1.36,1.84,22.58,0.0,90.0
Karnali_Center,29.267,82.183,2025101422,2025-10-14 22:00:00,2025,10,14,22,9.54,100.0,1.27,1.67,22.49,0.0,90.0
Karnali_Center,29.267,82.183,2025101423,2025-10-14 23:00:00,2025,10,14,23,9.45,100.0,1.11,1.42,25.58,0.0,90.0
Karnali_Center,29.267,82.183,2025101500,2025-10-15 00:00:00,2025,10,15,0,9.29,100.0,0.86,1.1,18.16,0.0,90.0
Karnali_Center,29.267,82.183,2025101501,2025-10-15 01:00:00,2025,10,15,1,9.33,100.0,0.64,0.82,29.4,0.0,90.0
Karnali_Center,29.267,82.183,2025101502,2025-10-15 02:00:00,2025,10,15,2,8.81,100.0,0.7,0.91,20.67,0.0,90.0
Karnali_Center,29.267,82.183,2025101503,2025-10-15 03:00:00,2025,10,15,3,8.52,100.0,0.84,1.05,34.0,0.0,90.0
Karnali_Center,29.267,82.183,2025101504,2025-10-15 04:00:00,2025,10,15,4,8.23,100.0,0.84,1.06,34.59,0.0,90.0
Karnali_Center,29.267,82.183,2025101505,2025-10-15 05:00:00,2025,10,15,5,8.08,100.0,0.81,1.01,35.67,7.5,88.91
Karnali_Center,29.267,82.183,2025101506,2025-10-15 06:00:00,2025,10,15,6,9.26,96.74,0.82,0.98,27.07,146.38,78.48
Karnali_Center,29.267,82.183,2025101507,2025-10-15 07:00:00,2025,10,15,7,11.86,83.13,1.26,1.24,36.25,349.92,66.36
Karnali_Center,29.267,82.183,2025101508,2025-10-15 08:00:00,2025,10,15,8,13.95,71.23,2.16,1.71,38.24,560.97,55.27
Karnali_Center,29.267,82.183,2025101509,2025-10-15 09:00:00,2025,10,15,9,15.39,64.37,2.9,2.18,35.65,700.25,46.0
Karnali_Center,29.267,82.183,2025101510,2025-10-15 10:00:00,2025,10,15,10,16.28,60.86,3.56,2.69,40.14,789.58,39.89
Karnali_Center,29.267,82.183,2025101511,2025-10-15 11:00:00,2025,10,15,11,16.79,58.59,4.04,3.11,20.5,859.12,38.51
Karnali_Center,29.267,82.183,2025101512,2025-10-15 12:00:00,2025,10,15,12,16.83,57.8,4.29,3.38,54.96,744.85,42.32
Karnali_Center,29.267,82.183,2025101513,2025-10-15 13:00:00,2025,10,15,13,16.4,58.76,4.25,3.41,37.08,616.0,50.15
Karnali_Center,29.267,82.183,2025101514,2025-10-15 14:00:00,2025,10,15,14,15.65,60.8,4.05,3.34,34.07,453.58,60.43
Karnali_Center,29.267,82.183,2025101515,2025-10-15 15:00:00,2025,10,15,15,14.51,64.27,3.67,3.12,30.86,259.38,72.09
Karnali_Center,29.267,82.183,2025101516,2025-10-15 16:00:00,2025,10,15,16,12.78,73.21,2.69,2.58,17.13,65.3,84.49
Karnali_Center,29.267,82.183,2025101517,2025-10-15 17:00:00,2025,10,15,17,10.21,88.95,1.27,1.65,12.44,0.0,90.0
Karnali_Center,29.267,82.183,2025101518,2025-10-15 18:00:00,2025,10,15,18,9.83,91.56,0.77,0.93,13.31,0.0,90.0
Karnali_Center,29.267,82.183,2025101519,2025-10-15 19:00:00,2025,10,15,19,9.1,96.6,0.85,1.07,17.02,0.0,90.0
Karnali_Center,29.267,82.183,2025101520,2025-10-15 20:00:00,2025,10,15,20,8.47,99.37,1.16,1.41,7.45,0.0,90.0
Karnali_Center,29.267,82.183,2025101521,2025-10-15 21:00:00,2025,10,15,21,7.92,100.0,1.36,1.63,9.98,0.0,90.0
Karnali_Center,29.267,82.183,2025101522,2025-10-15 22:00:00,2025,10,15,22,7.57,98.22,1.46,1.73,12.45,0.0,90.0
Karnali_Center,29.267,82.183,2025101523,2025-10-15 23:00:00,2025,10,15,23,7.42,94.4,1.52,1.77,12.7,0.0,90.0
Karnali_Center,29.267,82.183,2025101600,2025-10-16 00:00:00,2025,10,16,0,7.3,90.3,1.53,1.77,16.87,0.0,90.0
Karnali_Center,29.267,82.183,2025101601,2025-10-16 01:00:00,2025,10,16,1,7.13,86.2,1.57,1.78,14.6,0.0,90.0
Karnali_Center,29.267,82.183,2025101602,2025-10-16 02:00:00,2025,10,16,2,6.96,81.77,1.58,1.78,13.95,0.0,90.0
Karnali_Center,29.267,82.183,2025101603,2025-10-16 03:00:00,2025,10,16,3,6.79,77.72,1.53,1.72,17.0,0.0,90.0
Karnali_Center,29.267,82.183,2025101604,2025-10-16 04:00:00,2025,10,16,4,6.62,74.18,1.49,1.68,18.89,0.0,90.0
Karnali_Center,29.267,82.183,2025101605,2025-10-16 05:00:00,2025,10,16,5,6.54,71.2,1.46,1.66,24.19,7.6,88.97
Karnali_Center,29.267,82.183,2025101606,2025-10-16 06:00:00,2025,10,16,6,8.39,71.99,1.3,1.55,23.8,150.12,78.63
Karnali_Center,29.267,82.183,2025101607,2025-10-16 07:00:00,2025,10,16,7,12.16,58.28,0.61,0.6,36.87,344.52,66.55
Karnali_Center,29.267,82.183,2025101608,2025-10-16 08:00:00,2025,10,16,8,14.52,56.82,1.9,1.54,40.63,561.9,55.49
Karnali_Center,29.267,82.183,2025101609,2025-10-16 09:00:00,2025,10,16,9,15.84,54.37,2.63,2.0,40.46,707.92,46.28
Karnali_Center,29.267,82.183,2025101610,2025-10-16 10:00:00,2025,10,16,10,16.71,52.74,3.28,2.5,47.1,783.85,40.23
Karnali_Center,29.267,82.183,2025101611,2025-10-16 11:00:00,2025,10,16,11,17.06,52.84,3.84,2.98,42.93,810.2,38.88
Karnali_Center,29.267,82.183,2025101612,2025-10-16 12:00:00,2025,10,16,12,16.94,55.1,4.1,3.26,52.83,729.72,42.68
Karnali_Center,29.267,82.183,2025101613,2025-10-16 13:00:00,2025,10,16,13,16.36,58.61,4.06,3.29,36.52,625.38,50.47
Karnali_Center,29.267,82.183,2025101614,2025-10-16 14:00:00,2025,10,16,14,15.43,62.91,3.94,3.28,31.1,456.73,60.71
Karnali_Center,29.267,82.183,2025101615,2025-10-16 15:00:00,2025,10,16,15,14.34,67.93,3.66,3.18,25.69,258.25,72.35
Karnali_Center,29.267,82.183,2025101616,2025-10-16 16:00:00,2025,10,16,16,12.84,77.03,2.74,2.64,12.74,58.75,84.71
Karnali_Center,29.267,82.183,2025101617,2025-10-16 17:00:00,2025,10,16,17,10.36,94.64,1.33,1.75,6.84,0.0,90.0
Karnali_Center,29.267,82.183,2025101618,2025-10-16 18:00:00,2025,10,16,18,10.01,98.52,0.88,1.13,10.33,0.0,90.0
Karnali_Center,29.267,82.183,2025101619,2025-10-16 19:00:00,2025,10,16,19,10.03,99.19,0.62,0.77,12.38,0.0,90.0
Karnali_Center,29.267,82.183,2025101620,2025-10-16 20:00:00,2025,10,16,20,9.7,100.0,0.66,0.84,13.14,0.0,90.0
Karnali_Center,29.267,82.183,2025101621,2025-10-16 21:00:00,2025,10,16,21,9.4,100.0,0.71,0.93,17.68,0.0,90.0
Karnali_Center,29.267,82.183,2025101622,2025-10-16 22:00:00,2025,10,16,22,9.18,100.0,0.75,0.97,22.15,0.0,90.0
Karnali_Center,29.267,82.183,2025101623,2025-10-16 23:00:00,2025,10,16,23,8.94,100.0,0.83,1.07,26.8,0.0,90.0
Karnali_Center,29.267,82.183,2025101700,2025-10-17 00:00:00,2025,10,17,0,8.6,100.0,0.93,1.2,16.09,0.0,90.0
Karnali_Center,29.267,82.183,2025101701,2025-10-17 01:00:00,2025,10,17,1,8.19,100.0,1.02,1.32,22.87,0.0,90.0
Karnali_Center,29.267,82.183,2025101702,2025-10-17 02:00:00,2025,10,17,2,7.88,100.0,1.0,1.24,15.81,0.0,90.0
Karnali_Center,29.267,82.183,2025101703,2025-10-17 03:00:00,2025,10,17,3,7.57,100.0,0.99,1.21,15.23,0.0,90.0
Karnali_Center,29.267,82.183,2025101704,2025-10-17 04:00:00,2025,10,17,4,7.38,98.63,1.04,1.23,17.69,0.0,90.0
Karnali_Center,29.267,82.183,2025101705,2025-10-17 05:00:00,2025,10,17,5,7.04,98.04,1.1,1.29,22.87,5.7,89.03
Karnali_Center,29.267,82.183,2025101706,2025-10-17 06:00:00,2025,10,17,6,8.5,90.48,1.08,1.3,21.3,117.82,78.78
Karnali_Center,29.267,82.183,2025101707,2025-10-17 07:00:00,2025,10,17,7,11.64,73.97,1.21,1.28,27.53,322.75,66.73
Karnali_Center,29.267,82.183,2025101708,2025-10-17 08:00:00,2025,10,17,8,13.83,64.62,2.39,2.1,34.6,535.53,55.72
Karnali_Center,29.267,82.183,2025101709,2025-10-17 09:00:00,2025,10,17,9,15.07,59.03,3.04,2.49,38.75,642.75,46.56
Karnali_Center,29.267,82.183,2025101710,2025-10-17 10:00:00,2025,10,17,10,15.79,56.67,3.59,2.89,39.93,730.4,40.57
Karnali_Center,29.267,82.183,2025101711,2025-10-17 11:00:00,2025,10,17,11,15.99,57.24,3.94,3.2,45.67,811.05,39.25
Karnali_Center,29.267,82.183,2025101712,2025-10-17 12:00:00,2025,10,17,12,15.74,59.72,4.04,3.32,41.49,704.22,43.03
Karnali_Center,29.267,82.183,2025101713,2025-10-17 13:00:00,2025,10,17,13,15.08,63.34,3.93,3.28,54.71,593.67,50.79
Karnali_Center,29.267,82.183,2025101714,2025-10-17 14:00:00,2025,10,17,14,14.34,66.7,3.57,3.05,44.67,422.48,60.99
Karnali_Center,29.267,82.183,2025101715,2025-10-17 15:00:00,2025,10,17,15,13.54,70.4,3.17,2.77,20.06,270.4,72.6
Karnali_Center,29.267,82.183,2025101716,2025-10-17 16:00:00,2025,10,17,16,12.25,78.38,2.35,2.26,17.09,54.1,84.92
Karnali_Center,29.267,82.183,2025101717,2025-10-17 17:00:00,2025,10,17,17,10.37,93.66,1.05,1.45,5.84,0.0,90.0
Karnali_Center,29.267,82.183,2025101718,2025-10-17 18:00:00,2025,10,17,18,9.99,95.45,0.68,0.9,10.08,0.0,90.0
Karnali_Center,29.267,82.183,2025101719,2025-10-17 19:00:00,2025,10,17,19,9.89,95.93,0.52,0.68,14.12,0.0,90.0
Karnali_Center,29.267,82.183,2025101720,2025-10-17 20:00:00,2025,10,17,20,9.71,96.25,0.49,0.63,15.74,0.0,90.0
Karnali_Center,29.267,82.183,2025101721,2025-10-17 21:00:00,2025,10,17,21,9.44,96.56,0.57,0.7,19.81,0.0,90.0
Karnali_Center,29.267,82.183,2025101722,2025-10-17 22:00:00,2025,10,17,22,9.17,96.73,0.65,0.79,17.39,0.0,90.0
Karnali_Center,29.267,82.183,2025101723,2025-10-17 23:00:00,2025,10,17,23,8.86,97.14,0.72,0.87,19.45,0.0,90.0
Karnali_Center,29.267,82.183,2025101800,2025-10-18 00:00:00,2025,10,18,0,8.36,98.77,0.78,0.96,23.39,0.0,90.0
Karnali_Center,29.267,82.183,2025101801,2025-10-18 01:00:00,2025,10,18,1,8.15,97.92,0.84,1.03,31.07,0.0,90.0
Karnali_Center,29.267,82.183,2025101802,2025-10-18 02:00:00,2025,10,18,2,7.93,96.79,0.91,1.12,19.91,0.0,90.0
Karnali_Center,29.267,82.183,2025101803,2025-10-18 03:00:00,2025,10,18,3,7.76,95.31,0.93,1.14,21.6,0.0,90.0
Karnali_Center,29.267,82.183,2025101804,2025-10-18 04:00:00,2025,10,18,4,7.59,93.92,0.96,1.17,19.12,0.0,90.0
Karnali_Center,29.267,82.183,2025101805,2025-10-18 05:00:00,2025,10,18,5,7.5,92.34,1.04,1.26,23.71,6.45,89.08
Karnali_Center,29.267,82.183,2025101806,2025-10-18 06:00:00,2025,10,18,6,8.47,89.1,1.09,1.33,25.91,142.68,78.94
Karnali_Center,29.267,82.183,2025101807,2025-10-18 07:00:00,2025,10,18,7,10.84,75.59,1.25,1.38,35.12,327.42,66.92
Karnali_Center,29.267,82.183,2025101808,2025-10-18 08:00:00,2025,10,18,8,12.86,63.46,1.37,1.33,38.13,558.3,55.95
Karnali_Center,29.267,82.183,2025101809,2025-10-18 09:00:00,2025,10,18,9,14.63,53.64,1.77,1.33,36.99,695.83,46.84
Karnali_Center,29.267,82.183,2025101810,2025-10-18 10:00:00,2025,10,18,10,15.8,49.08,2.54,1.88,38.39,785.65,40.9
Karnali_Center,29.267,82.183,2025101811,2025-10-18 11:00:00,2025,10,18,11,16.41,48.33,3.26,2.5,48.43,816.88,39.61
Karnali_Center,29.267,82.183,2025101812,2025-10-18 12:00:00,2025,10,18,12,16.51,49.94,3.69,2.91,35.59,750.08,43.38
Karnali_Center,29.267,82.183,2025101813,2025-10-18 13:00:00,2025,10,18,13,16.12,52.84,3.84,3.08,58.49,596.08,51.1
Karnali_Center,29.267,82.183,2025101814,2025-10-18 14:00:00,2025,10,18,14,15.35,56.54,3.73,3.07,47.84,427.33,61.27
Karnali_Center,29.267,82.183,2025101815,2025-10-18 15:00:00,2025,10,18,15,14.12,61.84,3.42,2.91,29.86,254.48,72.85
Karnali_Center,29.267,82.183,2025101816,2025-10-18 16:00:00,2025,10,18,16,12.28,71.93,2.51,2.48,25.42,49.35,85.12
Karnali_Center,29.267,82.183,2025101817,2025-10-18 17:00:00,2025,10,18,17,9.84,91.05,1.25,1.69,15.54,0.0,90.0
Karnali_Center,29.267,82.183,2025101818,2025-10-18 18:00:00,2025,10,18,18,9.19,93.89,0.64,0.82,28.35,0.0,90.0
Karnali_Center,29.267,82.183,2025101819,2025-10-18 19:00:00,2025,10,18,19,8.83,97.37,0.49,0.62,26.38,0.0,90.0
Karnali_Center,29.267,82.183,2025101820,2025-10-18 20:00:00,2025,10,18,20,8.36,99.61,0.93,1.16,40.11,0.0,90.0
Karnali_Center,29.267,82.183,2025101821,2025-10-18 21:00:00,2025,10,18,21,7.85,100.0,1.18,1.44,45.37,0.0,90.0
Karnali_Center,29.267,82.183,2025101822,2025-10-18 22:00:00,2025,10,18,22,7.44,100.0,1.29,1.53,42.24,0.0,90.0
Karnali_Center,29.267,82.183,2025101823,2025-10-18 23:00:00,2025,10,18,23,6.94,98.4,1.41,1.63,27.86,0.0,90.0
Karnali_Center,29.267,82.183,2025101900,2025-10-19 00:00:00,2025,10,19,0,6.49,95.75,1.5,1.69,12.7,0.0,90.0
Karnali_Center,29.267,82.183,2025101901,2025-10-19 01:00:00,2025,10,19,1,6.07,92.91,1.56,1.74,8.96,0.0,90.0
Karnali_Center,29.267,82.183,2025101902,2025-10-19 02:00:00,2025,10,19,2,5.72,89.67,1.56,1.77,10.73,0.0,90.0
Karnali_Center,29.267,82.183,2025101903,2025-10-19 03:00:00,2025,10,19,3,5.64,84.76,1.52,1.74,16.32,0.0,90.0
Karnali_Center,29.267,82.183,2025101904,2025-10-19 04:00:00,2025,10,19,4,5.52,80.55,1.46,1.68,18.05,0.0,90.0
Karnali_Center,29.267,82.183,2025101905,2025-10-19 05:00:00,2025,10,19,5,5.25,77.45,1.4,1.62,22.69,6.43,89.14
Karnali_Center,29.267,82.183,2025101906,2025-10-19 06:00:00,2025,10,19,6,6.92,75.08,1.3,1.54,19.03,152.6,79.1
Karnali_Center,29.267,82.183,2025101907,2025-10-19 07:00:00,2025,10,19,7,10.7,65.61,1.09,1.26,31.88,357.5,67.1
Karnali_Center,29.267,82.183,2025101908,2025-10-19 08:00:00,2025,10,19,8,13.0,60.39,1.98,1.62,36.44,574.2,56.17
Karnali_Center,29.267,82.183,2025101909,2025-10-19 09:00:00,2025,10,19,9,14.57,54.66,2.71,2.02,36.9,714.3,47.12
Karnali_Center,29.267,82.183,2025101910,2025-10-19 10:00:00,2025,10,19,10,15.68,51.13,3.46,2.58,41.64,799.72,41.24
Karnali_Center,29.267,82.183,2025101911,2025-10-19 11:00:00,2025,10,19,11,16.25,50.87,4.14,3.15,43.55,820.75,39.97
Karnali_Center,29.267,82.183,2025101912,2025-10-19 12:00:00,2025,10,19,12,16.15,53.59,4.49,3.5,26.66,766.42,43.73
Karnali_Center,29.267,82.183,2025101913,2025-10-19 13:00:00,2025,10,19,13,15.52,57.72,4.42,3.51,57.33,607.4,51.41
Karnali_Center,29.267,82.183,2025101914,2025-10-19 14:00:00,2025,10,19,14,14.45,62.72,3.93,3.18,45.23,436.83,61.55
Karnali_Center,29.267,82.183,2025101915,2025-10-19 15:00:00,2025,10,19,15,13.28,67.68,3.27,2.74,31.44,253.82,73.09
Karnali_Center,29.267,82.183,2025101916,2025-10-19 16:00:00,2025,10,19,16,11.7,76.37,2.27,2.15,18.99,50.2,85.32
Karnali_Center,29.267,82.183,2025101917,2025-10-19 17:00:00,2025,10,19,17,9.6,91.25,0.93,1.21,7.34,0.0,90.0
Karnali_Center,29.267,82.183,2025101918,2025-10-19 18:00:00,2025,10,19,18,9.39,92.79,0.28,0.38,9.85,0.0,90.0
Karnali_Center,29.267,82.183,2025101919,2025-10-19 19:00:00,2025,10,19,19,8.94,95.39,0.59,0.74,11.96,0.0,90.0
Karnali_Center,29.267,82.183,2025101920,2025-10-19 20:00:00,2025,10,19,20,8.47,96.52,1.01,1.24,9.01,0.0,90.0
Karnali_Center,29.267,82.183,2025101921,2025-10-19 21:00:00,2025,10,19,21,8.11,95.8,1.16,1.4,7.35,0.0,90.0
Karnali_Center,29.267,82.183,2025101922,2025-10-19 22:00:00,2025,10,19,22,7.73,94.56,1.28,1.51,9.21,0.0,90.0
Karnali_Center,29.267,82.183,2025101923,2025-10-19 23:00:00,2025,10,19,23,7.18,93.84,1.35,1.57,10.6,0.0,90.0
Karnali_Center,29.267,82.183,2025102000,2025-10-20 00:00:00,2025,10,20,0,6.83,91.67,1.41,1.64,9.91,0.0,90.0
Karnali_Center,29.267,82.183,2025102001,2025-10-20 01:00:00,2025,10,20,1,6.56,88.63,1.44,1.67,10.1,0.0,90.0
Karnali_Center,29.267,82.183,2025102002,2025-10-20 02:00:00,2025,10,20,2,6.19,86.05,1.4,1.64,12.52,0.0,90.0
Karnali_Center,29.267,82.183,2025102003,2025-10-20 03:00:00,2025,10,20,3,5.95,82.81,1.4,1.63,13.74,0.0,90.0
Karnali_Center,29.267,82.183,2025102004,2025-10-20 04:00:00,2025,10,20,4,5.79,79.26,1.39,1.62,16.25,0.0,90.0
Karnali_Center,29.267,82.183,2025102005,2025-10-20 05:00:00,2025,10,20,5,5.64,76.22,1.38,1.62,21.61,6.32,89.19
Karnali_Center,29.267,82.183,2025102006,2025-10-20 06:00:00,2025,10,20,6,7.02,76.6,1.3,1.6,11.4,157.32,79.26
Karnali_Center,29.267,82.183,2025102007,2025-10-20 07:00:00,2025,10,20,7,10.56,63.23,1.09,1.18,30.34,362.17,67.29
Karnali_Center,29.267,82.183,2025102008,2025-10-20 08:00:00,2025,10,20,8,13.0,58.31,1.33,1.09,37.22,557.83,56.4
Karnali_Center,29.267,82.183,2025102009,2025-10-20 09:00:00,2025,10,20,9,14.69,52.18,2.16,1.6,37.96,702.65,47.4
Karnali_Center,29.267,82.183,2025102010,2025-10-20 10:00:00,2025,10,20,10,15.94,48.71,2.85,2.15,36.62,801.03,41.57
Karnali_Center,29.267,82.183,2025102011,2025-10-20 11:00:00,2025,10,20,11,16.7,48.31,3.37,2.58,25.64,824.42,40.33
Karnali_Center,29.267,82.183,2025102012,2025-10-20 12:00:00,2025,10,20,12,16.89,50.38,3.61,2.82,46.55,770.35,44.07
Karnali_Center,29.267,82.183,2025102013,2025-10-20 13:00:00,2025,10,20,13,16.57,53.75,3.64,2.9,47.83,634.47,51.72
Karnali_Center,29.267,82.183,2025102014,2025-10-20 14:00:00,2025,10,20,14,15.87,57.79,3.41,2.76,36.92,446.27,61.82
Karnali_Center,29.267,82.183,2025102015,2025-10-20 15:00:00,2025,10,20,15,14.77,62.64,3.04,2.54,21.71,256.35,73.34
Karnali_Center,29.267,82.183,2025102016,2025-10-20 16:00:00,2025,10,20,16,12.87,74.46,2.05,2.13,17.59,43.67,85.51
Karnali_Center,29.267,82.183,2025102017,2025-10-20 17:00:00,2025,10,20,17,10.13,89.89,1.05,1.3,9.52,0.0,90.0
Karnali_Center,29.267,82.183,2025102018,2025-10-20 18:00:00,2025,10,20,18,10.01,92.63,0.23,0.3,6.1,0.0,90.0
Karnali_Center,29.267,82.183,2025102019,2025-10-20 19:00:00,2025,10,20,19,9.44,96.28,0.77,0.94,7.91,0.0,90.0
Karnali_Center,29.267,82.183,2025102020,2025-10-20 20:00:00,2025,10,20,20,9.01,96.33,1.16,1.39,13.44,0.0,90.0
Karnali_Center,29.267,82.183,2025102021,2025-10-20 21:00:00,2025,10,20,21,8.72,93.96,1.29,1.51,15.43,0.0,90.0
Karnali_Center,29.267,82.183,2025102022,2025-10-20 22:00:00,2025,10,20,22,8.58,90.2,1.27,1.47,15.44,0.0,90.0
Karnali_Center,29.267,82.183,2025102023,2025-10-20 23:00:00,2025,10,20,23,8.11,88.54,1.25,1.44,14.98,0.0,90.0
Karnali_Center,29.267,82.183,2025102100,2025-10-21 00:00:00,2025,10,21,0,7.75,86.68,1.24,1.41,22.26,0.0,90.0
Karnali_Center,29.267,82.183,2025102101,2025-10-21 01:00:00,2025,10,21,1,7.41,85.35,1.24,1.4,12.71,0.0,90.0
Karnali_Center,29.267,82.183,2025102102,2025-10-21 02:00:00,2025,10,21,2,7.15,82.77,1.27,1.42,18.07,0.0,90.0
Karnali_Center,29.267,82.183,2025102103,2025-10-21 03:00:00,2025,10,21,3,7.01,79.44,1.28,1.42,18.55,0.0,90.0
Karnali_Center,29.267,82.183,2025102104,2025-10-21 04:00:00,2025,10,21,4,6.94,77.42,1.3,1.44,20.35,0.0,90.0
Karnali_Center,29.267,82.183,2025102105,2025-10-21 05:00:00,2025,10,21,5,6.65,73.36,1.31,1.43,23.95,5.68,89.24
Karnali_Center,29.267,82.183,2025102106,2025-10-21 06:00:00,2025,10,21,6,7.72,72.62,1.3,1.44,19.14,151.35,79.42
Karnali_Center,29.267,82.183,2025102107,2025-10-21 07:00:00,2025,10,21,7,11.24,59.94,0.79,0.85,37.65,331.52,67.48
Karnali_Center,29.267,82.183,2025102108,2025-10-21 08:00:00,2025,10,21,8,13.54,53.7,0.99,0.85,41.68,517.97,56.63
Karnali_Center,29.267,82.183,2025102109,2025-10-21 09:00:00,2025,10,21,9,15.12,49.94,2.1,1.62,42.06,638.03,47.69
Karnali_Center,29.267,82.183,2025102110,2025-10-21 10:00:00,2025,10,21,10,16.21,48.6,2.88,2.24,37.33,754.6,41.91
Karnali_Center,29.267,82.183,2025102111,2025-10-21 11:00:00,2025,10,21,11,16.83,48.96,3.43,2.73,43.1,778.62,40.69
Karnali_Center,29.267,82.183,2025102112,2025-10-21 12:00:00,2025,10,21,12,16.98,51.06,3.79,3.1,50.91,721.72,44.41
Karnali_Center,29.267,82.183,2025102113,2025-10-21 13:00:00,2025,10,21,13,16.65,54.11,3.85,3.19,35.51,588.58,52.02
Karnali_Center,29.267,82.183,2025102114,2025-10-21 14:00:00,2025,10,21,14,15.8,57.24,3.64,3.1,30.27,423.23,62.08
Karnali_Center,29.267,82.183,2025102115,2025-10-21 15:00:00,2025,10,21,15,14.66,61.53,3.17,2.79,12.02,265.85,73.57
Karnali_Center,29.267,82.183,2025102116,2025-10-21 16:00:00,2025,10,21,16,12.91,72.9,2.0,2.18,17.54,45.08,85.69
Karnali_Center,29.267,82.183,2025102117,2025-10-21 17:00:00,2025,10,21,17,10.48,84.46,1.06,1.32,13.91,0.0,90.0
Karnali_Center,29.267,82.183,2025102118,2025-10-21 18:00:00,2025,10,21,18,10.23,86.01,0.38,0.48,15.06,0.0,90.0
Karnali_Center,29.267,82.183,2025102119,2025-10-21 19:00:00,2025,10,21,19,9.58,90.27,0.41,0.47,14.9,0.0,90.0
Karnali_Center,29.267,82.183,2025102120,2025-10-21 20:00:00,2025,10,21,20,8.49,95.85,0.94,1.12,13.12,0.0,90.0
Karnali_Center,29.267,82.183,2025102121,2025-10-21 21:00:00,2025,10,21,21,7.9,96.67,1.28,1.51,12.64,0.0,90.0
Karnali_Center,29.267,82.183,2025102122,2025-10-21 22:00:00,2025,10,21,22,7.53,95.37,1.48,1.72,27.31,0.0,90.0
Karnali_Center,29.267,82.183,2025102123,2025-10-21 23:00:00,2025,10,21,23,7.27,93.34,1.58,1.87,24.46,0.0,90.0
Karnali_Center,29.267,82.183,2025102200,2025-10-22 00:00:00,2025,10,22,0,7.03,90.64,1.65,1.93,38.69,0.0,90.0
Karnali_Center,29.267,82.183,2025102201,2025-10-22 01:00:00,2025,10,22,1,6.67,88.54,1.75,1.99,70.79,0.0,90.0
Karnali_Center,29.267,82.183,2025102202,2025-10-22 02:00:00,2025,10,22,2,6.28,87.2,1.84,2.07,83.06,0.0,90.0
Karnali_Center,29.267,82.183,2025102203,2025-10-22 03:00:00,2025,10,22,3,5.98,86.21,1.8,2.11,71.22,0.0,90.0
Karnali_Center,29.267,82.183,2025102204,2025-10-22 04:00:00,2025,10,22,4,5.88,84.48,1.78,2.1,54.18,0.0,90.0
Karnali_Center,29.267,82.183,2025102205,2025-10-22 05:00:00,2025,10,22,5,5.45,84.65,1.85,2.13,78.71,4.0,89.29
Karnali_Center,29.267,82.183,2025102206,2025-10-22 06:00:00,2025,10,22,6,6.76,84.41,1.76,2.16,75.65,101.22,79.58
Karnali_Center,29.267,82.183,2025102207,2025-10-22 07:00:00,2025,10,22,7,10.45,65.23,1.56,1.53,77.29,236.38,67.67
Karnali_Center,29.267,82.183,2025102208,2025-10-22 08:00:00,2025,10,22,8,13.16,54.16,1.18,1.15,74.86,381.17,56.86
Karnali_Center,29.267,82.183,2025102209,2025-10-22 09:00:00,2025,10,22,9,14.47,50.36,2.04,1.72,29.14,492.48,47.97
Karnali_Center,29.267,82.183,2025102210,2025-10-22 10:00:00,2025,10,22,10,15.26,49.76,2.7,2.22,25.73,554.65,42.24
Karnali_Center,29.267,82.183,2025102211,2025-10-22 11:00:00,2025,10,22,11,15.62,49.95,3.19,2.63,29.64,562.62,41.04
Karnali_Center,29.267,82.183,2025102212,2025-10-22 12:00:00,2025,10,22,12,15.57,51.05,3.57,2.97,63.55,544.53,44.75
Karnali_Center,29.267,82.183,2025102213,2025-10-22 13:00:00,2025,10,22,13,15.06,53.18,3.56,3.02,34.67,407.9,52.32
Karnali_Center,29.267,82.183,2025102214,2025-10-22 14:00:00,2025,10,22,14,14.34,56.04,3.25,2.82,37.81,279.0,62.35
Karnali_Center,29.267,82.183,2025102215,2025-10-22 15:00:00,2025,10,22,15,13.38,59.41,2.9,2.6,33.37,169.98,73.81
Karnali_Center,29.267,82.183,2025102216,2025-10-22 16:00:00,2025,10,22,16,11.7,71.61,1.98,2.21,39.28,29.5,85.87
Karnali_Center,29.267,82.183,2025102217,2025-10-22 17:00:00,2025,10,22,17,9.28,84.09,1.26,1.57,58.73,0.0,90.0
Karnali_Center,29.267,82.183,2025102218,2025-10-22 18:00:00,2025,10,22,18,8.95,86.62,0.84,1.05,57.45,0.0,90.0
Karnali_Center,29.267,82.183,2025102219,2025-10-22 19:00:00,2025,10,22,19,8.7,90.18,0.51,0.64,51.15,0.0,90.0
Karnali_Center,29.267,82.183,2025102220,2025-10-22 20:00:00,2025,10,22,20,8.24,93.37,0.55,0.65,56.81,0.0,90.0
Karnali_Center,29.267,82.183,2025102221,2025-10-22 21:00:00,2025,10,22,21,7.83,95.16,0.68,0.8,66.07,0.0,90.0
Karnali_Center,29.267,82.183,2025102222,2025-10-22 22:00:00,2025,10,22,22,7.58,96.02,0.7,0.77,66.68,0.0,90.0
Karnali_Center,29.267,82.183,2025102223,2025-10-22 23:00:00,2025,10,22,23,7.14,97.57,0.75,0.83,61.72,0.0,90.0
Karnali_Center,29.267,82.183,2025102300,2025-10-23 00:00:00,2025,10,23,0,6.27,100.0,0.99,1.12,70.42,0.0,90.0
Karnali_Center,29.267,82.183,2025102301,2025-10-23 01:00:00,2025,10,23,1,5.85,100.0,1.32,1.48,49.95,0.0,90.0
Karnali_Center,29.267,82.183,2025102302,2025-10-23 02:00:00,2025,10,23,2,5.25,100.0,1.59,1.79,81.15,0.0,90.0
Karnali_Center,29.267,82.183,2025102303,2025-10-23 03:00:00,2025,10,23,3,4.69,99.17,1.76,1.99,84.37,0.0,90.0
Karnali_Center,29.267,82.183,2025102304,2025-10-23 04:00:00,2025,10,23,4,4.28,96.79,1.84,2.06,84.43,0.0,90.0
Karnali_Center,29.267,82.183,2025102305,2025-10-23 05:00:00,2025,10,23,5,4.01,94.44,1.85,2.06,85.44,3.53,89.34
Karnali_Center,29.267,82.183,2025102306,2025-10-23 06:00:00,2025,10,23,6,5.44,88.97,1.68,2.0,85.12,90.82,79.74
Karnali_Center,29.267,82.183,2025102307,2025-10-23 07:00:00,2025,10,23,7,8.91,70.17,1.16,1.06,88.3,193.9,67.86
Karnali_Center,29.267,82.183,2025102308,2025-10-23 08:00:00,2025,10,23,8,11.54,57.68,1.46,1.45,54.0,330.25,57.1
Karnali_Center,29.267,82.183,2025102309,2025-10-23 09:00:00,2025,10,23,9,12.64,54.52,2.21,1.98,35.73,454.48,48.25
Karnali_Center,29.267,82.183,2025102310,2025-10-23 10:00:00,2025,10,23,10,13.31,52.99,2.73,2.39,31.16,524.08,42.57
Karnali_Center,29.267,82.183,2025102311,2025-10-23 11:00:00,2025,10,23,11,13.72,53.02,3.16,2.73,19.99,549.62,41.39
Karnali_Center,29.267,82.183,2025102312,2025-10-23 12:00:00,2025,10,23,12,13.79,54.33,3.51,3.04,61.43,521.8,45.09
Karnali_Center,29.267,82.183,2025102313,2025-10-23 13:00:00,2025,10,23,13,13.42,56.29,3.71,3.25,26.22,382.98,52.62
Karnali_Center,29.267,82.183,2025102314,2025-10-23 14:00:00,2025,10,23,14,12.7,58.67,3.59,3.2,32.58,269.7,62.61
Karnali_Center,29.267,82.183,2025102315,2025-10-23 15:00:00,2025,10,23,15,11.71,61.28,3.23,2.94,33.74,160.15,74.04
Karnali_Center,29.267,82.183,2025102316,2025-10-23 16:00:00,2025,10,23,16,10.08,72.7,2.14,2.34,40.92,27.83,86.04
Karnali_Center,29.267,82.183,2025102317,2025-10-23 17:00:00,2025,10,23,17,8.17,80.41,1.08,1.4,60.66,0.0,90.0
Karnali_Center,29.267,82.183,2025102318,2025-10-23 18:00:00,2025,10,23,18,8.04,79.46,0.51,0.69,50.39,0.0,90.0
Karnali_Center,29.267,82.183,2025102319,2025-10-23 19:00:00,2025,10,23,19,7.43,82.75,0.66,0.79,45.18,0.0,90.0
Karnali_Center,29.267,82.183,2025102320,2025-10-23 20:00:00,2025,10,23,20,6.47,87.58,0.96,1.15,40.22,0.0,90.0
Karnali_Center,29.267,82.183,2025102321,2025-10-23 21:00:00,2025,10,23,21,5.73,90.68,1.19,1.44,30.15,0.0,90.0
Karnali_Center,29.267,82.183,2025102322,2025-10-23 22:00:00,2025,10,23,22,5.33,91.54,1.38,1.62,23.94,0.0,90.0
Karnali_Center,29.267,82.183,2025102323,2025-10-23 23:00:00,2025,10,23,23,4.69,93.4,1.53,1.76,16.08,0.0,90.0
Karnali_Center,29.267,82.183,2025102400,2025-10-24 00:00:00,2025,10,24,0,4.13,94.45,1.63,1.85,19.77,0.0,90.0
Karnali_Center,29.267,82.183,2025102401,2025-10-24 01:00:00,2025,10,24,1,3.75,94.23,1.66,1.86,16.0,0.0,90.0
Karnali_Center,29.267,82.183,2025102402,2025-10-24 02:00:00,2025,10,24,2,3.47,92.41,1.71,1.9,22.73,0.0,90.0
Karnali_Center,29.267,82.183,2025102403,2025-10-24 03:00:00,2025,10,24,3,3.4,88.13,1.68,1.86,19.92,0.0,90.0
Karnali_Center,29.267,82.183,2025102404,2025-10-24 04:00:00,2025,10,24,4,3.35,83.41,1.67,1.83,24.3,0.0,90.0
Karnali_Center,29.267,82.183,2025102405,2025-10-24 05:00:00,2025,10,24,5,3.16,79.46,1.64,1.79,29.81,5.15,89.39
Karnali_Center,29.267,82.183,2025102406,2025-10-24 06:00:00,2025,10,24,6,4.49,75.29,1.56,1.75,25.33,147.77,79.9
Karnali_Center,29.267,82.183,2025102407,2025-10-24 07:00:00,2025,10,24,7,9.01,60.93,1.02,1.12,41.18,339.7,68.05
Karnali_Center,29.267,82.183,2025102408,2025-10-24 08:00:00,2025,10,24,8,11.57,49.24,1.71,1.41,46.4,530.7,57.33
Karnali_Center,29.267,82.183,2025102409,2025-10-24 09:00:00,2025,10,24,9,12.98,45.49,2.66,2.04,44.28,678.55,48.53
Karnali_Center,29.267,82.183,2025102410,2025-10-24 10:00:00,2025,10,24,10,13.91,44.68,3.53,2.73,44.96,774.9,42.9
Karnali_Center,29.267,82.183,2025102411,2025-10-24 11:00:00,2025,10,24,11,14.35,45.86,4.06,3.21,48.5,788.88,41.74
Karnali_Center,29.267,82.183,2025102412,2025-10-24 12:00:00,2025,10,24,12,14.3,48.81,4.26,3.44,30.95,746.65,45.42
Karnali_Center,29.267,82.183,2025102413,2025-10-24 13:00:00,2025,10,24,13,13.83,52.69,4.09,3.37,57.9,587.7,52.92
Karnali_Center,29.267,82.183,2025102414,2025-10-24 14:00:00,2025,10,24,14,13.07,56.72,3.7,3.12,45.13,414.1,62.87
Karnali_Center,29.267,82.183,2025102415,2025-10-24 15:00:00,2025,10,24,15,11.99,61.12,3.18,2.75,25.54,239.35,74.27
Karnali_Center,29.267,82.183,2025102416,2025-10-24 16:00:00,2025,10,24,16,10.1,72.92,2.08,2.16,17.16,39.22,86.2
Karnali_Center,29.267,82.183,2025102417,2025-10-24 17:00:00,2025,10,24,17,7.68,85.35,1.06,1.34,3.73,0.0,90.0
Karnali_Center,29.267,82.183,2025102418,2025-10-24 18:00:00,2025,10,24,18,7.37,87.75,0.34,0.44,7.12,0.0,90.0
Karnali_Center,29.267,82.183,2025102419,2025-10-24 19:00:00,2025,10,24,19,6.41,94.23,0.72,0.84,11.43,0.0,90.0
Karnali_Center,29.267,82.183,2025102420,2025-10-24 20:00:00,2025,10,24,20,5.53,99.02,1.19,1.41,14.73,0.0,90.0
Karnali_Center,29.267,82.183,2025102421,2025-10-24 21:00:00,2025,10,24,21,4.96,100.0,1.38,1.62,15.41,0.0,90.0
Karnali_Center,29.267,82.183,2025102422,2025-10-24 22:00:00,2025,10,24,22,4.36,100.0,1.54,1.78,16.03,0.0,90.0
Karnali_Center,29.267,82.183,2025102423,2025-10-24 23:00:00,2025,10,24,23,3.78,100.0,1.69,1.94,18.06,0.0,90.0
Karnali_Center,29.267,82.183,2025102500,2025-10-25 00:00:00,2025,10,25,0,3.18,100.0,1.8,2.05,9.52,0.0,90.0
Karnali_Center,29.267,82.183,2025102501,2025-10-25 01:00:00,2025,10,25,1,2.65,99.27,1.86,2.11,17.94,0.0,90.0
Karnali_Center,29.267,82.183,2025102502,2025-10-25 02:00:00,2025,10,25,2,2.15,96.54,1.92,2.15,19.77,0.0,90.0
Karnali_Center,29.267,82.183,2025102503,2025-10-25 03:00:00,2025,10,25,3,1.74,92.6,1.97,2.2,17.27,0.0,90.0
Karnali_Center,29.267,82.183,2025102504,2025-10-25 04:00:00,2025,10,25,4,1.48,87.43,1.98,2.21,19.66,0.0,90.0
Karnali_Center,29.267,82.183,2025102505,2025-10-25 05:00:00,2025,10,25,5,1.28,82.22,1.97,2.2,24.55,0.0,90.0
Karnali_Center,29.267,82.183,2025102506,2025-10-25 06:00:00,2025,10,25,6,2.51,79.61,1.75,2.1,17.82,153.23,79.49
Karnali_Center,29.267,82.183,2025102507,2025-10-25 07:00:00,2025,10,25,7,6.86,59.24,1.4,1.34,13.81,370.38,68.25
Karnali_Center,29.267,82.183,2025102508,2025-10-25 08:00:00,2025,10,25,8,9.98,50.13,1.35,1.35,8.97,586.45,57.56
Karnali_Center,29.267,82.183,2025102509,2025-10-25 09:00:00,2025,10,25,9,11.72,44.48,2.29,1.95,12.55,733.12,48.81
Karnali_Center,29.267,82.183,2025102510,2025-10-25 10:00:00,2025,10,25,10,12.93,42.15,3.07,2.56,27.83,796.8,43.22
Karnali_Center,29.267,82.183,2025102511,2025-10-25 11:00:00,2025,10,25,11,13.65,41.52,3.74,3.14,19.77,832.08,42.09
Karnali_Center,29.267,82.183,2025102512,2025-10-25 12:00:00,2025,10,25,12,13.9,41.76,4.11,3.46,46.28,696.1,45.74
Karnali_Center,29.267,82.183,2025102513,2025-10-25 13:00:00,2025,10,25,13,13.64,43.11,4.11,3.5,49.1,590.33,53.21
Karnali_Center,29.267,82.183,2025102514,2025-10-25 14:00:00,2025,10,25,14,12.97,44.8,3.78,3.27,38.04,422.38,63.12
Karnali_Center,29.267,82.183,2025102515,2025-10-25 15:00:00,2025,10,25,15,11.82,47.58,3.22,2.87,19.61,235.7,74.49
Karnali_Center,29.267,82.183,2025102516,2025-10-25 16:00:00,2025,10,25,16,9.59,64.55,1.89,2.22,21.16,34.7,86.36
Karnali_Center,29.267,82.183,2025102517,2025-10-25 17:00:00,2025,10,25,17,7.22,68.84,1.14,1.39,12.83,0.0,90.0
Karnali_Center,29.267,82.183,2025102518,2025-10-25 18:00:00,2025,10,25,18,7.04,66.64,0.67,0.82,16.29,0.0,90.0
Karnali_Center,29.267,82.183,2025102519,2025-10-25 19:00:00,2025,10,25,19,6.35,68.84,0.82,0.95,16.88,0.0,90.0
Karnali_Center,29.267,82.183,2025102520,2025-10-25 20:00:00,2025,10,25,20,5.3,72.77,1.1,1.27,21.21,0.0,90.0
Karnali_Center,29.267,82.183,2025102521,2025-10-25 21:00:00,2025,10,25,21,4.35,75.28,1.26,1.46,21.68,0.0,90.0
Karnali_Center,29.267,82.183,2025102522,2025-10-25 22:00:00,2025,10,25,22,3.76,75.58,1.4,1.6,21.76,0.0,90.0
Karnali_Center,29.267,82.183,2025102523,2025-10-25 23:00:00,2025,10,25,23,3.2,74.56,1.52,1.72,24.27,0.0,90.0
Karnali_Center,29.267,82.183,2025102600,2025-10-26 00:00:00,2025,10,26,0,2.92,71.58,1.63,1.79,6.37,0.0,90.0
Karnali_Center,29.267,82.183,2025102601,2025-10-26 01:00:00,2025,10,26,1,2.55,68.91,1.73,1.87,17.32,0.0,90.0
Karnali_Center,29.267,82.183,2025102602,2025-10-26 02:00:00,2025,10,26,2,2.16,66.31,1.81,1.95,6.18,0.0,90.0
Karnali_Center,29.267,82.183,2025102603,2025-10-26 03:00:00,2025,10,26,3,1.75,63.96,1.93,2.05,22.11,0.0,90.0
Karnali_Center,29.267,82.183,2025102604,2025-10-26 04:00:00,2025,10,26,4,1.4,61.51,2.05,2.16,22.64,0.0,90.0
Karnali_Center,29.267,82.183,2025102605,2025-10-26 05:00:00,2025,10,26,5,1.15,58.83,2.18,2.28,21.9,0.0,90.0
Karnali_Center,29.267,82.183,2025102606,2025-10-26 06:00:00,2025,10,26,6,2.1,63.13,2.16,2.36,9.24,153.75,79.7
Karnali_Center,29.267,82.183,2025102607,2025-10-26 07:00:00,2025,10,26,7,6.92,46.81,2.05,1.98,12.91,372.4,68.44
Karnali_Center,29.267,82.183,2025102608,2025-10-26 08:00:00,2025,10,26,8,10.5,33.65,1.19,1.27,8.58,584.38,57.79
Karnali_Center,29.267,82.183,2025102609,2025-10-26 09:00:00,2025,10,26,9,12.34,29.95,1.87,1.43,13.53,722.53,49.09
Karnali_Center,29.267,82.183,2025102610,2025-10-26 10:00:00,2025,10,26,10,13.6,29.42,2.68,2.01,30.38,801.15,43.55
Karnali_Center,29.267,82.183,2025102611,2025-10-26 11:00:00,2025,10,26,11,14.4,30.31,3.31,2.55,12.97,858.15,42.43
Karnali_Center,29.267,82.183,2025102612,2025-10-26 12:00:00,2025,10,26,12,14.65,32.23,3.66,2.88,41.52,686.35,46.07
Karnali_Center,29.267,82.183,2025102613,2025-10-26 13:00:00,2025,10,26,13,14.39,34.8,3.77,3.05,25.84,650.62,53.49
Karnali_Center,29.267,82.183,2025102614,2025-10-26 14:00:00,2025,10,26,14,13.63,37.95,3.54,2.96,27.18,446.52,63.37
Karnali_Center,29.267,82.183,2025102615,2025-10-26 15:00:00,2025,10,26,15,12.33,42.76,3.02,2.64,17.41,246.4,74.71
Karnali_Center,29.267,82.183,2025102616,2025-10-26 16:00:00,2025,10,26,16,9.86,61.95,1.63,1.94,23.73,36.12,86.51
Karnali_Center,29.267,82.183,2025102617,2025-10-26 17:00:00,2025,10,26,17,7.87,61.68,0.66,0.78,25.52,0.0,90.0
Karnali_Center,29.267,82.183,2025102618,2025-10-26 18:00:00,2025,10,26,18,6.71,64.93,0.69,0.81,26.16,0.0,90.0
Karnali_Center,29.267,82.183,2025102619,2025-10-26 19:00:00,2025,10,26,19,5.48,69.06,1.41,1.63,26.45,0.0,90.0
Karnali_Center,29.267,82.183,2025102620,2025-10-26 20:00:00,2025,10,26,20,4.84,68.22,1.68,1.91,30.0,0.0,90.0
Karnali_Center,29.267,82.183,2025102621,2025-10-26 21:00:00,2025,10,26,21,4.19,67.07,1.82,2.06,31.4,0.0,90.0
Karnali_Center,29.267,82.183,2025102622,2025-10-26 22:00:00,2025,10,26,22,3.47,66.0,1.98,2.21,28.24,0.0,90.0
Karnali_Center,29.267,82.183,2025102623,2025-10-26 23:00:00,2025,10,26,23,2.64,65.31,2.2,2.42,26.42,0.0,90.0
Karnali_Center,29.267,82.183,2025102700,2025-10-27 00:00:00,2025,10,27,0,1.82,64.41,2.41,2.6,25.25,0.0,90.0
Karnali_Center,29.267,82.183,2025102701,2025-10-27 01:00:00,2025,10,27,1,1.11,62.51,2.53,2.71,6.24,0.0,90.0
Karnali_Center,29.267,82.183,2025102702,2025-10-27 02:00:00,2025,10,27,2,0.65,59.53,2.58,2.73,20.97,0.0,90.0
Karnali_Center,29.267,82.183,2025102703,2025-10-27 03:00:00,2025,10,27,3,0.39,55.69,2.59,2.7,21.69,0.0,90.0
Karnali_Center,29.267,82.183,2025102704,2025-10-27 04:00:00,2025,10,27,4,0.18,52.44,2.6,2.68,27.0,0.0,90.0
Karnali_Center,29.267,82.183,2025102705,2025-10-27 05:00:00,2025,10,27,5,0.01,49.32,2.6,2.65,34.19,0.0,90.0
Karnali_Center,29.267,82.183,2025102706,2025-10-27 06:00:00,2025,10,27,6,1.15,53.3,2.47,2.59,32.01,138.75,79.91
Karnali_Center,29.267,82.183,2025102707,2025-10-27 07:00:00,2025,10,27,7,6.37,46.35,2.19,2.27,30.31,309.77,68.64
Karnali_Center,29.267,82.183,2025102708,2025-10-27 08:00:00,2025,10,27,8,10.05,25.01,1.3,1.25,38.3,483.75,58.03
Karnali_Center,29.267,82.183,2025102709,2025-10-27 09:00:00,2025,10,27,9,11.75,22.42,1.5,1.45,59.29,497.45,49.37
Karnali_Center,29.267,82.183,2025102710,2025-10-27 10:00:00,2025,10,27,10,12.29,23.83,2.29,2.04,76.83,465.62,43.87
Karnali_Center,29.267,82.183,2025102711,2025-10-27 11:00:00,2025,10,27,11,12.59,24.95,2.53,2.22,78.23,478.23,42.77
Karnali_Center,29.267,82.183,2025102712,2025-10-27 12:00:00,2025,10,27,12,12.68,26.44,2.65,2.34,98.13,473.08,46.39
Karnali_Center,29.267,82.183,2025102713,2025-10-27 13:00:00,2025,10,27,13,12.38,28.47,2.64,2.37,97.8,412.77,53.77
Karnali_Center,29.267,82.183,2025102714,2025-10-27 14:00:00,2025,10,27,14,11.67,31.17,2.36,2.17,97.29,273.58,63.62
Karnali_Center,29.267,82.183,2025102715,2025-10-27 15:00:00,2025,10,27,15,10.63,38.0,1.62,1.66,96.64,136.25,74.93
Karnali_Center,29.267,82.183,2025102716,2025-10-27 16:00:00,2025,10,27,16,9.52,46.58,0.7,0.87,99.27,18.58,86.66
Karnali_Center,29.267,82.183,2025102717,2025-10-27 17:00:00,2025,10,27,17,7.93,48.42,0.81,0.94,99.94,0.0,90.0
Karnali_Center,29.267,82.183,2025102718,2025-10-27 18:00:00,2025,10,27,18,6.99,56.06,1.44,1.67,100.0,0.0,90.0
Karnali_Center,29.267,82.183,2025102719,2025-10-27 19:00:00,2025,10,27,19,6.61,56.38,1.62,1.85,52.2,0.0,90.0
Karnali_Center,29.267,82.183,2025102720,2025-10-27 20:00:00,2025,10,27,20,6.36,55.81,1.64,1.87,42.91,0.0,90.0
Karnali_Center,29.267,82.183,2025102721,2025-10-27 21:00:00,2025,10,27,21,6.07,55.09,1.65,1.87,23.01,0.0,90.0
Karnali_Center,29.267,82.183,2025102722,2025-10-27 22:00:00,2025,10,27,22,5.87,53.35,1.56,1.75,36.12,0.0,90.0
Karnali_Center,29.267,82.183,2025102723,2025-10-27 23:00:00,2025,10,27,23,5.48,53.24,1.51,1.67,26.12,0.0,90.0
Karnali_Center,29.267,82.183,2025102800,2025-10-28 00:00:00,2025,10,28,0,4.95,53.74,1.55,1.69,20.52,0.0,90.0
Karnali_Center,29.267,82.183,2025102801,2025-10-28 01:00:00,2025,10,28,1,4.73,52.52,1.4,1.5,99.94,0.0,90.0
Karnali_Center,29.267,82.183,2025102802,2025-10-28 02:00:00,2025,10,28,2,4.69,53.33,1.38,1.49,99.95,0.0,90.0
Karnali_Center,29.267,82.183,2025102803,2025-10-28 03:00:00,2025,10,28,3,4.27,57.83,1.84,2.0,100.0,0.0,90.0
Karnali_Center,29.267,82.183,2025102804,2025-10-28 04:00:00,2025,10,28,4,3.89,62.11,2.08,2.26,100.0,0.0,90.0
Karnali_Center,29.267,82.183,2025102805,2025-10-28 05:00:00,2025,10,28,5,3.78,63.34,2.15,2.34,99.83,0.0,90.0
Karnali_Center,29.267,82.183,2025102806,2025-10-28 06:00:00,2025,10,28,6,4.29,67.13,2.08,2.38,100.0,26.85,80.12
Karnali_Center,29.267,82.183,2025102807,2025-10-28 07:00:00,2025,10,28,7,6.62,72.29,1.74,2.29,51.74,117.18,68.83
Karnali_Center,29.267,82.183,2025102808,2025-10-28 08:00:00,2025,10,28,8,8.44,56.66,1.62,1.77,56.54,154.57,58.26
Karnali_Center,29.267,82.183,2025102809,2025-10-28 09:00:00,2025,10,28,9,11.6,40.94,0.95,1.0,100.0,156.43,49.65
Karnali_Center,29.267,82.183,2025102810,2025-10-28 10:00:00,2025,10,28,10,12.82,37.61,1.38,1.13,82.65,136.48,44.19
Karnali_Center,29.267,82.183,2025102811,2025-10-28 11:00:00,2025,10,28,11,13.41,37.27,1.91,1.53,94.39,119.78,43.1
Karnali_Center,29.267,82.183,2025102812,2025-10-28 12:00:00,2025,10,28,12,13.34,38.54,2.25,1.86,99.98,138.45,46.7
Karnali_Center,29.267,82.183,2025102813,2025-10-28 13:00:00,2025,10,28,13,12.63,42.08,2.29,2.05,96.87,85.1,54.05
Karnali_Center,29.267,82.183,2025102814,2025-10-28 14:00:00,2025,10,28,14,11.96,46.2,2.05,1.96,95.0,63.42,63.86
Karnali_Center,29.267,82.183,2025102815,2025-10-28 15:00:00,2025,10,28,15,10.98,55.09,1.59,1.81,93.1,35.3,75.14
Karnali_Center,29.267,82.183,2025102816,2025-10-28 16:00:00,2025,10,28,16,9.36,67.67,1.22,1.64,91.3,10.82,86.8
Karnali_Center,29.267,82.183,2025102817,2025-10-28 17:00:00,2025,10,28,17,8.53,64.36,1.07,1.36,89.32,0.0,90.0
Karnali_Center,29.267,82.183,2025102818,2025-10-28 18:00:00,2025,10,28,18,7.88,67.1,1.35,1.65,90.06,0.0,90.0
Karnali_Center,29.267,82.183,2025102819,2025-10-28 19:00:00,2025,10,28,19,7.38,68.46,1.58,1.9,83.24,0.0,90.0
Karnali_Center,29.267,82.183,2025102820,2025-10-28 20:00:00,2025,10,28,20,7.15,67.29,1.53,1.86,90.06,0.0,90.0
Karnali_Center,29.267,82.183,2025102821,2025-10-28 21:00:00,2025,10,28,21,6.97,65.14,1.4,1.67,71.89,0.0,90.0
Karnali_Center,29.267,82.183,2025102822,2025-10-28 22:00:00,2025,10,28,22,6.84,62.92,1.27,1.46,99.87,0.0,90.0
Karnali_Center,29.267,82.183,2025102823,2025-10-28 23:00:00,2025,10,28,23,6.45,62.7,1.23,1.39,99.72,0.0,90.0
Karnali_Center,29.267,82.183,2025102900,2025-10-29 00:00:00,2025,10,29,0,5.88,62.45,1.45,1.62,99.67,0.0,90.0
Karnali_Center,29.267,82.183,2025102901,2025-10-29 01:00:00,2025,10,29,1,5.42,62.39,1.7,1.86,89.68,0.0,90.0
Karnali_Center,29.267,82.183,2025102902,2025-10-29 02:00:00,2025,10,29,2,5.04,63.37,1.91,2.05,98.46,0.0,90.0
Karnali_Center,29.267,82.183,2025102903,2025-10-29 03:00:00,2025,10,29,3,4.99,62.79,1.97,2.12,99.58,0.0,90.0
Karnali_Center,29.267,82.183,2025102904,2025-10-29 04:00:00,2025,10,29,4,4.97,61.69,2.02,2.16,99.55,0.0,90.0
Karnali_Center,29.267,82.183,2025102905,2025-10-29 05:00:00,2025,10,29,5,4.97,59.33,2.0,2.14,97.26,0.0,90.0
Karnali_Center,29.267,82.183,2025102906,2025-10-29 06:00:00,2025,10,29,6,5.68,61.82,1.88,2.07,97.92,71.55,80.33
Karnali_Center,29.267,82.183,2025102907,2025-10-29 07:00:00,2025,10,29,7,8.94,56.77,1.65,1.42,95.09,207.62,69.03
Karnali_Center,29.267,82.183,2025102908,2025-10-29 08:00:00,2025,10,29,8,12.41,46.75,1.12,1.21,90.76,362.1,58.5
Karnali_Center,29.267,82.183,2025102909,2025-10-29 09:00:00,2025,10,29,9,13.52,46.61,2.75,2.31,97.8,479.92,49.93
Karnali_Center,29.267,82.183,2025102910,2025-10-29 10:00:00,2025,10,29,10,14.46,47.13,3.42,2.75,95.2,569.08,44.5
Karnali_Center,29.267,82.183,2025102911,2025-10-29 11:00:00,2025,10,29,11,14.92,49.25,3.8,3.04,92.51,508.52,43.43
Karnali_Center,29.267,82.183,2025102912,2025-10-29 12:00:00,2025,10,29,12,15.02,52.06,3.93,3.17,90.01,411.33,47.01
Karnali_Center,29.267,82.183,2025102913,2025-10-29 13:00:00,2025,10,29,13,14.76,55.16,3.76,3.1,70.6,352.02,54.33
Karnali_Center,29.267,82.183,2025102914,2025-10-29 14:00:00,2025,10,29,14,14.15,58.57,3.38,2.85,75.79,224.3,64.1
Karnali_Center,29.267,82.183,2025102915,2025-10-29 15:00:00,2025,10,29,15,13.03,63.46,2.89,2.53,80.95,128.62,75.35
Karnali_Center,29.267,82.183,2025102916,2025-10-29 16:00:00,2025,10,29,16,10.83,79.41,1.63,1.96,84.7,18.38,86.93
Karnali_Center,29.267,82.183,2025102917,2025-10-29 17:00:00,2025,10,29,17,8.81,86.31,0.81,1.0,91.59,0.0,90.0
Karnali_Center,29.267,82.183,2025102918,2025-10-29 18:00:00,2025,10,29,18,8.28,90.65,0.41,0.47,98.46,0.0,90.0
Karnali_Center,29.267,82.183,2025102919,2025-10-29 19:00:00,2025,10,29,19,7.25,95.37,1.25,1.48,100.0,0.0,90.0
Karnali_Center,29.267,82.183,2025102920,2025-10-29 20:00:00,2025,10,29,20,6.94,94.33,1.52,1.8,99.94,0.0,90.0
Karnali_Center,29.267,82.183,2025102921,2025-10-29 21:00:00,2025,10,29,21,6.77,91.84,1.54,1.83,75.13,0.0,90.0
Karnali_Center,29.267,82.183,2025102922,2025-10-29 22:00:00,2025,10,29,22,6.47,90.31,1.53,1.81,71.44,0.0,90.0
Karnali_Center,29.267,82.183,2025102923,2025-10-29 23:00:00,2025,10,29,23,5.99,90.13,1.68,1.97,100.0,0.0,90.0
Karnali_Center,29.267,82.183,2025103000,2025-10-30 00:00:00,2025,10,30,0,5.58,89.4,1.91,2.26,18.6,0.0,90.0
Karnali_Center,29.267,82.183,2025103001,2025-10-30 01:00:00,2025,10,30,1,4.88,88.87,2.12,2.46,99.93,0.0,90.0
Karnali_Center,29.267,82.183,2025103002,2025-10-30 02:00:00,2025,10,30,2,4.46,86.67,2.2,2.5,100.0,0.0,90.0
Karnali_Center,29.267,82.183,2025103003,2025-10-30 03:00:00,2025,10,30,3,4.29,83.53,2.21,2.48,92.18,0.0,90.0
Karnali_Center,29.267,82.183,2025103004,2025-10-30 04:00:00,2025,10,30,4,4.51,79.39,2.11,2.36,89.71,0.0,90.0
Karnali_Center,29.267,82.183,2025103005,2025-10-30 05:00:00,2025,10,30,5,4.95,74.23,1.84,2.03,99.88,0.0,90.0
Karnali_Center,29.267,82.183,2025103006,2025-10-30 06:00:00,2025,10,30,6,6.14,72.56,1.44,1.62,100.0,20.02,80.54
Karnali_Center,29.267,82.183,2025103007,2025-10-30 07:00:00,2025,10,30,7,9.87,67.04,0.69,0.7,100.0,43.4,69.23
Karnali_Center,29.267,82.183,2025103008,2025-10-30 08:00:00,2025,10,30,8,12.44,55.75,0.81,0.55,74.29,102.47,58.73
Karnali_Center,29.267,82.183,2025103009,2025-10-30 09:00:00,2025,10,30,9,13.71,50.65,1.86,1.4,37.31,160.18,50.21
Karnali_Center,29.267,82.183,2025103010,2025-10-30 10:00:00,2025,10,30,10,14.76,49.15,2.43,1.9,99.93,188.85,44.82
Karnali_Center,29.267,82.183,2025103011,2025-10-30 11:00:00,2025,10,30,11,15.38,49.89,2.86,2.33,32.21,204.68,43.76
Karnali_Center,29.267,82.183,2025103012,2025-10-30 12:00:00,2025,10,30,12,15.29,51.78,3.13,2.64,35.13,194.02,47.32
Karnali_Center,29.267,82.183,2025103013,2025-10-30 13:00:00,2025,10,30,13,14.44,55.48,3.04,2.66,52.88,128.93,54.6
Karnali_Center,29.267,82.183,2025103014,2025-10-30 14:00:00,2025,10,30,14,13.28,61.15,2.72,2.5,64.79,90.7,64.33
Karnali_Center,29.267,82.183,2025103015,2025-10-30 15:00:00,2025,10,30,15,11.89,70.72,2.15,2.2,76.59,46.35,75.55
Karnali_Center,29.267,82.183,2025103016,2025-10-30 16:00:00,2025,10,30,16,10.16,87.13,1.28,1.81,88.39,8.77,87.06
Karnali_Center,29.267,82.183,2025103017,2025-10-30 17:00:00,2025,10,30,17,8.88,91.5,1.06,1.47,99.97,0.0,90.0
Karnali_Center,29.267,82.183,2025103018,2025-10-30 18:00:00,2025,10,30,18,8.49,92.76,0.96,1.31,99.97,0.0,90.0
Karnali_Center,29.267,82.183,2025103019,2025-10-30 19:00:00,2025,10,30,19,8.22,93.16,0.99,1.3,99.38,0.0,90.0
Karnali_Center,29.267,82.183,2025103020,2025-10-30 20:00:00,2025,10,30,20,7.97,92.96,0.96,1.24,99.9,0.0,90.0
Karnali_Center,29.267,82.183,2025103021,2025-10-30 21:00:00,2025,10,30,21,7.7,91.73,0.97,1.25,93.76,0.0,90.0
Karnali_Center,29.267,82.183,2025103022,2025-10-30 22:00:00,2025,10,30,22,7.19,92.02,1.12,1.39,65.23,0.0,90.0
Karnali_Center,29.267,82.183,2025103023,2025-10-30 23:00:00,2025,10,30,23,6.6,93.2,1.35,1.67,73.83,0.0,90.0
Karnali_Center,29.267,82.183,2025103100,2025-10-31 00:00:00,2025,10,31,0,6.18,93.57,1.58,1.9,99.29,0.0,90.0
Karnali_Center,29.267,82.183,2025103101,2025-10-31 01:00:00,2025,10,31,1,5.9,92.98,1.74,2.08,99.71,0.0,90.0
Karnali_Center,29.267,82.183,2025103102,2025-10-31 02:00:00,2025,10,31,2,5.57,91.78,1.91,2.23,98.41,0.0,90.0
Karnali_Center,29.267,82.183,2025103103,2025-10-31 03:00:00,2025,10,31,3,5.35,89.43,1.98,2.26,98.65,0.0,90.0
Karnali_Center,29.267,82.183,2025103104,2025-10-31 04:00:00,2025,10,31,4,5.49,86.78,1.93,2.22,98.94,0.0,90.0
Karnali_Center,29.267,82.183,2025103105,2025-10-31 05:00:00,2025,10,31,5,5.61,84.69,1.95,2.24,99.66,0.0,90.0
Karnali_Center,29.267,82.183,2025103106,2025-10-31 06:00:00,2025,10,31,6,6.33,85.79,1.87,2.29,100.0,32.58,80.75
Karnali_Center,29.267,82.183,2025103107,2025-10-31 07:00:00,2025,10,31,7,8.33,82.8,1.98,2.38,100.0,80.07,69.43
Karnali_Center,29.267,82.183,2025103108,2025-10-31 08:00:00,2025,10,31,8,10.49,71.87,1.68,2.16,100.0,96.72,58.97
Karnali_Center,29.267,82.183,2025103109,2025-10-31 09:00:00,2025,10,31,9,12.1,60.11,0.7,1.05,98.78,299.4,50.48
Karnali_Center,29.267,82.183,2025103110,2025-10-31 10:00:00,2025,10,31,10,12.95,57.52,1.21,1.04,100.0,393.0,45.13
Karnali_Center,29.267,82.183,2025103111,2025-10-31 11:00:00,2025,10,31,11,13.26,57.98,2.11,1.74,99.44,248.82,44.08
Karnali_Center,29.267,82.183,2025103112,2025-10-31 12:00:00,2025,10,31,12,13.2,60.04,2.46,2.0,0.99,223.8,47.62
Karnali_Center,29.267,82.183,2025103113,2025-10-31 13:00:00,2025,10,31,13,13.19,61.86,2.53,2.04,98.45,268.73,54.86
Karnali_Center,29.267,82.183,2025103114,2025-10-31 14:00:00,2025,10,31,14,12.95,64.04,2.48,2.03,98.38,177.07,64.56
Karnali_Center,29.267,82.183,2025103115,2025-10-31 15:00:00,2025,10,31,15,12.13,68.57,2.2,1.94,98.3,87.32,75.75
Karnali_Center,29.267,82.183,2025103116,2025-10-31 16:00:00,2025,10,31,16,10.41,81.88,1.36,1.71,99.03,12.25,87.18
Karnali_Center,29.267,82.183,2025103117,2025-10-31 17:00:00,2025,10,31,17,8.23,87.42,1.21,1.54,97.96,0.0,90.0
Karnali_Center,29.267,82.183,2025103118,2025-10-31 18:00:00,2025,10,31,18,7.38,89.13,1.26,1.51,95.47,0.0,90.0
Karnali_Center,29.267,82.183,2025103119,2025-10-31 19:00:00,2025,10,31,19,6.77,89.15,1.51,1.73,93.02,0.0,90.0
Karnali_Center,29.267,82.183,2025103120,2025-10-31 20:00:00,2025,10,31,20,6.45,87.24,1.68,1.88,92.36,0.0,90.0
Karnali_Center,29.267,82.183,2025103121,2025-10-31 21:00:00,2025,10,31,21,6.16,85.49,1.8,2.0,78.77,0.0,90.0
Karnali_Center,29.267,82.183,2025103122,2025-10-31 22:00:00,2025,10,31,22,5.99,83.78,1.86,2.08,59.07,0.0,90.0
Karnali_Center,29.267,82.183,2025103123,2025-10-31 23:00:00,2025,10,31,23,5.79,82.43,1.89,2.12,51.91,0.0,90.0
Karnali_Center,29.267,82.183,2025110100,2025-11-01 00:00:00,2025,11,1,0,5.58,81.1,1.92,2.16,35.07,0.0,90.0
Karnali_Center,29.267,82.183,2025110101,2025-11-01 01:00:00,2025,11,1,1,5.31,80.04,1.94,2.16,22.63,0.0,90.0
Karnali_Center,29.267,82.183,2025110102,2025-11-01 02:00:00,2025,11,1,2,5.03,78.84,2.01,2.21,27.19,0.0,90.0
Karnali_Center,29.267,82.183,2025110103,2025-11-01 03:00:00,2025,11,1,3,4.83,76.74,2.06,2.23,27.1,0.0,90.0
Karnali_Center,29.267,82.183,2025110104,2025-11-01 04:00:00,2025,11,1,4,4.51,74.8,2.15,2.28,33.11,0.0,90.0
Karnali_Center,29.267,82.183,2025110105,2025-11-01 05:00:00,2025,11,1,5,4.08,73.03,2.28,2.38,36.92,0.0,90.0
Karnali_Center,29.267,82.183,2025110106,2025-11-01 06:00:00,2025,11,1,6,4.63,73.69,2.31,2.48,33.65,109.45,80.96
Karnali_Center,29.267,82.183,2025110107,2025-11-01 07:00:00,2025,11,1,7,8.7,69.32,2.28,2.31,38.95,273.58,69.62
Karnali_Center,29.267,82.183,2025110108,2025-11-01 08:00:00,2025,11,1,8,12.1,53.3,0.96,1.0,20.31,516.15,59.2
Karnali_Center,29.267,82.183,2025110109,2025-11-01 09:00:00,2025,11,1,9,14.37,45.95,1.32,0.98,1.96,708.6,50.76
Karnali_Center,29.267,82.183,2025110110,2025-11-01 10:00:00,2025,11,1,10,15.44,42.87,2.51,1.93,14.1,796.12,45.44
Karnali_Center,29.267,82.183,2025110111,2025-11-01 11:00:00,2025,11,1,11,16.05,41.82,3.31,2.63,37.69,735.8,44.4
Karnali_Center,29.267,82.183,2025110112,2025-11-01 12:00:00,2025,11,1,12,16.18,42.5,3.8,3.07,51.14,559.85,47.92
Karnali_Center,29.267,82.183,2025110113,2025-11-01 13:00:00,2025,11,1,13,15.79,45.14,3.98,3.26,55.08,435.38,55.12
Karnali_Center,29.267,82.183,2025110114,2025-11-01 14:00:00,2025,11,1,14,14.98,49.16,3.85,3.22,56.61,293.85,64.78
Karnali_Center,29.267,82.183,2025110115,2025-11-01 15:00:00,2025,11,1,15,13.62,55.97,3.45,3.02,48.66,163.25,75.95
Karnali_Center,29.267,82.183,2025110116,2025-11-01 16:00:00,2025,11,1,16,10.91,76.06,1.9,2.35,43.55,21.5,87.3
Karnali_Center,29.267,82.183,2025110117,2025-11-01 17:00:00,2025,11,1,17,8.45,86.26,1.23,1.49,42.22,0.0,90.0
Karnali_Center,29.267,82.183,2025110118,2025-11-01 18:00:00,2025,11,1,18,8.38,90.07,0.41,0.51,22.22,0.0,90.0
Karnali_Center,29.267,82.183,2025110119,2025-11-01 19:00:00,2025,11,1,19,7.76,94.76,0.47,0.5,20.97,0.0,90.0
Karnali_Center,29.267,82.183,2025110120,2025-11-01 20:00:00,2025,11,1,20,6.95,98.34,0.97,1.12,40.08,0.0,90.0
Karnali_Center,29.267,82.183,2025110121,2025-11-01 21:00:00,2025,11,1,21,6.25,99.56,1.2,1.41,39.56,0.0,90.0
Karnali_Center,29.267,82.183,2025110122,2025-11-01 22:00:00,2025,11,1,22,5.86,97.91,1.29,1.52,40.61,0.0,90.0
Karnali_Center,29.267,82.183,2025110123,2025-11-01 23:00:00,2025,11,1,23,5.56,95.75,1.37,1.61,40.11,0.0,90.0
Karnali_Center,29.267,82.183,2025110200,2025-11-02 00:00:00,2025,11,2,0,5.09,94.18,1.5,1.74,45.08,0.0,90.0
Karnali_Center,29.267,82.183,2025110201,2025-11-02 01:00:00,2025,11,2,1,4.69,91.68,1.64,1.88,41.06,0.0,90.0
Karnali_Center,29.267,82.183,2025110202,2025-11-02 02:00:00,2025,11,2,2,4.2,89.28,1.79,2.02,44.2,0.0,90.0
Karnali_Center,29.267,82.183,2025110203,2025-11-02 03:00:00,2025,11,2,3,3.84,85.41,1.89,2.08,49.88,0.0,90.0
Karnali_Center,29.267,82.183,2025110204,2025-11-02 04:00:00,2025,11,2,4,3.68,79.45,1.93,2.07,45.52,0.0,90.0
Karnali_Center,29.267,82.183,2025110205,2025-11-02 05:00:00,2025,11,2,5,3.59,72.72,1.89,2.0,44.94,0.0,90.0
Karnali_Center,29.267,82.183,2025110206,2025-11-02 06:00:00,2025,11,2,6,4.49,66.94,1.8,1.95,31.31,113.15,81.16
Karnali_Center,29.267,82.183,2025110207,2025-11-02 07:00:00,2025,11,2,7,8.83,59.13,1.43,1.46,34.41,288.8,69.82
Karnali_Center,29.267,82.183,2025110208,2025-11-02 08:00:00,2025,11,2,8,11.92,47.79,0.92,0.79,17.18,525.88,59.43
Karnali_Center,29.267,82.183,2025110209,2025-11-02 09:00:00,2025,11,2,9,13.73,43.33,2.3,1.8,24.76,625.8,51.03
Karnali_Center,29.267,82.183,2025110210,2025-11-02 10:00:00,2025,11,2,10,14.8,43.48,3.23,2.56,29.64,710.75,45.75
Karnali_Center,29.267,82.183,2025110211,2025-11-02 11:00:00,2025,11,2,11,15.34,45.92,3.92,3.15,34.23,696.55,44.71
Karnali_Center,29.267,82.183,2025110212,2025-11-02 12:00:00,2025,11,2,12,15.3,50.95,4.31,3.52,39.45,631.28,48.21
Karnali_Center,29.267,82.183,2025110213,2025-11-02 13:00:00,2025,11,2,13,14.8,57.62,4.32,3.57,46.38,488.38,55.38
Karnali_Center,29.267,82.183,2025110214,2025-11-02 14:00:00,2025,11,2,14,13.99,64.36,3.93,3.29,44.6,345.45,65.0
Karnali_Center,29.267,82.183,2025110215,2025-11-02 15:00:00,2025,11,2,15,12.77,70.78,3.38,2.92,32.39,199.57,76.14
Karnali_Center,29.267,82.183,2025110216,2025-11-02 16:00:00,2025,11,2,16,10.54,84.39,2.05,2.32,34.37,23.6,87.41
Karnali_Center,29.267,82.183,2025110217,2025-11-02 17:00:00,2025,11,2,17,8.48,98.94,1.17,1.51,31.19,0.0,90.0
Karnali_Center,29.267,82.183,2025110218,2025-11-02 18:00:00,2025,11,2,18,8.37,100.0,0.74,1.02,35.93,0.0,90.0
Karnali_Center,29.267,82.183,2025110219,2025-11-02 19:00:00,2025,11,2,19,8.08,100.0,0.75,0.99,33.67,0.0,90.0
Karnali_Center,29.267,82.183,2025110220,2025-11-02 20:00:00,2025,11,2,20,7.4,100.0,0.96,1.16,36.83,0.0,90.0
Karnali_Center,29.267,82.183,2025110221,2025-11-02 21:00:00,2025,11,2,21,6.65,100.0,1.32,1.5,36.93,0.0,90.0
Karnali_Center,29.267,82.183,2025110222,2025-11-02 22:00:00,2025,11,2,22,5.68,100.0,1.55,1.78,41.29,0.0,90.0
Karnali_Center,29.267,82.183,2025110223,2025-11-02 23:00:00,2025,11,2,23,4.86,100.0,1.72,2.0,41.42,0.0,90.0
Karnali_Center,29.267,82.183,2025110300,2025-11-03 00:00:00,2025,11,3,0,4.1,98.04,1.92,2.17,38.86,0.0,90.0
Karnali_Center,29.267,82.183,2025110301,2025-11-03 01:00:00,2025,11,3,1,4.1,87.21,2.03,2.24,13.56,0.0,90.0
Karnali_Center,29.267,82.183,2025110302,2025-11-03 02:00:00,2025,11,3,2,4.26,76.22,2.07,2.26,32.77,0.0,90.0
Karnali_Center,29.267,82.183,2025110303,2025-11-03 03:00:00,2025,11,3,3,4.43,66.93,2.09,2.25,39.52,0.0,90.0
Karnali_Center,29.267,82.183,2025110304,2025-11-03 04:00:00,2025,11,3,4,4.62,59.55,2.08,2.21,33.24,0.0,90.0
Karnali_Center,29.267,82.183,2025110305,2025-11-03 05:00:00,2025,11,3,5,4.81,52.91,2.11,2.2,31.37,0.0,90.0
Karnali_Center,29.267,82.183,2025110306,2025-11-03 06:00:00,2025,11,3,6,5.56,52.26,2.1,2.22,27.59,121.6,81.37
Karnali_Center,29.267,82.183,2025110307,2025-11-03 07:00:00,2025,11,3,7,9.95,52.0,1.77,1.95,35.38,294.33,70.02
Karnali_Center,29.267,82.183,2025110308,2025-11-03 08:00:00,2025,11,3,8,13.54,41.77,0.86,0.84,17.49,535.03,59.67
Karnali_Center,29.267,82.183,2025110309,2025-11-03 09:00:00,2025,11,3,9,15.35,41.71,1.91,1.47,16.63,679.95,51.3
Karnali_Center,29.267,82.183,2025110310,2025-11-03 10:00:00,2025,11,3,10,16.34,42.9,3.04,2.35,33.97,689.72,46.05
Karnali_Center,29.267,82.183,2025110311,2025-11-03 11:00:00,2025,11,3,11,16.78,45.77,3.68,2.89,37.94,688.35,45.03
Karnali_Center,29.267,82.183,2025110312,2025-11-03 12:00:00,2025,11,3,12,16.69,50.28,4.01,3.21,42.72,610.65,48.5
Karnali_Center,29.267,82.183,2025110313,2025-11-03 13:00:00,2025,11,3,13,16.16,55.96,4.05,3.31,8.11,445.38,55.63
Karnali_Center,29.267,82.183,2025110314,2025-11-03 14:00:00,2025,11,3,14,15.27,62.07,3.72,3.09,11.56,312.1,65.22
Karnali_Center,29.267,82.183,2025110315,2025-11-03 15:00:00,2025,11,3,15,13.94,68.72,3.1,2.64,3.69,181.23,76.32
Karnali_Center,29.267,82.183,2025110316,2025-11-03 16:00:00,2025,11,3,16,11.57,82.56,1.71,1.95,12.12,20.08,87.51
Karnali_Center,29.267,82.183,2025110317,2025-11-03 17:00:00,2025,11,3,17,9.67,93.2,0.93,1.16,35.14,0.0,90.0
Karnali_Center,29.267,82.183,2025110318,2025-11-03 18:00:00,2025,11,3,18,8.94,99.06,0.84,1.01,39.3,0.0,90.0
Karnali_Center,29.267,82.183,2025110319,2025-11-03 19:00:00,2025,11,3,19,8.11,100.0,1.21,1.41,42.86,0.0,90.0
Karnali_Center,29.267,82.183,2025110320,2025-11-03 20:00:00,2025,11,3,20,7.71,100.0,1.37,1.59,42.6,0.0,90.0
Karnali_Center,29.267,82.183,2025110321,2025-11-03 21:00:00,2025,11,3,21,7.08,100.0,1.37,1.57,40.88,0.0,90.0
Karnali_Center,29.267,82.183,2025110322,2025-11-03 22:00:00,2025,11,3,22,6.55,100.0,1.27,1.45,39.11,0.0,90.0
Karnali_Center,29.267,82.183,2025110323,2025-11-03 23:00:00,2025,11,3,23,6.31,100.0,1.21,1.38,36.86,0.0,90.0
Karnali_Center,29.267,82.183,2025110400,2025-11-04 00:00:00,2025,11,4,0,6.65,98.3,1.1,1.23,25.02,0.0,90.0
Karnali_Center,29.267,82.183,2025110401,2025-11-04 01:00:00,2025,11,4,1,7.07,93.99,0.99,1.08,40.9,0.0,90.0
Karnali_Center,29.267,82.183,2025110402,2025-11-04 02:00:00,2025,11,4,2,6.71,94.8,1.03,1.15,40.85,0.0,90.0
Karnali_Center,29.267,82.183,2025110403,2025-11-04 03:00:00,2025,11,4,3,6.3,96.18,1.13,1.28,39.03,0.0,90.0
Karnali_Center,29.267,82.183,2025110404,2025-11-04 04:00:00,2025,11,4,4,5.98,97.36,1.32,1.52,39.39,0.0,90.0
Karnali_Center,29.267,82.183,2025110405,2025-11-04 05:00:00,2025,11,4,5,5.94,96.57,1.46,1.67,38.44,0.0,90.0
Karnali_Center,29.267,82.183,2025110406,2025-11-04 06:00:00,2025,11,4,6,6.28,94.14,1.45,1.74,65.3,73.55,81.57
Karnali_Center,29.267,82.183,2025110407,2025-11-04 07:00:00,2025,11,4,7,9.12,80.37,1.64,1.72,67.11,150.82,70.22
Karnali_Center,29.267,82.183,2025110408,2025-11-04 08:00:00,2025,11,4,8,11.54,63.92,1.43,1.41,73.06,250.0,59.9
Karnali_Center,29.267,82.183,2025110409,2025-11-04 09:00:00,2025,11,4,9,13.25,55.85,2.52,2.17,83.25,305.27,51.57
Karnali_Center,29.267,82.183,2025110410,2025-11-04 10:00:00,2025,11,4,10,14.16,53.26,3.67,3.16,92.25,337.48,46.35
Karnali_Center,29.267,82.183,2025110411,2025-11-04 11:00:00,2025,11,4,11,13.94,55.14,4.32,3.76,91.34,325.12,45.33
Karnali_Center,29.267,82.183,2025110412,2025-11-04 12:00:00,2025,11,4,12,13.06,58.52,4.42,3.94,91.53,288.35,48.78
Karnali_Center,29.267,82.183,2025110413,2025-11-04 13:00:00,2025,11,4,13,12.07,61.76,4.48,4.13,87.75,229.9,55.88
Karnali_Center,29.267,82.183,2025110414,2025-11-04 14:00:00,2025,11,4,14,11.37,64.66,4.44,4.18,93.3,152.07,65.43
Karnali_Center,29.267,82.183,2025110415,2025-11-04 15:00:00,2025,11,4,15,10.31,68.91,3.91,3.75,91.5,61.5,76.5
Karnali_Center,29.267,82.183,2025110416,2025-11-04 16:00:00,2025,11,4,16,8.49,81.61,2.4,2.56,98.0,9.9,87.61
Karnali_Center,29.267,82.183,2025110417,2025-11-04 17:00:00,2025,11,4,17,7.1,95.98,1.29,1.84,100.0,0.0,90.0
Karnali_Center,29.267,82.183,2025110418,2025-11-04 18:00:00,2025,11,4,18,6.88,98.14,1.19,1.54,100.0,0.0,90.0
Karnali_Center,29.267,82.183,2025110419,2025-11-04 19:00:00,2025,11,4,19,6.64,98.84,1.21,1.5,100.0,0.0,90.0
Karnali_Center,29.267,82.183,2025110420,2025-11-04 20:00:00,2025,11,4,20,6.35,99.52,1.26,1.59,99.42,0.0,90.0
Karnali_Center,29.267,82.183,2025110421,2025-11-04 21:00:00,2025,11,4,21,6.13,99.69,1.27,1.83,98.22,0.0,90.0
Karnali_Center,29.267,82.183,2025110422,2025-11-04 22:00:00,2025,11,4,22,5.93,100.0,1.43,2.04,99.37,0.0,90.0
Karnali_Center,29.267,82.183,2025110423,2025-11-04 23:00:00,2025,11,4,23,5.71,100.0,1.39,2.09,98.06,0.0,90.0
Karnali_Center,29.267,82.183,2025110500,2025-11-05 00:00:00,2025,11,5,0,5.44,100.0,1.37,2.05,85.46,0.0,90.0
Karnali_Center,29.267,82.183,2025110501,2025-11-05 01:00:00,2025,11,5,1,5.21,100.0,1.27,1.79,87.32,0.0,90.0
Karnali_Center,29.267,82.183,2025110502,2025-11-05 02:00:00,2025,11,5,2,4.79,99.12,1.23,1.68,82.27,0.0,90.0
Karnali_Center,29.267,82.183,2025110503,2025-11-05 03:00:00,2025,11,5,3,4.66,99.48,1.21,1.6,82.9,0.0,90.0
Karnali_Center,29.267,82.183,2025110504,2025-11-05 04:00:00,2025,11,5,4,4.44,99.94,1.17,1.48,67.25,0.0,90.0
Karnali_Center,29.267,82.183,2025110505,2025-11-05 05:00:00,2025,11,5,5,4.08,100.0,1.2,1.51,65.87,0.0,90.0
Karnali_Center,29.267,82.183,2025110506,2025-11-05 06:00:00,2025,11,5,6,4.45,97.76,1.16,1.44,63.08,77.78,81.77
Karnali_Center,29.267,82.183,2025110507,2025-11-05 07:00:00,2025,11,5,7,7.36,86.54,1.71,1.88,65.76,194.55,70.42
Karnali_Center,29.267,82.183,2025110508,2025-11-05 08:00:00,2025,11,5,8,9.25,75.16,2.37,2.33,62.2,332.4,60.13
Karnali_Center,29.267,82.183,2025110509,2025-11-05 09:00:00,2025,11,5,9,10.84,62.62,2.98,2.72,57.66,466.33,51.84
Karnali_Center,29.267,82.183,2025110510,2025-11-05 10:00:00,2025,11,5,10,11.79,56.78,3.55,3.16,57.66,537.25,46.65
Karnali_Center,29.267,82.183,2025110511,2025-11-05 11:00:00,2025,11,5,11,12.14,56.58,3.99,3.54,67.85,520.22,45.63
Karnali_Center,29.267,82.183,2025110512,2025-11-05 12:00:00,2025,11,5,12,12.05,58.02,4.25,3.79,83.03,440.3,49.06
Karnali_Center,29.267,82.183,2025110513,2025-11-05 13:00:00,2025,11,5,13,11.54,60.49,4.26,3.82,44.22,320.52,56.12
Karnali_Center,29.267,82.183,2025110514,2025-11-05 14:00:00,2025,11,5,14,10.66,63.59,3.95,3.6,82.94,224.45,65.63
Karnali_Center,29.267,82.183,2025110515,2025-11-05 15:00:00,2025,11,5,15,9.5,68.24,3.46,3.23,77.91,127.68,76.68
Karnali_Center,29.267,82.183,2025110516,2025-11-05 16:00:00,2025,11,5,16,7.73,81.18,2.17,2.32,77.41,13.82,87.71
Karnali_Center,29.267,82.183,2025110517,2025-11-05 17:00:00,2025,11,5,17,6.01,91.76,1.22,1.61,73.58,0.0,90.0
Karnali_Center,29.267,82.183,2025110518,2025-11-05 18:00:00,2025,11,5,18,5.86,93.37,1.11,1.44,66.72,0.0,90.0
Karnali_Center,29.267,82.183,2025110519,2025-11-05 19:00:00,2025,11,5,19,5.48,96.52,1.05,1.34,64.24,0.0,90.0
Karnali_Center,29.267,82.183,2025110520,2025-11-05 20:00:00,2025,11,5,20,5.28,98.02,0.87,1.11,54.28,0.0,90.0
Karnali_Center,29.267,82.183,2025110521,2025-11-05 21:00:00,2025,11,5,21,4.91,99.67,0.82,1.04,64.83,0.0,90.0
Karnali_Center,29.267,82.183,2025110522,2025-11-05 22:00:00,2025,11,5,22,4.35,100.0,1.01,1.23,58.64,0.0,90.0
Karnali_Center,29.267,82.183,2025110523,2025-11-05 23:00:00,2025,11,5,23,3.84,100.0,1.21,1.42,51.84,0.0,90.0
Karnali_Center,29.267,82.183,2025110600,2025-11-06 00:00:00,2025,11,6,0,3.21,100.0,1.35,1.55,44.36,0.0,90.0
Karnali_Center,29.267,82.183,2025110601,2025-11-06 01:00:00,2025,11,6,1,2.59,100.0,1.54,1.77,27.56,0.0,90.0
Karnali_Center,29.267,82.183,2025110602,2025-11-06 02:00:00,2025,11,6,2,2.01,100.0,1.74,1.97,32.59,0.0,90.0
Karnali_Center,29.267,82.183,2025110603,2025-11-06 03:00:00,2025,11,6,3,1.49,100.0,1.91,2.15,36.79,0.0,90.0
Karnali_Center,29.267,82.183,2025110604,2025-11-06 04:00:00,2025,11,6,4,1.13,100.0,2.03,2.26,41.6,0.0,90.0
Karnali_Center,29.267,82.183,2025110605,2025-11-06 05:00:00,2025,11,6,5,0.81,100.0,2.12,2.33,41.0,0.0,90.0
Karnali_Center,29.267,82.183,2025110606,2025-11-06 06:00:00,2025,11,6,6,1.4,95.16,2.06,2.32,46.84,97.43,81.97
Karnali_Center,29.267,82.183,2025110607,2025-11-06 07:00:00,2025,11,6,7,5.49,76.81,2.03,1.88,55.18,250.43,70.62
Karnali_Center,29.267,82.183,2025110608,2025-11-06 08:00:00,2025,11,6,8,9.09,46.01,1.07,1.13,57.56,391.12,60.37
Karnali_Center,29.267,82.183,2025110609,2025-11-06 09:00:00,2025,11,6,9,11.17,33.01,1.67,1.44,2.52,495.7,52.11
Karnali_Center,29.267,82.183,2025110610,2025-11-06 10:00:00,2025,11,6,10,12.39,31.0,2.62,2.17,58.34,586.83,46.94
Karnali_Center,29.267,82.183,2025110611,2025-11-06 11:00:00,2025,11,6,11,13.1,31.41,3.38,2.84,59.54,619.75,45.93
Karnali_Center,29.267,82.183,2025110612,2025-11-06 12:00:00,2025,11,6,12,13.27,33.61,3.79,3.21,62.97,558.47,49.34
Karnali_Center,29.267,82.183,2025110613,2025-11-06 13:00:00,2025,11,6,13,13.02,36.76,3.84,3.29,44.58,512.95,56.36
Karnali_Center,29.267,82.183,2025110614,2025-11-06 14:00:00,2025,11,6,14,12.35,40.65,3.54,3.1,47.55,343.5,65.83
Karnali_Center,29.267,82.183,2025110615,2025-11-06 15:00:00,2025,11,6,15,11.16,46.57,3.05,2.79,41.9,185.1,76.85
Karnali_Center,29.267,82.183,2025110616,2025-11-06 16:00:00,2025,11,6,16,8.59,66.86,1.72,2.09,39.62,20.05,87.8
Karnali_Center,29.267,82.183,2025110617,2025-11-06 17:00:00,2025,11,6,17,6.71,70.68,1.05,1.26,38.98,0.0,90.0
Karnali_Center,29.267,82.183,2025110618,2025-11-06 18:00:00,2025,11,6,18,6.47,72.39,0.5,0.59,28.62,0.0,90.0
Karnali_Center,29.267,82.183,2025110619,2025-11-06 19:00:00,2025,11,6,19,5.35,77.89,0.95,1.07,32.13,0.0,90.0
Karnali_Center,29.267,82.183,2025110620,2025-11-06 20:00:00,2025,11,6,20,4.29,80.57,1.42,1.61,36.93,0.0,90.0
Karnali_Center,29.267,82.183,2025110621,2025-11-06 21:00:00,2025,11,6,21,3.56,79.87,1.75,1.97,30.16,0.0,90.0
Karnali_Center,29.267,82.183,2025110622,2025-11-06 22:00:00,2025,11,6,22,2.71,78.76,2.0,2.24,28.42,0.0,90.0
Karnali_Center,29.267,82.183,2025110623,2025-11-06 23:00:00,2025,11,6,23,1.94,76.8,2.18,2.41,30.89,0.0,90.0
Karnali_Center,29.267,82.183,2025110700,2025-11-07 00:00:00,2025,11,7,0,1.34,74.33,2.29,2.5,30.82,0.0,90.0
Karnali_Center,29.267,82.183,2025110701,2025-11-07 01:00:00,2025,11,7,1,0.84,71.53,2.36,2.55,17.86,0.0,90.0
Karnali_Center,29.267,82.183,2025110702,2025-11-07 02:00:00,2025,11,7,2,0.57,67.68,2.37,2.51,35.8,0.0,90.0
Karnali_Center,29.267,82.183,2025110703,2025-11-07 03:00:00,2025,11,7,3,0.61,62.8,2.29,2.37,37.57,0.0,90.0
Karnali_Center,29.267,82.183,2025110704,2025-11-07 04:00:00,2025,11,7,4,0.57,58.83,2.26,2.33,33.35,0.0,90.0
Karnali_Center,29.267,82.183,2025110705,2025-11-07 05:00:00,2025,11,7,5,0.42,55.48,2.28,2.35,33.66,0.0,90.0
Karnali_Center,29.267,82.183,2025110706,2025-11-07 06:00:00,2025,11,7,6,1.0,56.05,2.24,2.37,28.65,106.55,82.17
Karnali_Center,29.267,82.183,2025110707,2025-11-07 07:00:00,2025,11,7,7,5.47,52.15,2.05,2.13,33.73,289.58,70.82
Karnali_Center,29.267,82.183,2025110708,2025-11-07 08:00:00,2025,11,7,8,9.18,31.32,1.32,1.31,29.58,470.58,60.6
Karnali_Center,29.267,82.183,2025110709,2025-11-07 09:00:00,2025,11,7,9,12.01,23.05,0.66,0.47,24.89,627.67,52.37
Karnali_Center,29.267,82.183,2025110710,2025-11-07 10:00:00,2025,11,7,10,13.3,23.06,1.93,1.38,26.74,674.7,47.23
Karnali_Center,29.267,82.183,2025110711,2025-11-07 11:00:00,2025,11,7,11,13.94,24.72,2.9,2.28,40.17,684.5,46.22
Karnali_Center,29.267,82.183,2025110712,2025-11-07 12:00:00,2025,11,7,12,14.06,27.24,3.57,2.91,45.24,637.9,49.6
Karnali_Center,29.267,82.183,2025110713,2025-11-07 13:00:00,2025,11,7,13,13.67,30.88,3.85,3.22,51.75,473.9,56.59
Karnali_Center,29.267,82.183,2025110714,2025-11-07 14:00:00,2025,11,7,14,12.81,35.78,3.7,3.18,47.7,324.88,66.03
Karnali_Center,29.267,82.183,2025110715,2025-11-07 15:00:00,2025,11,7,15,11.4,42.94,3.06,2.78,35.42,177.15,77.01
Karnali_Center,29.267,82.183,2025110716,2025-11-07 16:00:00,2025,11,7,16,8.5,65.14,1.55,1.95,33.8,17.73,87.89
Karnali_Center,29.267,82.183,2025110717,2025-11-07 17:00:00,2025,11,7,17,6.87,64.73,0.96,1.15,26.74,0.0,90.0
Karnali_Center,29.267,82.183,2025110718,2025-11-07 18:00:00,2025,11,7,18,5.99,68.47,0.85,1.02,30.89,0.0,90.0
Karnali_Center,29.267,82.183,2025110719,2025-11-07 19:00:00,2025,11,7,19,4.74,72.17,1.39,1.58,31.59,0.0,90.0
Karnali_Center,29.267,82.183,2025110720,2025-11-07 20:00:00,2025,11,7,20,3.93,71.68,1.76,1.96,33.36,0.0,90.0
Karnali_Center,29.267,82.183,2025110721,2025-11-07 21:00:00,2025,11,7,21,3.27,69.4,1.97,2.17,34.02,0.0,90.0
Karnali_Center,29.267,82.183,2025110722,2025-11-07 22:00:00,2025,11,7,22,2.67,66.47,2.1,2.28,37.82,0.0,90.0
Karnali_Center,29.267,82.183,2025110723,2025-11-07 23:00:00,2025,11,7,23,2.11,63.13,2.21,2.39,39.75,0.0,90.0
Karnali_Center,29.267,82.183,2025110800,2025-11-08 00:00:00,2025,11,8,0,1.59,59.94,2.31,2.48,35.55,0.0,90.0
Karnali_Center,29.267,82.183,2025110801,2025-11-08 01:00:00,2025,11,8,1,1.23,56.3,2.38,2.54,19.15,0.0,90.0
Karnali_Center,29.267,82.183,2025110802,2025-11-08 02:00:00,2025,11,8,2,1.15,51.92,2.36,2.5,34.82,0.0,90.0
Karnali_Center,29.267,82.183,2025110803,2025-11-08 03:00:00,2025,11,8,3,1.13,48.16,2.33,2.46,33.44,0.0,90.0
Karnali_Center,29.267,82.183,2025110804,2025-11-08 04:00:00,2025,11,8,4,1.16,44.77,2.28,2.4,32.89,0.0,90.0
Karnali_Center,29.267,82.183,2025110805,2025-11-08 05:00:00,2025,11,8,5,1.27,41.67,2.2,2.33,28.2,0.0,90.0
Karnali_Center,29.267,82.183,2025110806,2025-11-08 06:00:00,2025,11,8,6,2.11,42.18,2.06,2.22,25.62,103.93,82.37
Karnali_Center,29.267,82.183,2025110807,2025-11-08 07:00:00,2025,11,8,7,6.12,50.48,1.63,1.87,33.15,280.7,71.02
Karnali_Center,29.267,82.183,2025110808,2025-11-08 08:00:00,2025,11,8,8,10.02,26.5,0.73,0.76,28.87,472.1,60.83
Karnali_Center,29.267,82.183,2025110809,2025-11-08 09:00:00,2025,11,8,9,12.2,23.91,1.5,1.15,24.98,625.55,52.63
Karnali_Center,29.267,82.183,2025110810,2025-11-08 10:00:00,2025,11,8,10,13.32,24.7,2.52,2.02,23.13,694.83,47.52
Karnali_Center,29.267,82.183,2025110811,2025-11-08 11:00:00,2025,11,8,11,13.87,26.73,3.41,2.82,39.76,690.33,46.51
Karnali_Center,29.267,82.183,2025110812,2025-11-08 12:00:00,2025,11,8,12,13.86,30.01,4.04,3.43,41.11,626.0,49.87
Karnali_Center,29.267,82.183,2025110813,2025-11-08 13:00:00,2025,11,8,13,13.4,34.29,4.16,3.6,50.92,467.95,56.81
Karnali_Center,29.267,82.183,2025110814,2025-11-08 14:00:00,2025,11,8,14,12.54,39.76,3.9,3.45,47.65,321.92,66.22
Karnali_Center,29.267,82.183,2025110815,2025-11-08 15:00:00,2025,11,8,15,11.13,47.65,3.32,3.07,35.35,174.88,77.17
Karnali_Center,29.267,82.183,2025110816,2025-11-08 16:00:00,2025,11,8,16,8.06,70.88,1.77,2.33,32.24,16.35,87.97
Karnali_Center,29.267,82.183,2025110817,2025-11-08 17:00:00,2025,11,8,17,5.92,75.94,1.26,1.55,25.62,0.0,90.0
Karnali_Center,29.267,82.183,2025110818,2025-11-08 18:00:00,2025,11,8,18,5.42,80.57,0.99,1.17,28.67,0.0,90.0
Karnali_Center,29.267,82.183,2025110819,2025-11-08 19:00:00,2025,11,8,19,4.19,87.11,1.3,1.47,32.49,0.0,90.0
Karnali_Center,29.267,82.183,2025110820,2025-11-08 20:00:00,2025,11,8,20,3.5,88.66,1.66,1.84,33.82,0.0,90.0
Karnali_Center,29.267,82.183,2025110821,2025-11-08 21:00:00,2025,11,8,21,2.94,87.64,1.83,2.03,32.56,0.0,90.0
Karnali_Center,29.267,82.183,2025110822,2025-11-08 22:00:00,2025,11,8,22,2.42,85.53,1.91,2.11,36.27,0.0,90.0
Karnali_Center,29.267,82.183,2025110823,2025-11-08 23:00:00,2025,11,8,23,1.91,83.07,1.97,2.15,33.34,0.0,90.0
Karnali_Center,29.267,82.183,2025110900,2025-11-09 00:00:00,2025,11,9,0,1.38,81.31,2.01,2.18,31.48,0.0,90.0
Karnali_Center,29.267,82.183,2025110901,2025-11-09 01:00:00,2025,11,9,1,0.71,81.36,2.14,2.31,18.66,0.0,90.0
Karnali_Center,29.267,82.183,2025110902,2025-11-09 02:00:00,2025,11,9,2,0.06,81.31,2.24,2.41,28.15,0.0,90.0
Karnali_Center,29.267,82.183,2025110903,2025-11-09 03:00:00,2025,11,9,3,-0.57,81.44,2.37,2.51,37.31,0.0,90.0
Karnali_Center,29.267,82.183,2025110904,2025-11-09 04:00:00,2025,11,9,4,-1.11,80.2,2.49,2.62,32.92,0.0,90.0
Karnali_Center,29.267,82.183,2025110905,2025-11-09 05:00:00,2025,11,9,5,-1.42,76.8,2.56,2.69,34.09,0.0,90.0
Karnali_Center,29.267,82.183,2025110906,2025-11-09 06:00:00,2025,11,9,6,-0.81,72.03,2.55,2.73,27.21,102.3,82.56
Karnali_Center,29.267,82.183,2025110907,2025-11-09 07:00:00,2025,11,9,7,4.09,58.92,2.42,2.52,32.52,285.15,71.22
Karnali_Center,29.267,82.183,2025110908,2025-11-09 08:00:00,2025,11,9,8,8.33,31.03,1.47,1.45,29.92,467.58,61.06
Karnali_Center,29.267,82.183,2025110909,2025-11-09 09:00:00,2025,11,9,9,11.23,20.86,1.37,1.16,25.83,619.95,52.89
Karnali_Center,29.267,82.183,2025110910,2025-11-09 10:00:00,2025,11,9,10,12.37,21.99,2.51,2.02,29.03,673.75,47.8
Karnali_Center,29.267,82.183,2025110911,2025-11-09 11:00:00,2025,11,9,11,12.92,24.37,3.34,2.76,40.16,688.17,46.79
Karnali_Center,29.267,82.183,2025110912,2025-11-09 12:00:00,2025,11,9,12,12.96,27.83,3.84,3.23,38.07,655.53,50.13
Karnali_Center,29.267,82.183,2025110913,2025-11-09 13:00:00,2025,11,9,13,12.55,32.22,3.91,3.35,53.45,469.98,57.04
Karnali_Center,29.267,82.183,2025110914,2025-11-09 14:00:00,2025,11,9,14,11.7,37.58,3.53,3.07,48.29,327.55,66.4
Karnali_Center,29.267,82.183,2025110915,2025-11-09 15:00:00,2025,11,9,15,10.29,44.31,2.8,2.55,33.57,175.18,77.33
Karnali_Center,29.267,82.183,2025110916,2025-11-09 16:00:00,2025,11,9,16,7.34,66.65,1.44,1.84,32.84,15.57,88.05
Karnali_Center,29.267,82.183,2025110917,2025-11-09 17:00:00,2025,11,9,17,5.73,65.97,0.9,1.09,25.83,0.0,90.0
Karnali_Center,29.267,82.183,2025110918,2025-11-09 18:00:00,2025,11,9,18,4.67,70.65,0.94,1.06,26.34,0.0,90.0
Karnali_Center,29.267,82.183,2025110919,2025-11-09 19:00:00,2025,11,9,19,3.29,75.06,1.51,1.7,26.54,0.0,90.0
Karnali_Center,29.267,82.183,2025110920,2025-11-09 20:00:00,2025,11,9,20,2.49,74.1,1.9,2.08,26.62,0.0,90.0
Karnali_Center,29.267,82.183,2025110921,2025-11-09 21:00:00,2025,11,9,21,1.84,70.84,2.07,2.25,27.88,0.0,90.0
Karnali_Center,29.267,82.183,2025110922,2025-11-09 22:00:00,2025,11,9,22,1.33,66.44,2.14,2.3,29.23,0.0,90.0
Karnali_Center,29.267,82.183,2025110923,2025-11-09 23:00:00,2025,11,9,23,0.91,62.27,2.16,2.33,31.1,0.0,90.0
Karnali_Center,29.267,82.183,2025111000,2025-11-10 00:00:00,2025,11,10,0,0.55,58.46,2.18,2.35,17.43,0.0,90.0
Karnali_Center,29.267,82.183,2025111001,2025-11-10 01:00:00,2025,11,10,1,0.24,55.32,2.25,2.42,29.17,0.0,90.0
Karnali_Center,29.267,82.183,2025111002,2025-11-10 02:00:00,2025,11,10,2,0.09,52.35,2.25,2.38,26.58,0.0,90.0
Karnali_Center,29.267,82.183,2025111003,2025-11-10 03:00:00,2025,11,10,3,-0.25,51.67,2.36,2.48,31.97,0.0,90.0
Karnali_Center,29.267,82.183,2025111004,2025-11-10 04:00:00,2025,11,10,4,-0.53,51.51,2.48,2.6,33.26,0.0,90.0
Karnali_Center,29.267,82.183,2025111005,2025-11-10 05:00:00,2025,11,10,5,-0.58,49.97,2.49,2.61,33.26,0.0,90.0
Karnali_Center,29.267,82.183,2025111006,2025-11-10 06:00:00,2025,11,10,6,0.06,51.59,2.43,2.6,13.75,96.28,82.76
Karnali_Center,29.267,82.183,2025111007,2025-11-10 07:00:00,2025,11,10,7,4.56,54.23,2.07,2.33,19.34,270.8,71.42
Karnali_Center,29.267,82.183,2025111008,2025-11-10 08:00:00,2025,11,10,8,8.69,27.48,1.21,1.21,17.59,456.67,61.28
Karnali_Center,29.267,82.183,2025111009,2025-11-10 09:00:00,2025,11,10,9,11.46,22.75,2.27,2.1,1.22,634.83,53.15
Karnali_Center,29.267,82.183,2025111010,2025-11-10 10:00:00,2025,11,10,10,12.48,23.9,3.0,2.59,26.26,703.2,48.08
Karnali_Center,29.267,82.183,2025111011,2025-11-10 11:00:00,2025,11,10,11,12.97,25.92,3.6,3.11,49.92,701.88,47.07
Karnali_Center,29.267,82.183,2025111012,2025-11-10 12:00:00,2025,11,10,12,13.01,28.53,3.96,3.45,51.43,599.88,50.38
Karnali_Center,29.267,82.183,2025111013,2025-11-10 13:00:00,2025,11,10,13,12.62,31.71,3.97,3.48,53.28,460.42,57.25
Karnali_Center,29.267,82.183,2025111014,2025-11-10 14:00:00,2025,11,10,14,11.79,35.73,3.63,3.24,47.9,322.38,66.58
Karnali_Center,29.267,82.183,2025111015,2025-11-10 15:00:00,2025,11,10,15,10.36,42.32,2.93,2.74,34.85,173.6,77.48
Karnali_Center,29.267,82.183,2025111016,2025-11-10 16:00:00,2025,11,10,16,7.29,64.48,1.46,1.83,28.73,16.42,88.12
Karnali_Center,29.267,82.183,2025111017,2025-11-10 17:00:00,2025,11,10,17,5.91,61.88,0.75,0.87,20.44,0.0,90.0
Karnali_Center,29.267,82.183,2025111018,2025-11-10 18:00:00,2025,11,10,18,4.77,66.75,0.99,1.06,25.15,0.0,90.0
Karnali_Center,29.267,82.183,2025111019,2025-11-10 19:00:00,2025,11,10,19,3.39,71.34,1.53,1.67,22.54,0.0,90.0
Karnali_Center,29.267,82.183,2025111020,2025-11-10 20:00:00,2025,11,10,20,2.72,70.32,1.84,2.0,27.9,0.0,90.0
Karnali_Center,29.267,82.183,2025111021,2025-11-10 21:00:00,2025,11,10,21,2.02,69.02,2.01,2.21,24.21,0.0,90.0
Karnali_Center,29.267,82.183,2025111022,2025-11-10 22:00:00,2025,11,10,22,1.44,67.34,2.08,2.27,26.66,0.0,90.0
Karnali_Center,29.267,82.183,2025111023,2025-11-10 23:00:00,2025,11,10,23,0.83,66.79,2.17,2.36,24.9,0.0,90.0
Karnali_Center,29.267,82.183,2025111100,2025-11-11 00:00:00,2025,11,11,0,0.13,67.62,2.31,2.49,11.88,0.0,90.0
Karnali_Center,29.267,82.183,2025111101,2025-11-11 01:00:00,2025,11,11,1,-0.63,69.71,2.48,2.66,18.01,0.0,90.0
Karnali_Center,29.267,82.183,2025111102,2025-11-11 02:00:00,2025,11,11,2,-1.36,71.5,2.65,2.83,7.33,0.0,90.0
Karnali_Center,29.267,82.183,2025111103,2025-11-11 03:00:00,2025,11,11,3,-1.89,71.84,2.75,2.94,25.13,0.0,90.0
Karnali_Center,29.267,82.183,2025111104,2025-11-11 04:00:00,2025,11,11,4,-2.13,69.92,2.79,2.96,26.57,0.0,90.0
Karnali_Center,29.267,82.183,2025111105,2025-11-11 05:00:00,2025,11,11,5,-2.2,67.19,2.79,2.94,30.99,0.0,90.0
Karnali_Center,29.267,82.183,2025111106,2025-11-11 06:00:00,2025,11,11,6,-1.37,66.33,2.65,2.9,27.62,94.93,82.95
Karnali_Center,29.267,82.183,2025111107,2025-11-11 07:00:00,2025,11,11,7,3.76,55.8,2.42,2.61,31.12,278.3,71.62
Karnali_Center,29.267,82.183,2025111108,2025-11-11 08:00:00,2025,11,11,8,7.6,36.15,1.55,1.3,27.7,458.23,61.51
Karnali_Center,29.267,82.183,2025111109,2025-11-11 09:00:00,2025,11,11,9,11.35,22.59,2.1,2.04,23.06,610.9,53.41
Karnali_Center,29.267,82.183,2025111110,2025-11-11 10:00:00,2025,11,11,10,12.51,22.44,3.07,2.75,29.82,669.2,48.35
Karnali_Center,29.267,82.183,2025111111,2025-11-11 11:00:00,2025,11,11,11,12.95,24.42,3.51,3.1,25.13,754.45,47.34
Karnali_Center,29.267,82.183,2025111112,2025-11-11 12:00:00,2025,11,11,12,12.97,26.6,3.76,3.32,52.36,605.25,50.63
Karnali_Center,29.267,82.183,2025111113,2025-11-11 13:00:00,2025,11,11,13,12.56,29.22,3.75,3.33,35.74,566.58,57.46
Karnali_Center,29.267,82.183,2025111114,2025-11-11 14:00:00,2025,11,11,14,11.75,32.15,3.41,3.08,36.61,359.33,66.76
Karnali_Center,29.267,82.183,2025111115,2025-11-11 15:00:00,2025,11,11,15,10.4,37.18,2.74,2.6,24.56,185.6,77.62
Karnali_Center,29.267,82.183,2025111116,2025-11-11 16:00:00,2025,11,11,16,7.1,61.45,1.49,1.95,24.71,16.6,88.19
Karnali_Center,29.267,82.183,2025111117,2025-11-11 17:00:00,2025,11,11,17,5.64,57.39,1.21,1.45,20.64,0.0,90.0
Karnali_Center,29.267,82.183,2025111118,2025-11-11 18:00:00,2025,11,11,18,4.77,61.15,1.14,1.32,20.65,0.0,90.0
Karnali_Center,29.267,82.183,2025111119,2025-11-11 19:00:00,2025,11,11,19,3.71,63.87,1.51,1.69,20.82,0.0,90.0
Karnali_Center,29.267,82.183,2025111120,2025-11-11 20:00:00,2025,11,11,20,3.04,62.88,1.79,1.97,20.98,0.0,90.0
Karnali_Center,29.267,82.183,2025111121,2025-11-11 21:00:00,2025,11,11,21,2.25,61.37,2.0,2.18,26.91,0.0,90.0
Karnali_Center,29.267,82.183,2025111122,2025-11-11 22:00:00,2025,11,11,22,1.6,58.72,2.19,2.37,25.22,0.0,90.0
Karnali_Center,29.267,82.183,2025111123,2025-11-11 23:00:00,2025,11,11,23,0.96,56.35,2.35,2.52,24.02,0.0,90.0
Karnali_Center,29.267,82.183,2025111200,2025-11-12 00:00:00,2025,11,12,0,0.35,54.45,2.5,2.67,25.59,0.0,90.0
Karnali_Center,29.267,82.183,2025111201,2025-11-12 01:00:00,2025,11,12,1,-0.21,53.15,2.64,2.8,15.48,0.0,90.0
Karnali_Center,29.267,82.183,2025111202,2025-11-12 02:00:00,2025,11,12,2,-0.57,51.57,2.72,2.87,26.06,0.0,90.0
Karnali_Center,29.267,82.183,2025111203,2025-11-12 03:00:00,2025,11,12,3,-0.68,49.64,2.74,2.89,35.15,0.0,90.0
Karnali_Center,29.267,82.183,2025111204,2025-11-12 04:00:00,2025,11,12,4,-0.6,47.33,2.7,2.86,37.63,0.0,90.0
Karnali_Center,29.267,82.183,2025111205,2025-11-12 05:00:00,2025,11,12,5,-0.45,44.99,2.65,2.83,33.89,0.0,90.0
Karnali_Center,29.267,82.183,2025111206,2025-11-12 06:00:00,2025,11,12,6,0.36,45.57,2.49,2.71,28.32,93.45,83.14
Karnali_Center,29.267,82.183,2025111207,2025-11-12 07:00:00,2025,11,12,7,4.72,54.63,1.97,2.37,32.25,276.92,71.82
Karnali_Center,29.267,82.183,2025111208,2025-11-12 08:00:00,2025,11,12,8,8.6,27.27,1.13,1.02,28.65,459.58,61.73
Karnali_Center,29.267,82.183,2025111209,2025-11-12 09:00:00,2025,11,12,9,11.47,20.54,1.73,1.6,5.73,611.1,53.66
Karnali_Center,29.267,82.183,2025111210,2025-11-12 10:00:00,2025,11,12,10,12.6,19.93,2.83,2.43,29.31,675.88,48.62
Karnali_Center,29.267,82.183,2025111211,2025-11-12 11:00:00,2025,11,12,11,12.98,22.3,3.43,2.95,46.72,664.25,47.61
Karnali_Center,29.267,82.183,2025111212,2025-11-12 12:00:00,2025,11,12,12,12.94,25.21,3.73,3.21,53.26,598.05,50.87
Karnali_Center,29.267,82.183,2025111213,2025-11-12 13:00:00,2025,11,12,13,12.52,28.45,3.67,3.18,42.25,539.12,57.67
Karnali_Center,29.267,82.183,2025111214,2025-11-12 14:00:00,2025,11,12,14,11.71,32.02,3.17,2.79,42.05,349.4,66.93
Karnali_Center,29.267,82.183,2025111215,2025-11-12 15:00:00,2025,11,12,15,10.38,37.46,2.44,2.29,30.72,178.07,77.76
Karnali_Center,29.267,82.183,2025111216,2025-11-12 16:00:00,2025,11,12,16,7.37,59.15,1.22,1.56,30.33,15.65,88.26
Karnali_Center,29.267,82.183,2025111217,2025-11-12 17:00:00,2025,11,12,17,6.16,53.21,0.64,0.71,26.75,0.0,90.0
Karnali_Center,29.267,82.183,2025111218,2025-11-12 18:00:00,2025,11,12,18,5.02,57.22,0.98,1.03,23.14,0.0,90.0
Karnali_Center,29.267,82.183,2025111219,2025-11-12 19:00:00,2025,11,12,19,3.4,62.35,1.49,1.63,26.75,0.0,90.0
Karnali_Center,29.267,82.183,2025111220,2025-11-12 20:00:00,2025,11,12,20,2.97,60.47,1.78,1.93,29.23,0.0,90.0
Karnali_Center,29.267,82.183,2025111221,2025-11-12 21:00:00,2025,11,12,21,2.05,60.32,2.0,2.19,28.12,0.0,90.0
Karnali_Center,29.267,82.183,2025111222,2025-11-12 22:00:00,2025,11,12,22,1.16,60.12,2.21,2.42,26.4,0.0,90.0
Karnali_Center,29.267,82.183,2025111223,2025-11-12 23:00:00,2025,11,12,23,0.27,60.39,2.4,2.63,26.93,0.0,90.0
Karnali_Center,29.267,82.183,2025111300,2025-11-13 00:00:00,2025,11,13,0,-0.58,61.61,2.59,2.82,26.15,0.0,90.0
Karnali_Center,29.267,82.183,2025111301,2025-11-13 01:00:00,2025,11,13,1,-1.27,62.48,2.72,2.94,10.76,0.0,90.0
Karnali_Center,29.267,82.183,2025111302,2025-11-13 02:00:00,2025,11,13,2,-1.65,62.08,2.76,2.96,30.8,0.0,90.0
Karnali_Center,29.267,82.183,2025111303,2025-11-13 03:00:00,2025,11,13,3,-1.76,60.67,2.74,2.93,30.04,0.0,90.0
Karnali_Center,29.267,82.183,2025111304,2025-11-13 04:00:00,2025,11,13,4,-1.81,58.95,2.69,2.89,35.48,0.0,90.0
Karnali_Center,29.267,82.183,2025111305,2025-11-13 05:00:00,2025,11,13,5,-1.71,56.3,2.61,2.8,24.11,0.0,90.0
Karnali_Center,29.267,82.183,2025111306,2025-11-13 06:00:00,2025,11,13,6,-0.84,55.45,2.39,2.61,27.88,92.93,83.32
Karnali_Center,29.267,82.183,2025111307,2025-11-13 07:00:00,2025,11,13,7,3.62,54.39,1.93,2.18,39.58,269.23,72.02
Karnali_Center,29.267,82.183,2025111308,2025-11-13 08:00:00,2025,11,13,8,7.4,31.87,1.14,1.1,45.07,425.58,61.96
Karnali_Center,29.267,82.183,2025111309,2025-11-13 09:00:00,2025,11,13,9,10.46,23.54,2.4,2.24,49.75,550.9,53.91
Karnali_Center,29.267,82.183,2025111310,2025-11-13 10:00:00,2025,11,13,10,11.44,24.11,3.16,2.79,46.61,633.97,48.89
Karnali_Center,29.267,82.183,2025111311,2025-11-13 11:00:00,2025,11,13,11,11.9,26.2,3.69,3.22,51.93,645.83,47.87
Karnali_Center,29.267,82.183,2025111312,2025-11-13 12:00:00,2025,11,13,12,11.92,28.96,3.95,3.43,38.6,642.05,51.1
Karnali_Center,29.267,82.183,2025111313,2025-11-13 13:00:00,2025,11,13,13,11.5,32.14,3.96,3.46,55.96,450.0,57.86
Karnali_Center,29.267,82.183,2025111314,2025-11-13 14:00:00,2025,11,13,14,10.66,35.86,3.59,3.2,48.02,313.8,67.09
Karnali_Center,29.267,82.183,2025111315,2025-11-13 15:00:00,2025,11,13,15,9.32,41.09,2.96,2.76,33.09,166.05,77.89
Karnali_Center,29.267,82.183,2025111316,2025-11-13 16:00:00,2025,11,13,16,6.08,64.38,1.6,1.99,30.06,13.45,88.32
Karnali_Center,29.267,82.183,2025111317,2025-11-13 17:00:00,2025,11,13,17,4.72,63.94,1.01,1.22,18.74,0.0,90.0
Karnali_Center,29.267,82.183,2025111318,2025-11-13 18:00:00,2025,11,13,18,4.43,66.53,0.43,0.49,20.99,0.0,90.0
Karnali_Center,29.267,82.183,2025111319,2025-11-13 19:00:00,2025,11,13,19,3.54,71.29,0.89,0.97,27.79,0.0,90.0
Karnali_Center,29.267,82.183,2025111320,2025-11-13 20:00:00,2025,11,13,20,2.14,77.14,1.32,1.52,27.25,0.0,90.0
Karnali_Center,29.267,82.183,2025111321,2025-11-13 21:00:00,2025,11,13,21,1.67,76.58,1.64,1.84,25.9,0.0,90.0
Karnali_Center,29.267,82.183,2025111322,2025-11-13 22:00:00,2025,11,13,22,1.17,75.53,1.83,2.02,25.8,0.0,90.0
Karnali_Center,29.267,82.183,2025111323,2025-11-13 23:00:00,2025,11,13,23,0.57,74.48,1.96,2.14,27.01,0.0,90.0
Karnali_Center,29.267,82.183,2025111400,2025-11-14 00:00:00,2025,11,14,0,-0.09,73.22,2.13,2.3,28.65,0.0,90.0
Karnali_Center,29.267,82.183,2025111401,2025-11-14 01:00:00,2025,11,14,1,-0.69,71.1,2.29,2.46,17.91,0.0,90.0
Karnali_Center,29.267,82.183,2025111402,2025-11-14 02:00:00,2025,11,14,2,-1.16,67.67,2.43,2.57,26.67,0.0,90.0
Karnali_Center,29.267,82.183,2025111403,2025-11-14 03:00:00,2025,11,14,3,-1.54,63.41,2.53,2.66,29.81,0.0,90.0
Karnali_Center,29.267,82.183,2025111404,2025-11-14 04:00:00,2025,11,14,4,-1.98,61.13,2.64,2.77,31.05,0.0,90.0
Karnali_Center,29.267,82.183,2025111405,2025-11-14 05:00:00,2025,11,14,5,-2.59,60.39,2.78,2.92,29.3,0.0,90.0
Karnali_Center,29.267,82.183,2025111406,2025-11-14 06:00:00,2025,11,14,6,-2.51,62.6,2.87,3.1,24.39,84.72,83.51
Karnali_Center,29.267,82.183,2025111407,2025-11-14 07:00:00,2025,11,14,7,2.18,49.77,3.15,3.01,30.22,273.58,72.21
Karnali_Center,29.267,82.183,2025111408,2025-11-14 08:00:00,2025,11,14,8,6.31,31.32,2.52,2.19,26.29,450.7,62.18
Karnali_Center,29.267,82.183,2025111409,2025-11-14 09:00:00,2025,11,14,9,9.7,22.46,1.0,0.98,22.61,601.1,54.16
Karnali_Center,29.267,82.183,2025111410,2025-11-14 10:00:00,2025,11,14,10,11.15,21.78,2.06,1.54,20.59,707.22,49.15
Karnali_Center,29.267,82.183,2025111411,2025-11-14 11:00:00,2025,11,14,11,11.91,23.1,2.89,2.24,42.15,706.9,48.13
Karnali_Center,29.267,82.183,2025111412,2025-11-14 12:00:00,2025,11,14,12,12.09,25.35,3.33,2.66,43.49,619.0,51.33
Karnali_Center,29.267,82.183,2025111413,2025-11-14 13:00:00,2025,11,14,13,11.73,28.37,3.44,2.81,54.7,464.62,58.06
Karnali_Center,29.267,82.183,2025111414,2025-11-14 14:00:00,2025,11,14,14,10.86,32.45,3.21,2.71,49.23,318.15,67.25
Karnali_Center,29.267,82.183,2025111415,2025-11-14 15:00:00,2025,11,14,15,9.35,39.14,2.57,2.33,36.51,163.62,78.02
Karnali_Center,29.267,82.183,2025111416,2025-11-14 16:00:00,2025,11,14,16,6.2,60.33,1.31,1.6,33.92,13.65,88.37
Karnali_Center,29.267,82.183,2025111417,2025-11-14 17:00:00,2025,11,14,17,4.85,58.14,0.64,0.76,26.07,0.0,90.0
Karnali_Center,29.267,82.183,2025111418,2025-11-14 18:00:00,2025,11,14,18,3.58,63.01,1.05,1.17,24.94,0.0,90.0
Karnali_Center,29.267,82.183,2025111419,2025-11-14 19:00:00,2025,11,14,19,2.28,65.11,1.67,1.85,26.75,0.0,90.0
Karnali_Center,29.267,82.183,2025111420,2025-11-14 20:00:00,2025,11,14,20,1.6,61.96,1.97,2.13,33.59,0.0,90.0
Karnali_Center,29.267,82.183,2025111421,2025-11-14 21:00:00,2025,11,14,21,0.99,57.69,2.12,2.29,28.11,0.0,90.0
Karnali_Center,29.267,82.183,2025111422,2025-11-14 22:00:00,2025,11,14,22,0.56,52.41,2.23,2.38,30.59,0.0,90.0
Karnali_Center,29.267,82.183,2025111423,2025-11-14 23:00:00,2025,11,14,23,0.26,47.23,2.3,2.43,30.63,0.0,90.0
Karnali_Center,29.267,82.183,2025111500,2025-11-15 00:00:00,2025,11,15,0,0.04,42.88,2.34,2.47,13.29,0.0,90.0
Karnali_Center,29.267,82.183,2025111501,2025-11-15 01:00:00,2025,11,15,1,-0.06,39.98,2.36,2.49,34.86,0.0,90.0
Karnali_Center,29.267,82.183,2025111502,2025-11-15 02:00:00,2025,11,15,2,-0.08,37.57,2.39,2.52,36.1,0.0,90.0
Karnali_Center,29.267,82.183,2025111503,2025-11-15 03:00:00,2025,11,15,3,0.02,35.38,2.36,2.49,41.14,0.0,90.0
Karnali_Center,29.267,82.183,2025111504,2025-11-15 04:00:00,2025,11,15,4,0.29,32.11,2.22,2.34,47.36,0.0,90.0
Karnali_Center,29.267,82.183,2025111505,2025-11-15 05:00:00,2025,11,15,5,0.33,30.37,2.11,2.25,34.8,0.0,90.0
Karnali_Center,29.267,82.183,2025111506,2025-11-15 06:00:00,2025,11,15,6,0.8,31.7,2.02,2.19,25.74,85.7,83.69
Karnali_Center,29.267,82.183,2025111507,2025-11-15 07:00:00,2025,11,15,7,4.31,49.92,1.65,2.01,28.01,278.5,72.41
Karnali_Center,29.267,82.183,2025111508,2025-11-15 08:00:00,2025,11,15,8,8.42,20.09,0.86,0.9,24.91,458.95,62.4
Karnali_Center,29.267,82.183,2025111509,2025-11-15 09:00:00,2025,11,15,9,10.65,18.84,1.65,1.37,21.23,607.83,54.4
Karnali_Center,29.267,82.183,2025111510,2025-11-15 10:00:00,2025,11,15,10,11.71,21.09,2.64,2.14,20.99,708.72,49.41
Karnali_Center,29.267,82.183,2025111511,2025-11-15 11:00:00,2025,11,15,11,12.25,23.92,3.3,2.71,46.49,678.15,48.38
Karnali_Center,29.267,82.183,2025111512,2025-11-15 12:00:00,2025,11,15,12,12.27,27.28,3.74,3.1,33.58,678.08,51.56
Karnali_Center,29.267,82.183,2025111513,2025-11-15 13:00:00,2025,11,15,13,11.82,31.42,3.83,3.22,53.44,477.85,58.24
Karnali_Center,29.267,82.183,2025111514,2025-11-15 14:00:00,2025,11,15,14,10.94,36.31,3.48,2.99,45.74,330.85,67.4
Karnali_Center,29.267,82.183,2025111515,2025-11-15 15:00:00,2025,11,15,15,9.5,43.39,2.79,2.56,30.39,167.2,78.14
Karnali_Center,29.267,82.183,2025111516,2025-11-15 16:00:00,2025,11,15,16,6.24,65.0,1.43,1.77,29.98,12.5,88.43
Karnali_Center,29.267,82.183,2025111517,2025-11-15 17:00:00,2025,11,15,17,5.11,63.11,0.83,0.97,21.7,0.0,90.0
Karnali_Center,29.267,82.183,2025111518,2025-11-15 18:00:00,2025,11,15,18,4.39,66.41,0.89,0.96,26.63,0.0,90.0
Karnali_Center,29.267,82.183,2025111519,2025-11-15 19:00:00,2025,11,15,19,2.78,71.95,1.4,1.58,24.72,0.0,90.0
Karnali_Center,29.267,82.183,2025111520,2025-11-15 20:00:00,2025,11,15,20,2.1,70.66,1.63,1.83,31.53,0.0,90.0
Karnali_Center,29.267,82.183,2025111521,2025-11-15 21:00:00,2025,11,15,21,1.73,66.71,1.77,1.95,24.26,0.0,90.0
Karnali_Center,29.267,82.183,2025111522,2025-11-15 22:00:00,2025,11,15,22,1.43,62.01,1.87,2.04,26.39,0.0,90.0
Karnali_Center,29.267,82.183,2025111523,2025-11-15 23:00:00,2025,11,15,23,1.05,57.92,1.96,2.12,26.16,0.0,90.0
Karnali_Center,29.267,82.183,2025111600,2025-11-16 00:00:00,2025,11,16,0,0.72,53.91,2.02,2.16,16.86,0.0,90.0
Karnali_Center,29.267,82.183,2025111601,2025-11-16 01:00:00,2025,11,16,1,0.57,49.94,2.07,2.19,26.01,0.0,90.0
Karnali_Center,29.267,82.183,2025111602,2025-11-16 02:00:00,2025,11,16,2,0.55,46.18,2.11,2.22,9.05,0.0,90.0
Karnali_Center,29.267,82.183,2025111603,2025-11-16 03:00:00,2025,11,16,3,0.53,43.32,2.16,2.26,29.63,0.0,90.0
Karnali_Center,29.267,82.183,2025111604,2025-11-16 04:00:00,2025,11,16,4,0.24,42.02,2.27,2.36,32.69,0.0,90.0
Karnali_Center,29.267,82.183,2025111605,2025-11-16 05:00:00,2025,11,16,5,-0.27,42.58,2.44,2.51,25.85,0.0,90.0
Karnali_Center,29.267,82.183,2025111606,2025-11-16 06:00:00,2025,11,16,6,-0.27,46.89,2.55,2.68,20.28,81.55,83.87
Karnali_Center,29.267,82.183,2025111607,2025-11-16 07:00:00,2025,11,16,7,3.65,54.2,2.56,2.64,16.05,295.98,72.61
Karnali_Center,29.267,82.183,2025111608,2025-11-16 08:00:00,2025,11,16,8,7.88,28.66,2.46,2.16,17.26,474.88,62.62
Karnali_Center,29.267,82.183,2025111609,2025-11-16 09:00:00,2025,11,16,9,11.72,22.74,0.88,1.26,22.24,587.42,54.64
Karnali_Center,29.267,82.183,2025111610,2025-11-16 10:00:00,2025,11,16,10,13.83,21.41,0.83,0.22,25.96,683.05,49.66
Karnali_Center,29.267,82.183,2025111611,2025-11-16 11:00:00,2025,11,16,11,14.77,22.2,2.16,1.51,33.62,718.8,48.63
Karnali_Center,29.267,82.183,2025111612,2025-11-16 12:00:00,2025,11,16,12,15.03,23.65,3.0,2.34,55.27,591.78,51.77
Karnali_Center,29.267,82.183,2025111613,2025-11-16 13:00:00,2025,11,16,13,14.74,26.08,3.42,2.81,44.43,536.78,58.42
Karnali_Center,29.267,82.183,2025111614,2025-11-16 14:00:00,2025,11,16,14,13.87,29.86,3.38,2.9,42.01,344.05,67.54
Karnali_Center,29.267,82.183,2025111615,2025-11-16 15:00:00,2025,11,16,15,12.0,39.28,2.88,2.81,28.0,168.4,78.26
Karnali_Center,29.267,82.183,2025111616,2025-11-16 16:00:00,2025,11,16,16,8.04,62.53,1.61,2.11,27.74,13.1,88.48
Karnali_Center,29.267,82.183,2025111617,2025-11-16 17:00:00,2025,11,16,17,6.59,61.96,0.68,0.9,21.6,0.0,90.0
Karnali_Center,29.267,82.183,2025111618,2025-11-16 18:00:00,2025,11,16,18,5.78,65.3,0.83,0.85,26.47,0.0,90.0
Karnali_Center,29.267,82.183,2025111619,2025-11-16 19:00:00,2025,11,16,19,4.13,67.22,1.73,1.79,27.74,0.0,90.0
Karnali_Center,29.267,82.183,2025111620,2025-11-16 20:00:00,2025,11,16,20,3.87,58.68,2.11,2.15,23.57,0.0,90.0
Karnali_Center,29.267,82.183,2025111621,2025-11-16 21:00:00,2025,11,16,21,3.79,50.04,2.21,2.22,25.08,0.0,90.0
Karnali_Center,29.267,82.183,2025111622,2025-11-16 22:00:00,2025,11,16,22,3.52,43.47,2.32,2.32,25.87,0.0,90.0
Karnali_Center,29.267,82.183,2025111623,2025-11-16 23:00:00,2025,11,16,23,2.76,39.63,2.52,2.49,26.81,0.0,90.0
Karnali_Center,29.267,82.183,2025111700,2025-11-17 00:00:00,2025,11,17,0,1.53,38.49,2.82,2.82,21.82,0.0,90.0
Karnali_Center,29.267,82.183,2025111701,2025-11-17 01:00:00,2025,11,17,1,-0.07,40.56,3.19,3.25,12.49,0.0,90.0
Karnali_Center,29.267,82.183,2025111702,2025-11-17 02:00:00,2025,11,17,2,-1.65,45.56,3.57,3.78,21.11,0.0,90.0
Karnali_Center,29.267,82.183,2025111703,2025-11-17 03:00:00,2025,11,17,3,-2.58,49.72,3.79,4.16,26.0,0.0,90.0
Karnali_Center,29.267,82.183,2025111704,2025-11-17 04:00:00,2025,11,17,4,-3.04,52.17,3.86,4.36,29.01,0.0,90.0
Karnali_Center,29.267,82.183,2025111705,2025-11-17 05:00:00,2025,11,17,5,-3.25,53.38,3.83,4.42,27.39,0.0,90.0
Karnali_Center,29.267,82.183,2025111706,2025-11-17 06:00:00,2025,11,17,6,-2.53,54.5,3.69,4.37,23.12,76.57,84.05
Karnali_Center,29.267,82.183,2025111707,2025-11-17 07:00:00,2025,11,17,7,3.32,46.21,3.32,3.94,18.6,283.52,72.8
Karnali_Center,29.267,82.183,2025111708,2025-11-17 08:00:00,2025,11,17,8,8.09,27.94,3.51,2.87,14.59,438.02,62.84
Karnali_Center,29.267,82.183,2025111709,2025-11-17 09:00:00,2025,11,17,9,12.25,21.48,1.26,1.26,9.67,578.9,54.88
Karnali_Center,29.267,82.183,2025111710,2025-11-17 10:00:00,2025,11,17,10,14.32,19.96,1.92,1.46,30.21,651.78,49.91
Karnali_Center,29.267,82.183,2025111711,2025-11-17 11:00:00,2025,11,17,11,14.79,22.32,2.88,2.24,45.76,659.4,48.87
Karnali_Center,29.267,82.183,2025111712,2025-11-17 12:00:00,2025,11,17,12,14.65,25.36,3.37,2.65,55.44,584.5,51.99
Karnali_Center,29.267,82.183,2025111713,2025-11-17 13:00:00,2025,11,17,13,14.01,29.39,3.54,2.84,41.99,520.72,58.6
Karnali_Center,29.267,82.183,2025111714,2025-11-17 14:00:00,2025,11,17,14,12.81,34.99,3.35,2.79,40.73,329.42,67.68
Karnali_Center,29.267,82.183,2025111715,2025-11-17 15:00:00,2025,11,17,15,10.76,45.26,2.53,2.39,29.0,159.27,78.37
Karnali_Center,29.267,82.183,2025111716,2025-11-17 16:00:00,2025,11,17,16,7.27,65.01,1.32,1.59,28.44,11.35,88.52
Karnali_Center,29.267,82.183,2025111717,2025-11-17 17:00:00,2025,11,17,17,5.84,65.78,0.6,0.67,24.81,0.0,90.0
Karnali_Center,29.267,82.183,2025111718,2025-11-17 18:00:00,2025,11,17,18,4.21,72.2,1.43,1.62,23.05,0.0,90.0
Karnali_Center,29.267,82.183,2025111719,2025-11-17 19:00:00,2025,11,17,19,3.54,70.71,1.87,2.09,23.41,0.0,90.0
Karnali_Center,29.267,82.183,2025111720,2025-11-17 20:00:00,2025,11,17,20,3.31,66.19,1.95,2.17,21.3,0.0,90.0
Karnali_Center,29.267,82.183,2025111721,2025-11-17 21:00:00,2025,11,17,21,3.18,61.81,1.94,2.15,22.65,0.0,90.0
Karnali_Center,29.267,82.183,2025111722,2025-11-17 22:00:00,2025,11,17,22,3.21,57.59,1.87,2.07,19.04,0.0,90.0
Karnali_Center,29.267,82.183,2025111723,2025-11-17 23:00:00,2025,11,17,23,3.01,55.33,1.8,2.0,19.91,0.0,90.0
Karnali_Center,29.267,82.183,2025111800,2025-11-18 00:00:00,2025,11,18,0,3.06,52.21,1.88,2.06,19.75,0.0,90.0
Karnali_Center,29.267,82.183,2025111801,2025-11-18 01:00:00,2025,11,18,1,2.98,50.03,1.94,2.13,9.86,0.0,90.0
Karnali_Center,29.267,82.183,2025111802,2025-11-18 02:00:00,2025,11,18,2,2.87,47.92,1.94,2.14,20.38,0.0,90.0
Karnali_Center,29.267,82.183,2025111803,2025-11-18 03:00:00,2025,11,18,3,2.65,46.32,1.84,2.05,18.49,0.0,90.0
Karnali_Center,29.267,82.183,2025111804,2025-11-18 04:00:00,2025,11,18,4,2.85,43.5,1.77,1.97,19.24,0.0,90.0
Karnali_Center,29.267,82.183,2025111805,2025-11-18 05:00:00,2025,11,18,5,3.05,41.23,1.75,1.93,19.06,0.0,90.0
Karnali_Center,29.267,82.183,2025111806,2025-11-18 06:00:00,2025,11,18,6,3.61,40.97,1.72,1.91,14.8,71.9,84.22
Karnali_Center,29.267,82.183,2025111807,2025-11-18 07:00:00,2025,11,18,7,7.17,53.27,1.56,1.82,11.72,281.48,72.99
Karnali_Center,29.267,82.183,2025111808,2025-11-18 08:00:00,2025,11,18,8,11.33,31.19,1.37,1.58,20.04,459.77,63.05
Karnali_Center,29.267,82.183,2025111809,2025-11-18 09:00:00,2025,11,18,9,13.44,28.88,2.19,1.94,15.07,626.88,55.11
Karnali_Center,29.267,82.183,2025111810,2025-11-18 10:00:00,2025,11,18,10,14.47,29.81,3.02,2.49,27.66,668.72,50.15
Karnali_Center,29.267,82.183,2025111811,2025-11-18 11:00:00,2025,11,18,11,14.89,31.64,3.73,3.08,40.41,692.3,49.1
Karnali_Center,29.267,82.183,2025111812,2025-11-18 12:00:00,2025,11,18,12,14.77,34.33,4.18,3.51,44.81,618.72,52.19
Karnali_Center,29.267,82.183,2025111813,2025-11-18 13:00:00,2025,11,18,13,14.13,38.05,4.26,3.64,51.29,475.9,58.77
Karnali_Center,29.267,82.183,2025111814,2025-11-18 14:00:00,2025,11,18,14,12.94,43.2,3.88,3.39,43.73,315.92,67.82
Karnali_Center,29.267,82.183,2025111815,2025-11-18 15:00:00,2025,11,18,15,11.1,50.96,2.88,2.68,29.26,155.7,78.47
Karnali_Center,29.267,82.183,2025111816,2025-11-18 16:00:00,2025,11,18,16,7.76,70.16,1.34,1.65,26.13,11.18,88.57
Karnali_Center,29.267,82.183,2025111817,2025-11-18 17:00:00,2025,11,18,17,6.29,71.33,0.69,0.79,18.42,0.0,90.0
Karnali_Center,29.267,82.183,2025111818,2025-11-18 18:00:00,2025,11,18,18,4.74,77.98,1.49,1.69,16.56,0.0,90.0
Karnali_Center,29.267,82.183,2025111819,2025-11-18 19:00:00,2025,11,18,19,3.98,78.71,1.88,2.08,20.01,0.0,90.0
Karnali_Center,29.267,82.183,2025111820,2025-11-18 20:00:00,2025,11,18,20,3.49,77.05,2.04,2.25,18.18,0.0,90.0
Karnali_Center,29.267,82.183,2025111821,2025-11-18 21:00:00,2025,11,18,21,3.17,73.98,2.12,2.33,17.59,0.0,90.0
Karnali_Center,29.267,82.183,2025111822,2025-11-18 22:00:00,2025,11,18,22,3.06,69.82,2.09,2.29,17.52,0.0,90.0
Karnali_Center,29.267,82.183,2025111823,2025-11-18 23:00:00,2025,11,18,23,3.03,65.37,1.99,2.18,16.77,0.0,90.0
Karnali_Center,29.267,82.183,2025111900,2025-11-19 00:00:00,2025,11,19,0,3.0,61.38,1.88,2.08,17.4,0.0,90.0
Karnali_Center,29.267,82.183,2025111901,2025-11-19 01:00:00,2025,11,19,1,2.81,58.49,1.78,1.99,10.48,0.0,90.0
Karnali_Center,29.267,82.183,2025111902,2025-11-19 02:00:00,2025,11,19,2,2.84,55.13,1.61,1.81,19.08,0.0,90.0
Karnali_Center,29.267,82.183,2025111903,2025-11-19 03:00:00,2025,11,19,3,3.17,51.01,1.47,1.64,19.22,0.0,90.0
Karnali_Center,29.267,82.183,2025111904,2025-11-19 04:00:00,2025,11,19,4,3.83,46.11,1.36,1.47,19.2,0.0,90.0
Karnali_Center,29.267,82.183,2025111905,2025-11-19 05:00:00,2025,11,19,5,3.89,43.95,1.23,1.31,20.51,0.0,90.0
Karnali_Center,29.267,82.183,2025111906,2025-11-19 06:00:00,2025,11,19,6,4.09,43.66,1.12,1.21,16.02,64.72,84.39
Karnali_Center,29.267,82.183,2025111907,2025-11-19 07:00:00,2025,11,19,7,6.13,52.51,0.92,1.0,12.7,268.1,73.19
Karnali_Center,29.267,82.183,2025111908,2025-11-19 08:00:00,2025,11,19,8,8.87,44.48,1.46,1.44,21.05,445.12,63.26
Karnali_Center,29.267,82.183,2025111909,2025-11-19 09:00:00,2025,11,19,9,10.73,43.58,2.56,2.08,15.47,610.53,55.34
Karnali_Center,29.267,82.183,2025111910,2025-11-19 10:00:00,2025,11,19,10,11.95,44.98,3.4,2.7,20.51,670.0,50.39
Karnali_Center,29.267,82.183,2025111911,2025-11-19 11:00:00,2025,11,19,11,12.57,47.42,4.02,3.21,34.1,696.42,49.33
Karnali_Center,29.267,82.183,2025111912,2025-11-19 12:00:00,2025,11,19,12,12.61,50.96,4.32,3.52,37.0,611.28,52.39
Karnali_Center,29.267,82.183,2025111913,2025-11-19 13:00:00,2025,11,19,13,12.08,55.68,4.18,3.45,45.9,464.65,58.93
Karnali_Center,29.267,82.183,2025111914,2025-11-19 14:00:00,2025,11,19,14,11.18,60.28,3.65,3.05,38.99,298.7,67.95
Karnali_Center,29.267,82.183,2025111915,2025-11-19 15:00:00,2025,11,19,15,9.83,66.72,2.93,2.55,22.83,145.57,78.57
Karnali_Center,29.267,82.183,2025111916,2025-11-19 16:00:00,2025,11,19,16,7.02,85.1,1.51,1.86,20.96,10.2,88.61
Karnali_Center,29.267,82.183,2025111917,2025-11-19 17:00:00,2025,11,19,17,5.81,92.67,0.84,1.04,13.44,0.0,90.0
Karnali_Center,29.267,82.183,2025111918,2025-11-19 18:00:00,2025,11,19,18,5.72,94.66,0.42,0.51,18.1,0.0,90.0
Karnali_Center,29.267,82.183,2025111919,2025-11-19 19:00:00,2025,11,19,19,5.3,96.84,0.67,0.76,15.2,0.0,90.0
Karnali_Center,29.267,82.183,2025111920,2025-11-19 20:00:00,2025,11,19,20,4.41,100.0,1.08,1.25,18.45,0.0,90.0
Karnali_Center,29.267,82.183,2025111921,2025-11-19 21:00:00,2025,11,19,21,3.81,99.72,1.33,1.51,17.05,0.0,90.0
Karnali_Center,29.267,82.183,2025111922,2025-11-19 22:00:00,2025,11,19,22,3.35,97.04,1.4,1.58,21.53,0.0,90.0
Karnali_Center,29.267,82.183,2025111923,2025-11-19 23:00:00,2025,11,19,23,3.11,92.32,1.38,1.56,18.26,0.0,90.0
Karnali_Center,29.267,82.183,2025112000,2025-11-20 00:00:00,2025,11,20,0,3.07,86.96,1.34,1.5,19.83,0.0,90.0
Karnali_Center,29.267,82.183,2025112001,2025-11-20 01:00:00,2025,11,20,1,3.25,80.92,1.25,1.39,28.54,0.0,90.0
Karnali_Center,29.267,82.183,2025112002,2025-11-20 02:00:00,2025,11,20,2,3.31,76.7,1.21,1.37,43.31,0.0,90.0
Karnali_Center,29.267,82.183,2025112003,2025-11-20 03:00:00,2025,11,20,3,3.25,74.19,1.21,1.37,60.89,0.0,90.0
Karnali_Center,29.267,82.183,2025112004,2025-11-20 04:00:00,2025,11,20,4,3.52,70.9,1.18,1.31,26.59,0.0,90.0
Karnali_Center,29.267,82.183,2025112005,2025-11-20 05:00:00,2025,11,20,5,3.61,69.77,1.07,1.18,30.54,0.0,90.0
Karnali_Center,29.267,82.183,2025112006,2025-11-20 06:00:00,2025,11,20,6,3.72,70.3,0.97,1.1,21.96,67.6,84.56
Karnali_Center,29.267,82.183,2025112007,2025-11-20 07:00:00,2025,11,20,7,5.78,70.82,1.01,1.12,13.63,277.55,73.38
Karnali_Center,29.267,82.183,2025112008,2025-11-20 08:00:00,2025,11,20,8,8.21,69.85,1.84,1.71,20.66,451.12,63.47
Karnali_Center,29.267,82.183,2025112009,2025-11-20 09:00:00,2025,11,20,9,9.99,64.14,2.79,2.29,3.73,642.83,55.57
Karnali_Center,29.267,82.183,2025112010,2025-11-20 10:00:00,2025,11,20,10,11.14,60.34,3.39,2.74,19.22,691.3,50.63
Karnali_Center,29.267,82.183,2025112011,2025-11-20 11:00:00,2025,11,20,11,11.66,59.26,3.89,3.14,36.53,689.0,49.55
Karnali_Center,29.267,82.183,2025112012,2025-11-20 12:00:00,2025,11,20,12,11.59,59.81,4.16,3.41,34.22,631.72,52.58
Karnali_Center,29.267,82.183,2025112013,2025-11-20 13:00:00,2025,11,20,13,11.04,61.56,4.14,3.43,51.87,463.77,59.09
Karnali_Center,29.267,82.183,2025112014,2025-11-20 14:00:00,2025,11,20,14,10.03,64.9,3.75,3.16,43.4,311.92,68.07
Karnali_Center,29.267,82.183,2025112015,2025-11-20 15:00:00,2025,11,20,15,8.72,70.27,3.17,2.77,27.41,149.43,78.67
Karnali_Center,29.267,82.183,2025112016,2025-11-20 16:00:00,2025,11,20,16,6.1,87.14,1.81,2.22,26.15,10.1,88.64
Karnali_Center,29.267,82.183,2025112017,2025-11-20 17:00:00,2025,11,20,17,4.63,98.44,1.25,1.67,16.91,0.0,90.0
Karnali_Center,29.267,82.183,2025112018,2025-11-20 18:00:00,2025,11,20,18,4.33,100.0,1.14,1.52,19.47,0.0,90.0
Karnali_Center,29.267,82.183,2025112019,2025-11-20 19:00:00,2025,11,20,19,4.02,100.0,1.22,1.6,17.56,0.0,90.0
Karnali_Center,29.267,82.183,2025112020,2025-11-20 20:00:00,2025,11,20,20,3.77,100.0,1.33,1.7,19.27,0.0,90.0
Karnali_Center,29.267,82.183,2025112021,2025-11-20 21:00:00,2025,11,20,21,3.72,100.0,1.38,1.71,19.41,0.0,90.0
Karnali_Center,29.267,82.183,2025112022,2025-11-20 22:00:00,2025,11,20,22,3.57,96.19,1.41,1.74,18.8,0.0,90.0
Karnali_Center,29.267,82.183,2025112023,2025-11-20 23:00:00,2025,11,20,23,3.3,93.99,1.41,1.69,23.06,0.0,90.0
Karnali_Center,29.267,82.183,2025112100,2025-11-21 00:00:00,2025,11,21,0,2.65,95.29,1.36,1.63,15.43,0.0,90.0
Karnali_Center,29.267,82.183,2025112101,2025-11-21 01:00:00,2025,11,21,1,2.25,95.47,1.34,1.59,19.31,0.0,90.0
Karnali_Center,29.267,82.183,2025112102,2025-11-21 02:00:00,2025,11,21,2,2.04,94.95,1.32,1.57,15.41,0.0,90.0
Karnali_Center,29.267,82.183,2025112103,2025-11-21 03:00:00,2025,11,21,3,1.6,96.16,1.36,1.6,16.41,0.0,90.0
Karnali_Center,29.267,82.183,2025112104,2025-11-21 04:00:00,2025,11,21,4,1.1,98.14,1.47,1.7,21.2,0.0,90.0
Karnali_Center,29.267,82.183,2025112105,2025-11-21 05:00:00,2025,11,21,5,0.79,98.82,1.59,1.8,18.11,0.0,90.0
Karnali_Center,29.267,82.183,2025112106,2025-11-21 06:00:00,2025,11,21,6,1.01,95.22,1.72,1.95,13.37,67.15,84.72
Karnali_Center,29.267,82.183,2025112107,2025-11-21 07:00:00,2025,11,21,7,4.39,79.48,1.74,1.85,10.3,280.8,73.57
Karnali_Center,29.267,82.183,2025112108,2025-11-21 08:00:00,2025,11,21,8,8.11,54.23,1.41,1.31,21.88,455.88,63.68
Karnali_Center,29.267,82.183,2025112109,2025-11-21 09:00:00,2025,11,21,9,10.18,42.98,2.51,2.08,17.97,620.2,55.79
Karnali_Center,29.267,82.183,2025112110,2025-11-21 10:00:00,2025,11,21,10,11.21,41.6,3.57,2.98,26.48,678.8,50.85
Karnali_Center,29.267,82.183,2025112111,2025-11-21 11:00:00,2025,11,21,11,11.62,43.58,4.34,3.67,35.32,713.92,49.77
Karnali_Center,29.267,82.183,2025112112,2025-11-21 12:00:00,2025,11,21,12,11.57,47.24,4.69,4.0,52.91,574.05,52.77
Karnali_Center,29.267,82.183,2025112113,2025-11-21 13:00:00,2025,11,21,13,11.07,51.34,4.6,3.98,53.9,449.33,59.24
Karnali_Center,29.267,82.183,2025112114,2025-11-21 14:00:00,2025,11,21,14,10.16,55.29,4.2,3.69,47.34,311.05,68.18
Karnali_Center,29.267,82.183,2025112115,2025-11-21 15:00:00,2025,11,21,15,8.79,61.34,3.58,3.26,32.35,158.48,78.75
Karnali_Center,29.267,82.183,2025112116,2025-11-21 16:00:00,2025,11,21,16,5.58,81.65,1.98,2.56,30.66,10.62,88.68
Karnali_Center,29.267,82.183,2025112117,2025-11-21 17:00:00,2025,11,21,17,3.68,94.74,1.58,1.98,23.79,0.0,90.0
Karnali_Center,29.267,82.183,2025112118,2025-11-21 18:00:00,2025,11,21,18,3.53,98.7,1.38,1.77,23.78,0.0,90.0
Karnali_Center,29.267,82.183,2025112119,2025-11-21 19:00:00,2025,11,21,19,3.16,100.0,1.43,1.78,27.4,0.0,90.0
Karnali_Center,29.267,82.183,2025112120,2025-11-21 20:00:00,2025,11,21,20,2.56,100.0,1.44,1.71,23.8,0.0,90.0
Karnali_Center,29.267,82.183,2025112121,2025-11-21 21:00:00,2025,11,21,21,2.19,100.0,1.43,1.68,23.14,0.0,90.0
Karnali_Center,29.267,82.183,2025112122,2025-11-21 22:00:00,2025,11,21,22,1.79,98.02,1.37,1.62,22.99,0.0,90.0
Karnali_Center,29.267,82.183,2025112123,2025-11-21 23:00:00,2025,11,21,23,1.28,96.46,1.33,1.56,23.57,0.0,90.0
Karnali_Center,29.267,82.183,2025112200,2025-11-22 00:00:00,2025,11,22,0,0.96,94.11,1.36,1.57,19.27,0.0,90.0
Karnali_Center,29.267,82.183,2025112201,2025-11-22 01:00:00,2025,11,22,1,0.8,91.08,1.51,1.7,10.77,0.0,90.0
Karnali_Center,29.267,82.183,2025112202,2025-11-22 02:00:00,2025,11,22,2,0.25,90.86,1.73,1.92,17.32,0.0,90.0
Karnali_Center,29.267,82.183,2025112203,2025-11-22 03:00:00,2025,11,22,3,-0.44,91.61,1.92,2.12,20.28,0.0,90.0
Karnali_Center,29.267,82.183,2025112204,2025-11-22 04:00:00,2025,11,22,4,-1.02,91.58,2.07,2.29,21.96,0.0,90.0
Karnali_Center,29.267,82.183,2025112205,2025-11-22 05:00:00,2025,11,22,5,-1.4,89.65,2.16,2.39,25.09,0.0,90.0
Karnali_Center,29.267,82.183,2025112206,2025-11-22 06:00:00,2025,11,22,6,-1.18,83.26,2.14,2.42,19.49,63.72,84.88
Karnali_Center,29.267,82.183,2025112207,2025-11-22 07:00:00,2025,11,22,7,2.7,69.67,2.05,2.21,13.96,275.42,73.75
Karnali_Center,29.267,82.183,2025112208,2025-11-22 08:00:00,2025,11,22,8,6.34,46.66,1.15,1.09,21.12,449.75,63.88
Karnali_Center,29.267,82.183,2025112209,2025-11-22 09:00:00,2025,11,22,9,9.11,29.64,2.02,1.73,17.22,613.67,56.01
Karnali_Center,29.267,82.183,2025112210,2025-11-22 10:00:00,2025,11,22,10,10.16,29.67,2.99,2.51,25.63,681.15,51.08
Karnali_Center,29.267,82.183,2025112211,2025-11-22 11:00:00,2025,11,22,11,10.66,32.81,3.72,3.13,44.89,670.95,49.98
Karnali_Center,29.267,82.183,2025112212,2025-11-22 12:00:00,2025,11,22,12,10.69,37.48,4.11,3.49,53.61,579.8,52.95
Karnali_Center,29.267,82.183,2025112213,2025-11-22 13:00:00,2025,11,22,13,10.29,42.8,4.07,3.5,45.39,515.97,59.38
Karnali_Center,29.267,82.183,2025112214,2025-11-22 14:00:00,2025,11,22,14,9.42,48.38,3.76,3.27,41.38,332.27,68.29
Karnali_Center,29.267,82.183,2025112215,2025-11-22 15:00:00,2025,11,22,15,7.97,55.53,3.15,2.84,27.15,160.45,78.84
Karnali_Center,29.267,82.183,2025112216,2025-11-22 16:00:00,2025,11,22,16,4.74,77.19,1.7,2.19,23.59,10.48,88.71
Karnali_Center,29.267,82.183,2025112217,2025-11-22 17:00:00,2025,11,22,17,3.15,85.6,1.25,1.56,17.39,0.0,90.0
Karnali_Center,29.267,82.183,2025112218,2025-11-22 18:00:00,2025,11,22,18,2.82,90.28,0.98,1.22,19.06,0.0,90.0
Karnali_Center,29.267,82.183,2025112219,2025-11-22 19:00:00,2025,11,22,19,2.08,95.19,1.16,1.37,20.86,0.0,90.0
Karnali_Center,29.267,82.183,2025112220,2025-11-22 20:00:00,2025,11,22,20,1.51,96.47,1.45,1.65,18.89,0.0,90.0
Karnali_Center,29.267,82.183,2025112221,2025-11-22 21:00:00,2025,11,22,21,0.89,96.79,1.6,1.81,26.17,0.0,90.0
Karnali_Center,29.267,82.183,2025112222,2025-11-22 22:00:00,2025,11,22,22,0.38,95.09,1.71,1.91,27.42,0.0,90.0
Karnali_Center,29.267,82.183,2025112223,2025-11-22 23:00:00,2025,11,22,23,-0.05,91.69,1.79,1.99,33.65,0.0,90.0
Karnali_Center,29.267,82.183,2025112300,2025-11-23 00:00:00,2025,11,23,0,-0.49,87.99,1.85,2.05,31.75,0.0,90.0
Karnali_Center,29.267,82.183,2025112301,2025-11-23 01:00:00,2025,11,23,1,-0.97,84.58,1.93,2.15,10.97,0.0,90.0
Karnali_Center,29.267,82.183,2025112302,2025-11-23 02:00:00,2025,11,23,2,-1.46,81.06,2.03,2.24,33.62,0.0,90.0
Karnali_Center,29.267,82.183,2025112303,2025-11-23 03:00:00,2025,11,23,3,-1.89,78.06,2.13,2.34,36.76,0.0,90.0
Karnali_Center,29.267,82.183,2025112304,2025-11-23 04:00:00,2025,11,23,4,-2.19,74.62,2.21,2.39,37.95,0.0,90.0
Karnali_Center,29.267,82.183,2025112305,2025-11-23 05:00:00,2025,11,23,5,-2.34,70.1,2.25,2.41,40.53,0.0,90.0
Karnali_Center,29.267,82.183,2025112306,2025-11-23 06:00:00,2025,11,23,6,-1.98,66.05,2.22,2.38,30.31,60.2,85.04
Karnali_Center,29.267,82.183,2025112307,2025-11-23 07:00:00,2025,11,23,7,1.96,58.04,2.18,2.3,20.09,273.02,73.94
Karnali_Center,29.267,82.183,2025112308,2025-11-23 08:00:00,2025,11,23,8,5.85,35.54,1.6,1.56,22.93,440.55,64.08
Karnali_Center,29.267,82.183,2025112309,2025-11-23 09:00:00,2025,11,23,9,8.53,25.01,1.73,1.59,10.28,628.95,56.22
Karnali_Center,29.267,82.183,2025112310,2025-11-23 10:00:00,2025,11,23,10,9.94,23.97,2.8,2.32,25.83,695.38,51.3
Karnali_Center,29.267,82.183,2025112311,2025-11-23 11:00:00,2025,11,23,11,10.71,25.08,3.45,2.89,41.96,701.08,50.18
Karnali_Center,29.267,82.183,2025112312,2025-11-23 12:00:00,2025,11,23,12,10.87,27.55,3.84,3.26,43.32,637.38,53.12
Karnali_Center,29.267,82.183,2025112313,2025-11-23 13:00:00,2025,11,23,13,10.5,31.04,3.86,3.31,51.08,489.95,59.52
Karnali_Center,29.267,82.183,2025112314,2025-11-23 14:00:00,2025,11,23,14,9.64,34.8,3.39,2.94,43.41,332.1,68.4
Karnali_Center,29.267,82.183,2025112315,2025-11-23 15:00:00,2025,11,23,15,8.2,40.69,2.55,2.34,29.35,164.68,78.91
Karnali_Center,29.267,82.183,2025112316,2025-11-23 16:00:00,2025,11,23,16,5.19,59.83,1.18,1.47,26.59,11.23,88.73
Karnali_Center,29.267,82.183,2025112317,2025-11-23 17:00:00,2025,11,23,17,4.07,58.39,0.37,0.43,18.83,0.0,90.0
Karnali_Center,29.267,82.183,2025112318,2025-11-23 18:00:00,2025,11,23,18,2.58,63.94,1.05,1.19,21.7,0.0,90.0
Karnali_Center,29.267,82.183,2025112319,2025-11-23 19:00:00,2025,11,23,19,1.29,65.83,1.7,1.89,30.88,0.0,90.0
Karnali_Center,29.267,82.183,2025112320,2025-11-23 20:00:00,2025,11,23,20,0.41,64.1,2.01,2.19,33.37,0.0,90.0
Karnali_Center,29.267,82.183,2025112321,2025-11-23 21:00:00,2025,11,23,21,-0.39,61.57,2.19,2.37,37.73,0.0,90.0
Karnali_Center,29.267,82.183,2025112322,2025-11-23 22:00:00,2025,11,23,22,-1.09,58.41,2.32,2.49,39.04,0.0,90.0
Karnali_Center,29.267,82.183,2025112323,2025-11-23 23:00:00,2025,11,23,23,-1.72,55.89,2.41,2.58,39.06,0.0,90.0
Karnali_Center,29.267,82.183,2025112400,2025-11-24 00:00:00,2025,11,24,0,-2.11,53.68,2.45,2.61,37.74,0.0,90.0
Karnali_Center,29.267,82.183,2025112401,2025-11-24 01:00:00,2025,11,24,1,-2.27,51.21,2.41,2.58,9.56,0.0,90.0
Karnali_Center,29.267,82.183,2025112402,2025-11-24 02:00:00,2025,11,24,2,-2.31,48.63,2.37,2.53,41.68,0.0,90.0
Karnali_Center,29.267,82.183,2025112403,2025-11-24 03:00:00,2025,11,24,3,-2.2,45.47,2.29,2.44,42.14,0.0,90.0
Karnali_Center,29.267,82.183,2025112404,2025-11-24 04:00:00,2025,11,24,4,-2.13,43.4,2.25,2.39,44.17,0.0,90.0
Karnali_Center,29.267,82.183,2025112405,2025-11-24 05:00:00,2025,11,24,5,-2.04,41.3,2.25,2.38,41.12,0.0,90.0
Karnali_Center,29.267,82.183,2025112406,2025-11-24 06:00:00,2025,11,24,6,-1.56,41.63,2.21,2.36,31.24,61.92,85.2
Karnali_Center,29.267,82.183,2025112407,2025-11-24 07:00:00,2025,11,24,7,2.12,48.97,1.9,2.17,20.55,276.95,74.12
Karnali_Center,29.267,82.183,2025112408,2025-11-24 08:00:00,2025,11,24,8,5.91,21.59,1.53,1.46,17.8,464.75,64.28
Karnali_Center,29.267,82.183,2025112409,2025-11-24 09:00:00,2025,11,24,9,8.9,18.31,1.67,1.63,9.06,645.08,56.43
Karnali_Center,29.267,82.183,2025112410,2025-11-24 10:00:00,2025,11,24,10,10.18,18.57,2.39,1.99,22.24,714.22,51.51
Karnali_Center,29.267,82.183,2025112411,2025-11-24 11:00:00,2025,11,24,11,10.84,20.25,2.96,2.42,43.71,695.62,50.38
Karnali_Center,29.267,82.183,2025112412,2025-11-24 12:00:00,2025,11,24,12,10.98,22.33,3.4,2.79,41.79,612.0,53.29
Karnali_Center,29.267,82.183,2025112413,2025-11-24 13:00:00,2025,11,24,13,10.6,25.33,3.52,2.91,50.92,478.23,59.65
Karnali_Center,29.267,82.183,2025112414,2025-11-24 14:00:00,2025,11,24,14,9.71,29.47,3.36,2.83,44.05,327.52,68.49
Karnali_Center,29.267,82.183,2025112415,2025-11-24 15:00:00,2025,11,24,15,8.07,37.0,2.73,2.54,30.61,163.45,78.98
Karnali_Center,29.267,82.183,2025112416,2025-11-24 16:00:00,2025,11,24,16,4.32,61.7,1.5,1.87,27.63,11.23,88.76
Karnali_Center,29.267,82.183,2025112417,2025-11-24 17:00:00,2025,11,24,17,3.23,59.77,0.99,1.17,20.53,0.0,90.0
Karnali_Center,29.267,82.183,2025112418,2025-11-24 18:00:00,2025,11,24,18,2.54,63.44,0.82,0.92,19.97,0.0,90.0
Karnali_Center,29.267,82.183,2025112419,2025-11-24 19:00:00,2025,11,24,19,1.01,68.87,1.32,1.45,28.0,0.0,90.0
Karnali_Center,29.267,82.183,2025112420,2025-11-24 20:00:00,2025,11,24,20,0.47,66.87,1.67,1.82,35.58,0.0,90.0
Karnali_Center,29.267,82.183,2025112421,2025-11-24 21:00:00,2025,11,24,21,0.02,63.03,1.79,1.94,33.26,0.0,90.0
Karnali_Center,29.267,82.183,2025112422,2025-11-24 22:00:00,2025,11,24,22,-0.28,58.59,1.79,1.94,38.35,0.0,90.0
Karnali_Center,29.267,82.183,2025112423,2025-11-24 23:00:00,2025,11,24,23,-0.52,54.62,1.79,1.93,40.5,0.0,90.0
Karnali_Center,29.267,82.183,2025112500,2025-11-25 00:00:00,2025,11,25,0,-0.77,51.11,1.77,1.92,29.53,0.0,90.0
Karnali_Center,29.267,82.183,2025112501,2025-11-25 01:00:00,2025,11,25,1,-0.9,48.39,1.76,1.92,7.83,0.0,90.0
Karnali_Center,29.267,82.183,2025112502,2025-11-25 02:00:00,2025,11,25,2,-1.02,45.77,1.8,1.96,32.52,0.0,90.0
Karnali_Center,29.267,82.183,2025112503,2025-11-25 03:00:00,2025,11,25,3,-1.26,45.0,1.92,2.08,39.95,0.0,90.0
Karnali_Center,29.267,82.183,2025112504,2025-11-25 04:00:00,2025,11,25,4,-1.55,44.38,2.0,2.15,49.39,0.0,90.0
Karnali_Center,29.267,82.183,2025112505,2025-11-25 05:00:00,2025,11,25,5,-1.72,43.27,2.03,2.17,46.73,0.0,90.0
Karnali_Center,29.267,82.183,2025112506,2025-11-25 06:00:00,2025,11,25,6,-1.51,43.61,2.02,2.18,34.43,55.17,85.35
Karnali_Center,29.267,82.183,2025112507,2025-11-25 07:00:00,2025,11,25,7,1.7,52.48,1.76,2.06,20.3,268.3,74.3
Karnali_Center,29.267,82.183,2025112508,2025-11-25 08:00:00,2025,11,25,8,5.6,26.13,1.51,1.44,20.72,443.77,64.48
Karnali_Center,29.267,82.183,2025112509,2025-11-25 09:00:00,2025,11,25,9,8.5,19.13,0.95,0.73,19.67,596.15,56.64
Karnali_Center,29.267,82.183,2025112510,2025-11-25 10:00:00,2025,11,25,10,9.83,19.01,1.95,1.49,23.83,697.97,51.72
Karnali_Center,29.267,82.183,2025112511,2025-11-25 11:00:00,2025,11,25,11,10.54,20.02,2.76,2.2,46.44,678.3,50.57
Karnali_Center,29.267,82.183,2025112512,2025-11-25 12:00:00,2025,11,25,12,10.75,21.78,3.36,2.75,47.65,600.35,53.45
Karnali_Center,29.267,82.183,2025112513,2025-11-25 13:00:00,2025,11,25,13,10.35,24.74,3.59,2.97,52.05,476.17,59.77
Karnali_Center,29.267,82.183,2025112514,2025-11-25 14:00:00,2025,11,25,14,9.45,28.8,3.38,2.87,42.87,327.45,68.59
Karnali_Center,29.267,82.183,2025112515,2025-11-25 15:00:00,2025,11,25,15,7.8,36.57,2.64,2.52,27.13,160.82,79.04
Karnali_Center,29.267,82.183,2025112516,2025-11-25 16:00:00,2025,11,25,16,4.01,60.72,1.5,1.91,25.42,10.6,88.78
Karnali_Center,29.267,82.183,2025112517,2025-11-25 17:00:00,2025,11,25,17,2.89,57.63,1.12,1.37,17.46,0.0,90.0
Karnali_Center,29.267,82.183,2025112518,2025-11-25 18:00:00,2025,11,25,18,1.62,60.76,1.38,1.59,21.65,0.0,90.0
Karnali_Center,29.267,82.183,2025112519,2025-11-25 19:00:00,2025,11,25,19,0.87,58.64,1.9,2.09,25.26,0.0,90.0
Karnali_Center,29.267,82.183,2025112520,2025-11-25 20:00:00,2025,11,25,20,0.43,53.94,2.11,2.27,32.66,0.0,90.0
Karnali_Center,29.267,82.183,2025112521,2025-11-25 21:00:00,2025,11,25,21,0.22,48.07,2.16,2.29,36.89,0.0,90.0
Karnali_Center,29.267,82.183,2025112522,2025-11-25 22:00:00,2025,11,25,22,0.24,42.97,2.1,2.22,36.84,0.0,90.0
Karnali_Center,29.267,82.183,2025112523,2025-11-25 23:00:00,2025,11,25,23,0.26,39.37,2.06,2.18,42.52,0.0,90.0
Karnali_Center,29.267,82.183,2025112600,2025-11-26 00:00:00,2025,11,26,0,0.25,36.98,2.06,2.18,6.24,0.0,90.0
Karnali_Center,29.267,82.183,2025112601,2025-11-26 01:00:00,2025,11,26,1,0.24,34.77,2.06,2.18,45.53,0.0,90.0
Karnali_Center,29.267,82.183,2025112602,2025-11-26 02:00:00,2025,11,26,2,0.21,32.8,2.06,2.18,38.74,0.0,90.0
Karnali_Center,29.267,82.183,2025112603,2025-11-26 03:00:00,2025,11,26,3,0.12,31.71,2.1,2.21,47.54,0.0,90.0
Karnali_Center,29.267,82.183,2025112604,2025-11-26 04:00:00,2025,11,26,4,-0.1,31.51,2.21,2.3,45.65,0.0,90.0
Karnali_Center,29.267,82.183,2025112605,2025-11-26 05:00:00,2025,11,26,5,-0.38,31.88,2.32,2.4,35.0,0.0,90.0
Karnali_Center,29.267,82.183,2025112606,2025-11-26 06:00:00,2025,11,26,6,-0.53,35.08,2.48,2.58,25.31,57.05,85.5
Karnali_Center,29.267,82.183,2025112607,2025-11-26 07:00:00,2025,11,26,7,2.65,52.51,2.27,2.69,15.57,268.4,74.48
Karnali_Center,29.267,82.183,2025112608,2025-11-26 08:00:00,2025,11,26,8,6.83,23.09,2.61,2.27,21.81,445.45,64.67
Karnali_Center,29.267,82.183,2025112609,2025-11-26 09:00:00,2025,11,26,9,9.83,20.56,1.13,1.19,14.15,619.03,56.84
Karnali_Center,29.267,82.183,2025112610,2025-11-26 10:00:00,2025,11,26,10,11.35,20.04,1.29,0.92,25.36,690.67,51.92
Karnali_Center,29.267,82.183,2025112611,2025-11-26 11:00:00,2025,11,26,11,12.17,20.69,2.18,1.59,43.57,686.38,50.76
Karnali_Center,29.267,82.183,2025112612,2025-11-26 12:00:00,2025,11,26,12,12.52,21.88,2.7,2.07,51.5,577.08,53.61
Karnali_Center,29.267,82.183,2025112613,2025-11-26 13:00:00,2025,11,26,13,12.31,23.71,2.98,2.36,51.44,454.73,59.89
Karnali_Center,29.267,82.183,2025112614,2025-11-26 14:00:00,2025,11,26,14,11.36,27.39,3.05,2.57,42.69,315.88,68.67
Karnali_Center,29.267,82.183,2025112615,2025-11-26 15:00:00,2025,11,26,15,9.29,37.29,2.41,2.43,26.77,154.65,79.1
Karnali_Center,29.267,82.183,2025112616,2025-11-26 16:00:00,2025,11,26,16,5.46,58.37,1.36,1.69,25.63,9.62,88.8
Karnali_Center,29.267,82.183,2025112617,2025-11-26 17:00:00,2025,11,26,17,4.37,55.68,0.57,0.68,17.27,0.0,90.0
Karnali_Center,29.267,82.183,2025112618,2025-11-26 18:00:00,2025,11,26,18,2.68,61.84,1.24,1.34,20.82,0.0,90.0
Karnali_Center,29.267,82.183,2025112619,2025-11-26 19:00:00,2025,11,26,19,1.51,61.81,1.92,2.07,25.51,0.0,90.0
Karnali_Center,29.267,82.183,2025112620,2025-11-26 20:00:00,2025,11,26,20,0.93,57.55,2.13,2.28,31.59,0.0,90.0
Karnali_Center,29.267,82.183,2025112621,2025-11-26 21:00:00,2025,11,26,21,0.56,52.19,2.22,2.37,40.87,0.0,90.0
Karnali_Center,29.267,82.183,2025112622,2025-11-26 22:00:00,2025,11,26,22,0.4,46.35,2.2,2.35,45.84,0.0,90.0
Karnali_Center,29.267,82.183,2025112623,2025-11-26 23:00:00,2025,11,26,23,0.41,42.62,2.13,2.28,51.17,0.0,90.0
Karnali_Center,29.267,82.183,2025112700,2025-11-27 00:00:00,2025,11,27,0,0.45,39.54,2.05,2.21,3.9,0.0,90.0
Karnali_Center,29.267,82.183,2025112701,2025-11-27 01:00:00,2025,11,27,1,0.3,37.92,1.97,2.16,42.78,0.0,90.0
Karnali_Center,29.267,82.183,2025112702,2025-11-27 02:00:00,2025,11,27,2,0.32,36.19,1.88,2.09,4.59,0.0,90.0
Karnali_Center,29.267,82.183,2025112703,2025-11-27 03:00:00,2025,11,27,3,0.26,34.48,1.82,2.03,46.56,0.0,90.0
Karnali_Center,29.267,82.183,2025112704,2025-11-27 04:00:00,2025,11,27,4,0.23,33.07,1.84,2.03,52.13,0.0,90.0
Karnali_Center,29.267,82.183,2025112705,2025-11-27 05:00:00,2025,11,27,5,0.26,31.71,1.91,2.08,45.93,0.0,90.0
Karnali_Center,29.267,82.183,2025112706,2025-11-27 06:00:00,2025,11,27,6,0.69,31.3,1.89,2.05,34.65,48.0,85.64
Karnali_Center,29.267,82.183,2025112707,2025-11-27 07:00:00,2025,11,27,7,3.91,47.58,1.61,1.88,20.83,251.7,74.66
Karnali_Center,29.267,82.183,2025112708,2025-11-27 08:00:00,2025,11,27,8,8.35,21.5,0.88,0.95,24.29,427.8,64.86
Karnali_Center,29.267,82.183,2025112709,2025-11-27 09:00:00,2025,11,27,9,10.71,17.72,1.91,1.75,15.13,606.17,57.04
Karnali_Center,29.267,82.183,2025112710,2025-11-27 10:00:00,2025,11,27,10,11.71,19.36,2.7,2.23,21.65,679.67,52.11
Karnali_Center,29.267,82.183,2025112711,2025-11-27 11:00:00,2025,11,27,11,12.17,21.88,3.19,2.57,25.58,721.03,50.93
Karnali_Center,29.267,82.183,2025112712,2025-11-27 12:00:00,2025,11,27,12,12.19,25.02,3.47,2.8,47.41,586.58,53.75
Karnali_Center,29.267,82.183,2025112713,2025-11-27 13:00:00,2025,11,27,13,11.74,28.71,3.44,2.83,45.67,506.42,60.0
Karnali_Center,29.267,82.183,2025112714,2025-11-27 14:00:00,2025,11,27,14,10.82,33.02,3.03,2.55,39.28,337.23,68.75
Karnali_Center,29.267,82.183,2025112715,2025-11-27 15:00:00,2025,11,27,15,9.18,41.24,2.03,1.99,24.26,162.77,79.15
Karnali_Center,29.267,82.183,2025112716,2025-11-27 16:00:00,2025,11,27,16,6.25,56.83,0.95,1.18,24.19,10.7,88.81
Karnali_Center,29.267,82.183,2025112717,2025-11-27 17:00:00,2025,11,27,17,4.89,54.18,0.62,0.68,17.27,0.0,90.0
Karnali_Center,29.267,82.183,2025112718,2025-11-27 18:00:00,2025,11,27,18,2.99,59.98,1.55,1.72,18.21,0.0,90.0
Karnali_Center,29.267,82.183,2025112719,2025-11-27 19:00:00,2025,11,27,19,2.29,58.71,1.92,2.09,19.89,0.0,90.0
Karnali_Center,29.267,82.183,2025112720,2025-11-27 20:00:00,2025,11,27,20,1.74,55.89,2.03,2.19,26.57,0.0,90.0
Karnali_Center,29.267,82.183,2025112721,2025-11-27 21:00:00,2025,11,27,21,1.39,52.5,2.05,2.22,24.06,0.0,90.0
Karnali_Center,29.267,82.183,2025112722,2025-11-27 22:00:00,2025,11,27,22,1.17,49.14,2.05,2.21,27.81,0.0,90.0
Karnali_Center,29.267,82.183,2025112723,2025-11-27 23:00:00,2025,11,27,23,1.03,45.92,2.04,2.22,32.86,0.0,90.0
Karnali_Center,29.267,82.183,2025112800,2025-11-28 00:00:00,2025,11,28,0,0.98,43.6,2.07,2.23,30.83,0.0,90.0
Karnali_Center,29.267,82.183,2025112801,2025-11-28 01:00:00,2025,11,28,1,0.93,42.32,2.1,2.26,7.16,0.0,90.0
Karnali_Center,29.267,82.183,2025112802,2025-11-28 02:00:00,2025,11,28,2,0.77,40.99,2.16,2.3,32.69,0.0,90.0
Karnali_Center,29.267,82.183,2025112803,2025-11-28 03:00:00,2025,11,28,3,0.57,39.38,2.19,2.28,30.58,0.0,90.0
Karnali_Center,29.267,82.183,2025112804,2025-11-28 04:00:00,2025,11,28,4,0.48,37.25,2.16,2.21,27.58,0.0,90.0
Karnali_Center,29.267,82.183,2025112805,2025-11-28 05:00:00,2025,11,28,5,0.27,35.97,2.2,2.22,23.29,0.0,90.0
Karnali_Center,29.267,82.183,2025112806,2025-11-28 06:00:00,2025,11,28,6,0.1,37.76,2.33,2.34,16.9,56.7,85.78
Karnali_Center,29.267,82.183,2025112807,2025-11-28 07:00:00,2025,11,28,7,3.04,54.85,2.04,2.4,10.9,268.4,74.84
Karnali_Center,29.267,82.183,2025112808,2025-11-28 08:00:00,2025,11,28,8,7.29,25.14,2.3,2.0,18.27,449.8,65.05
Karnali_Center,29.267,82.183,2025112809,2025-11-28 09:00:00,2025,11,28,9,10.52,20.57,0.48,0.49,4.97,636.4,57.23
Karnali_Center,29.267,82.183,2025112810,2025-11-28 10:00:00,2025,11,28,10,12.17,20.39,2.09,1.73,22.35,683.17,52.3
Karnali_Center,29.267,82.183,2025112811,2025-11-28 11:00:00,2025,11,28,11,12.75,22.05,3.01,2.52,45.54,666.28,51.11
Karnali_Center,29.267,82.183,2025112812,2025-11-28 12:00:00,2025,11,28,12,12.73,24.49,3.45,2.92,58.02,575.33,53.89
Karnali_Center,29.267,82.183,2025112813,2025-11-28 13:00:00,2025,11,28,13,12.23,27.48,3.47,2.96,52.9,488.8,60.11
Karnali_Center,29.267,82.183,2025112814,2025-11-28 14:00:00,2025,11,28,14,11.26,31.37,3.1,2.72,44.32,328.1,68.82
Karnali_Center,29.267,82.183,2025112815,2025-11-28 15:00:00,2025,11,28,15,9.55,39.91,2.17,2.18,28.67,160.0,79.2
Karnali_Center,29.267,82.183,2025112816,2025-11-28 16:00:00,2025,11,28,16,6.35,56.51,1.1,1.35,26.85,10.68,88.83
Karnali_Center,29.267,82.183,2025112817,2025-11-28 17:00:00,2025,11,28,17,5.35,53.99,0.27,0.33,18.41,0.0,90.0
Karnali_Center,29.267,82.183,2025112818,2025-11-28 18:00:00,2025,11,28,18,3.71,58.56,1.13,1.21,19.47,0.0,90.0
Karnali_Center,29.267,82.183,2025112819,2025-11-28 19:00:00,2025,11,28,19,2.43,60.16,1.7,1.84,24.34,0.0,90.0
Karnali_Center,29.267,82.183,2025112820,2025-11-28 20:00:00,2025,11,28,20,1.87,57.0,1.95,2.08,25.09,0.0,90.0
Karnali_Center,29.267,82.183,2025112821,2025-11-28 21:00:00,2025,11,28,21,1.36,53.45,2.07,2.21,27.74,0.0,90.0
Karnali_Center,29.267,82.183,2025112822,2025-11-28 22:00:00,2025,11,28,22,0.97,49.84,2.14,2.28,25.83,0.0,90.0
Karnali_Center,29.267,82.183,2025112823,2025-11-28 23:00:00,2025,11,28,23,0.63,45.99,2.23,2.38,31.32,0.0,90.0
Karnali_Center,29.267,82.183,2025112900,2025-11-29 00:00:00,2025,11,29,0,0.53,43.03,2.26,2.4,39.36,0.0,90.0
Karnali_Center,29.267,82.183,2025112901,2025-11-29 01:00:00,2025,11,29,1,0.7,40.33,2.21,2.34,3.44,0.0,90.0
Karnali_Center,29.267,82.183,2025112902,2025-11-29 02:00:00,2025,11,29,2,0.85,38.28,2.15,2.29,27.59,0.0,90.0
Karnali_Center,29.267,82.183,2025112903,2025-11-29 03:00:00,2025,11,29,3,0.86,36.82,2.1,2.23,34.45,0.0,90.0
Karnali_Center,29.267,82.183,2025112904,2025-11-29 04:00:00,2025,11,29,4,0.78,36.14,1.96,2.09,33.09,0.0,90.0
Karnali_Center,29.267,82.183,2025112905,2025-11-29 05:00:00,2025,11,29,5,0.6,36.27,1.87,2.03,25.03,0.0,90.0
Karnali_Center,29.267,82.183,2025112906,2025-11-29 06:00:00,2025,11,29,6,1.0,36.31,1.9,2.07,19.63,52.88,85.92
Karnali_Center,29.267,82.183,2025112907,2025-11-29 07:00:00,2025,11,29,7,4.02,53.29,1.67,2.04,13.51,261.2,75.01
Karnali_Center,29.267,82.183,2025112908,2025-11-29 08:00:00,2025,11,29,8,8.02,27.19,1.55,1.46,19.99,441.05,65.23
Karnali_Center,29.267,82.183,2025112909,2025-11-29 09:00:00,2025,11,29,9,10.94,20.76,0.74,0.55,13.22,610.03,57.42
Karnali_Center,29.267,82.183,2025112910,2025-11-29 10:00:00,2025,11,29,10,12.19,21.39,2.05,1.7,22.49,680.3,52.49
Karnali_Center,29.267,82.183,2025112911,2025-11-29 11:00:00,2025,11,29,11,12.8,23.03,2.85,2.41,44.76,665.47,51.27
Karnali_Center,29.267,82.183,2025112912,2025-11-29 12:00:00,2025,11,29,12,12.89,24.97,3.43,2.96,46.55,590.9,54.03
Karnali_Center,29.267,82.183,2025112913,2025-11-29 13:00:00,2025,11,29,13,12.44,27.46,3.53,3.1,42.23,479.12,60.21
Karnali_Center,29.267,82.183,2025112914,2025-11-29 14:00:00,2025,11,29,14,11.5,30.57,3.13,2.8,37.36,327.45,68.89
Karnali_Center,29.267,82.183,2025112915,2025-11-29 15:00:00,2025,11,29,15,9.76,38.53,2.12,2.2,25.34,162.48,79.24
Karnali_Center,29.267,82.183,2025112916,2025-11-29 16:00:00,2025,11,29,16,6.04,56.78,1.3,1.67,24.92,10.73,88.84
Karnali_Center,29.267,82.183,2025112917,2025-11-29 17:00:00,2025,11,29,17,4.31,55.34,1.2,1.47,18.6,0.0,90.0
Karnali_Center,29.267,82.183,2025112918,2025-11-29 18:00:00,2025,11,29,18,3.57,55.98,1.61,1.81,19.51,0.0,90.0
Karnali_Center,29.267,82.183,2025112919,2025-11-29 19:00:00,2025,11,29,19,2.76,56.05,1.88,2.06,23.04,0.0,90.0
Karnali_Center,29.267,82.183,2025112920,2025-11-29 20:00:00,2025,11,29,20,2.22,54.38,1.99,2.15,29.8,0.0,90.0
Karnali_Center,29.267,82.183,2025112921,2025-11-29 21:00:00,2025,11,29,21,1.69,52.8,2.11,2.24,26.18,0.0,90.0
Karnali_Center,29.267,82.183,2025112922,2025-11-29 22:00:00,2025,11,29,22,1.2,50.86,2.26,2.37,36.21,0.0,90.0
Karnali_Center,29.267,82.183,2025112923,2025-11-29 23:00:00,2025,11,29,23,0.82,48.51,2.37,2.45,36.33,0.0,90.0
Karnali_Center,29.267,82.183,2025113000,2025-11-30 00:00:00,2025,11,30,0,0.56,45.96,2.43,2.48,36.37,0.0,90.0
Karnali_Center,29.267,82.183,2025113001,2025-11-30 01:00:00,2025,11,30,1,0.5,43.96,2.44,2.48,5.86,0.0,90.0
Karnali_Center,29.267,82.183,2025113002,2025-11-30 02:00:00,2025,11,30,2,0.63,41.2,2.36,2.39,37.43,0.0,90.0
Karnali_Center,29.267,82.183,2025113003,2025-11-30 03:00:00,2025,11,30,3,0.64,39.19,2.31,2.33,36.89,0.0,90.0
Karnali_Center,29.267,82.183,2025113004,2025-11-30 04:00:00,2025,11,30,4,0.56,37.8,2.3,2.31,40.6,0.0,90.0
Karnali_Center,29.267,82.183,2025113005,2025-11-30 05:00:00,2025,11,30,5,0.36,37.46,2.37,2.38,44.36,0.0,90.0
Karnali_Center,29.267,82.183,2025113006,2025-11-30 06:00:00,2025,11,30,6,0.47,39.2,2.44,2.46,32.75,47.22,86.06
Karnali_Center,29.267,82.183,2025113007,2025-11-30 07:00:00,2025,11,30,7,3.3,56.67,2.07,2.43,20.41,253.75,75.18
Karnali_Center,29.267,82.183,2025113008,2025-11-30 08:00:00,2025,11,30,8,7.77,31.6,2.31,2.08,22.59,435.38,65.41
Karnali_Center,29.267,82.183,2025113009,2025-11-30 09:00:00,2025,11,30,9,11.11,21.48,0.68,0.47,5.0,632.6,57.61
Karnali_Center,29.267,82.183,2025113010,2025-11-30 10:00:00,2025,11,30,10,13.07,18.49,1.35,1.2,22.02,696.42,52.67
Karnali_Center,29.267,82.183,2025113011,2025-11-30 11:00:00,2025,11,30,11,13.88,18.83,2.19,1.98,44.26,671.62,51.43
Karnali_Center,29.267,82.183,2025113012,2025-11-30 12:00:00,2025,11,30,12,14.19,19.58,2.75,2.49,42.41,612.38,54.15
Karnali_Center,29.267,82.183,2025113013,2025-11-30 13:00:00,2025,11,30,13,13.98,21.0,3.0,2.72,39.67,494.6,60.3
Karnali_Center,29.267,82.183,2025113014,2025-11-30 14:00:00,2025,11,30,14,13.1,23.68,2.92,2.71,35.04,339.45,68.95
Karnali_Center,29.267,82.183,2025113015,2025-11-30 15:00:00,2025,11,30,15,10.82,41.2,1.84,2.34,24.19,166.15,79.27
Karnali_Center,29.267,82.183,2025113016,2025-11-30 16:00:00,2025,11,30,16,7.58,49.29,1.44,1.77,24.56,11.48,88.85
Karnali_Center,29.267,82.183,2025113017,2025-11-30 17:00:00,2025,11,30,17,6.79,42.96,1.06,1.24,20.44,0.0,90.0
Karnali_Center,29.267,82.183,2025113018,2025-11-30 18:00:00,2025,11,30,18,5.2,47.2,1.33,1.51,16.57,0.0,90.0
Karnali_Center,29.267,82.183,2025113019,2025-11-30 19:00:00,2025,11,30,19,4.4,46.76,1.68,1.84,22.4,0.0,90.0
Karnali_Center,29.267,82.183,2025113020,2025-11-30 20:00:00,2025,11,30,20,3.95,44.7,1.77,1.92,24.18,0.0,90.0
Karnali_Center,29.267,82.183,2025113021,2025-11-30 21:00:00,2025,11,30,21,3.35,43.36,1.8,1.95,25.87,0.0,90.0
Karnali_Center,29.267,82.183,2025113022,2025-11-30 22:00:00,2025,11,30,22,3.13,40.72,1.92,2.06,30.61,0.0,90.0
Karnali_Center,29.267,82.183,2025113023,2025-11-30 23:00:00,2025,11,30,23,2.74,39.2,2.1,2.23,25.01,0.0,90.0
Karnali_Center,29.267,82.183,2025120100,2025-12-01 00:00:00,2025,12,1,0,2.36,38.35,2.22,2.34,4.75,0.0,90.0
Karnali_Center,29.267,82.183,2025120101,2025-12-01 01:00:00,2025,12,1,1,2.03,37.95,2.33,2.45,22.32,0.0,90.0
Karnali_Center,29.267,82.183,2025120102,2025-12-01 02:00:00,2025,12,1,2,1.92,37.58,2.37,2.47,25.91,0.0,90.0
Karnali_Center,29.267,82.183,2025120103,2025-12-01 03:00:00,2025,12,1,3,1.91,36.94,2.36,2.45,34.62,0.0,90.0
Karnali_Center,29.267,82.183,2025120104,2025-12-01 04:00:00,2025,12,1,4,1.8,36.24,2.32,2.42,31.51,0.0,90.0
Karnali_Center,29.267,82.183,2025120105,2025-12-01 05:00:00,2025,12,1,5,1.69,35.04,2.28,2.39,25.36,0.0,90.0
Karnali_Center,29.267,82.183,2025120106,2025-12-01 06:00:00,2025,12,1,6,1.81,35.26,2.28,2.37,19.3,46.8,86.19
Karnali_Center,29.267,82.183,2025120107,2025-12-01 07:00:00,2025,12,1,7,4.6,53.63,1.94,2.33,11.47,249.93,75.35
Karnali_Center,29.267,82.183,2025120108,2025-12-01 08:00:00,2025,12,1,8,9.0,29.68,1.89,1.77,18.34,429.58,65.58
Karnali_Center,29.267,82.183,2025120109,2025-12-01 09:00:00,2025,12,1,9,12.23,21.9,0.66,0.64,12.58,596.47,57.78
Karnali_Center,29.267,82.183,2025120110,2025-12-01 10:00:00,2025,12,1,10,14.02,19.9,2.28,2.05,25.5,660.92,52.84
Karnali_Center,29.267,82.183,2025120111,2025-12-01 11:00:00,2025,12,1,11,14.62,20.37,3.06,2.72,42.59,665.42,51.58
Karnali_Center,29.267,82.183,2025120112,2025-12-01 12:00:00,2025,12,1,12,14.6,21.56,3.43,3.05,48.89,581.97,54.27
Karnali_Center,29.267,82.183,2025120113,2025-12-01 13:00:00,2025,12,1,13,14.1,23.04,3.48,3.14,43.91,471.48,60.38
Karnali_Center,29.267,82.183,2025120114,2025-12-01 14:00:00,2025,12,1,14,13.06,25.49,3.26,2.98,38.05,320.3,69.0
Karnali_Center,29.267,82.183,2025120115,2025-12-01 15:00:00,2025,12,1,15,10.99,39.05,2.12,2.38,25.58,153.27,79.3
Karnali_Center,29.267,82.183,2025120116,2025-12-01 16:00:00,2025,12,1,16,7.73,51.49,1.19,1.45,25.61,9.3,88.85
Karnali_Center,29.267,82.183,2025120117,2025-12-01 17:00:00,2025,12,1,17,6.82,47.38,0.29,0.32,19.43,0.0,90.0
Karnali_Center,29.267,82.183,2025120118,2025-12-01 18:00:00,2025,12,1,18,4.83,52.67,1.24,1.38,19.36,0.0,90.0
Karnali_Center,29.267,82.183,2025120119,2025-12-01 19:00:00,2025,12,1,19,3.8,53.46,1.65,1.83,21.96,0.0,90.0
Karnali_Center,29.267,82.183,2025120120,2025-12-01 20:00:00,2025,12,1,20,3.3,50.92,1.92,2.09,23.12,0.0,90.0
Karnali_Center,29.267,82.183,2025120121,2025-12-01 21:00:00,2025,12,1,21,2.66,49.23,2.05,2.21,22.54,0.0,90.0
Karnali_Center,29.267,82.183,2025120122,2025-12-01 22:00:00,2025,12,1,22,2.23,47.05,2.07,2.25,21.37,0.0,90.0
Karnali_Center,29.267,82.183,2025120123,2025-12-01 23:00:00,2025,12,1,23,1.89,44.57,2.08,2.26,20.24,0.0,90.0
Karnali_Center,29.267,82.183,2025120200,2025-12-02 00:00:00,2025,12,2,0,1.5,43.11,2.13,2.31,5.72,0.0,90.0
Karnali_Center,29.267,82.183,2025120201,2025-12-02 01:00:00,2025,12,2,1,1.03,43.52,2.26,2.43,20.05,0.0,90.0
Karnali_Center,29.267,82.183,2025120202,2025-12-02 02:00:00,2025,12,2,2,0.94,43.08,2.27,2.45,4.11,0.0,90.0
Karnali_Center,29.267,82.183,2025120203,2025-12-02 03:00:00,2025,12,2,3,1.07,41.61,2.17,2.34,18.98,0.0,90.0
Karnali_Center,29.267,82.183,2025120204,2025-12-02 04:00:00,2025,12,2,4,1.1,40.48,2.07,2.25,23.66,0.0,90.0
Karnali_Center,29.267,82.183,2025120205,2025-12-02 05:00:00,2025,12,2,5,0.83,40.58,2.06,2.24,19.98,0.0,90.0
Karnali_Center,29.267,82.183,2025120206,2025-12-02 06:00:00,2025,12,2,6,0.88,41.69,2.07,2.27,15.1,40.65,86.31
Karnali_Center,29.267,82.183,2025120207,2025-12-02 07:00:00,2025,12,2,7,3.72,57.34,1.76,2.2,8.34,239.85,75.51
Karnali_Center,29.267,82.183,2025120208,2025-12-02 08:00:00,2025,12,2,8,7.93,30.86,1.54,1.68,16.56,416.95,65.76
Karnali_Center,29.267,82.183,2025120209,2025-12-02 09:00:00,2025,12,2,9,10.29,26.42,2.39,2.45,13.86,578.08,57.96
Karnali_Center,29.267,82.183,2025120210,2025-12-02 10:00:00,2025,12,2,10,11.54,23.7,3.17,2.97,28.5,645.55,53.0
Karnali_Center,29.267,82.183,2025120211,2025-12-02 11:00:00,2025,12,2,11,12.09,23.81,3.67,3.34,38.37,681.15,51.73
Karnali_Center,29.267,82.183,2025120212,2025-12-02 12:00:00,2025,12,2,12,12.12,25.04,3.95,3.56,57.19,571.25,54.38
Karnali_Center,29.267,82.183,2025120213,2025-12-02 13:00:00,2025,12,2,13,11.67,27.2,3.95,3.57,50.98,483.38,60.46
Karnali_Center,29.267,82.183,2025120214,2025-12-02 14:00:00,2025,12,2,14,10.76,30.31,3.71,3.41,45.5,318.25,69.05
Karnali_Center,29.267,82.183,2025120215,2025-12-02 15:00:00,2025,12,2,15,9.14,38.15,2.88,2.95,32.05,148.82,79.32
Karnali_Center,29.267,82.183,2025120216,2025-12-02 16:00:00,2025,12,2,16,5.32,61.67,1.72,2.14,31.79,8.75,88.86
Karnali_Center,29.267,82.183,2025120217,2025-12-02 17:00:00,2025,12,2,17,4.23,61.17,1.23,1.47,25.46,0.0,90.0
Karnali_Center,29.267,82.183,2025120218,2025-12-02 18:00:00,2025,12,2,18,4.06,64.2,0.77,0.93,19.65,0.0,90.0
Karnali_Center,29.267,82.183,2025120219,2025-12-02 19:00:00,2025,12,2,19,3.41,69.02,0.62,0.72,21.95,0.0,90.0
Karnali_Center,29.267,82.183,2025120220,2025-12-02 20:00:00,2025,12,2,20,2.62,73.18,0.88,1.0,23.13,0.0,90.0
Karnali_Center,29.267,82.183,2025120221,2025-12-02 21:00:00,2025,12,2,21,1.46,78.0,1.11,1.29,23.13,0.0,90.0
Karnali_Center,29.267,82.183,2025120222,2025-12-02 22:00:00,2025,12,2,22,0.48,81.18,1.27,1.48,23.33,0.0,90.0
Karnali_Center,29.267,82.183,2025120223,2025-12-02 23:00:00,2025,12,2,23,-0.02,80.8,1.47,1.68,21.87,0.0,90.0
Karnali_Center,29.267,82.183,2025120300,2025-12-03 00:00:00,2025,12,3,0,-0.25,77.73,1.64,1.84,27.95,0.0,90.0
Karnali_Center,29.267,82.183,2025120301,2025-12-03 01:00:00,2025,12,3,1,-0.83,75.89,1.86,2.06,6.82,0.0,90.0
Karnali_Center,29.267,82.183,2025120302,2025-12-03 02:00:00,2025,12,3,2,-1.47,73.19,2.08,2.24,16.29,0.0,90.0
Karnali_Center,29.267,82.183,2025120303,2025-12-03 03:00:00,2025,12,3,3,-1.97,70.07,2.22,2.35,5.0,0.0,90.0
Karnali_Center,29.267,82.183,2025120304,2025-12-03 04:00:00,2025,12,3,4,-2.41,67.87,2.33,2.42,26.25,0.0,90.0
Karnali_Center,29.267,82.183,2025120305,2025-12-03 05:00:00,2025,12,3,5,-2.76,66.13,2.41,2.48,24.36,0.0,90.0
Karnali_Center,29.267,82.183,2025120306,2025-12-03 06:00:00,2025,12,3,6,-2.77,64.57,2.43,2.5,19.24,43.08,86.44
Karnali_Center,29.267,82.183,2025120307,2025-12-03 07:00:00,2025,12,3,7,0.87,60.95,2.17,2.38,12.69,245.4,75.67
Karnali_Center,29.267,82.183,2025120308,2025-12-03 08:00:00,2025,12,3,8,5.0,31.33,1.67,1.67,18.17,429.62,65.92
Karnali_Center,29.267,82.183,2025120309,2025-12-03 09:00:00,2025,12,3,9,7.77,22.28,2.3,2.31,15.13,589.08,58.13
Karnali_Center,29.267,82.183,2025120310,2025-12-03 10:00:00,2025,12,3,10,8.96,21.86,2.97,2.68,20.35,676.05,53.16
Karnali_Center,29.267,82.183,2025120311,2025-12-03 11:00:00,2025,12,3,11,9.62,22.63,3.37,2.95,44.48,670.75,51.86
Karnali_Center,29.267,82.183,2025120312,2025-12-03 12:00:00,2025,12,3,12,9.78,23.9,3.63,3.16,50.51,592.05,54.49
Karnali_Center,29.267,82.183,2025120313,2025-12-03 13:00:00,2025,12,3,13,9.45,25.79,3.65,3.17,47.57,499.77,60.53
Karnali_Center,29.267,82.183,2025120314,2025-12-03 14:00:00,2025,12,3,14,8.64,28.58,3.36,2.95,41.36,326.58,69.09
Karnali_Center,29.267,82.183,2025120315,2025-12-03 15:00:00,2025,12,3,15,7.13,35.45,2.56,2.5,28.79,156.05,79.34
Karnali_Center,29.267,82.183,2025120316,2025-12-03 16:00:00,2025,12,3,16,3.88,55.6,1.33,1.66,25.51,9.85,88.86
Karnali_Center,29.267,82.183,2025120317,2025-12-03 17:00:00,2025,12,3,17,3.19,50.44,0.46,0.56,18.64,0.0,90.0
Karnali_Center,29.267,82.183,2025120318,2025-12-03 18:00:00,2025,12,3,18,1.89,54.87,0.96,1.05,23.36,0.0,90.0
Karnali_Center,29.267,82.183,2025120319,2025-12-03 19:00:00,2025,12,3,19,0.45,58.14,1.54,1.69,26.81,0.0,90.0
Karnali_Center,29.267,82.183,2025120320,2025-12-03 20:00:00,2025,12,3,20,-0.2,56.87,1.88,2.0,27.39,0.0,90.0
Karnali_Center,29.267,82.183,2025120321,2025-12-03 21:00:00,2025,12,3,21,-0.91,55.63,2.06,2.18,29.35,0.0,90.0
Karnali_Center,29.267,82.183,2025120322,2025-12-03 22:00:00,2025,12,3,22,-1.58,54.72,2.22,2.32,31.24,0.0,90.0
Karnali_Center,29.267,82.183,2025120323,2025-12-03 23:00:00,2025,12,3,23,-2.31,55.17,2.42,2.49,30.07,0.0,90.0
Karnali_Center,29.267,82.183,2025120400,2025-12-04 00:00:00,2025,12,4,0,-3.07,56.11,2.6,2.64,33.08,0.0,90.0
Karnali_Center,29.267,82.183,2025120401,2025-12-04 01:00:00,2025,12,4,1,-3.74,57.8,2.75,2.75,8.58,0.0,90.0
Karnali_Center,29.267,82.183,2025120402,2025-12-04 02:00:00,2025,12,4,2,-4.42,59.57,2.93,2.91,27.62,0.0,90.0
Karnali_Center,29.267,82.183,2025120403,2025-12-04 03:00:00,2025,12,4,3,-5.05,61.97,3.14,3.18,35.03,0.0,90.0
Karnali_Center,29.267,82.183,2025120404,2025-12-04 04:00:00,2025,12,4,4,-5.49,63.45,3.32,3.52,34.31,0.0,90.0
Karnali_Center,29.267,82.183,2025120405,2025-12-04 05:00:00,2025,12,4,5,-5.81,64.01,3.48,3.92,26.85,0.0,90.0
Karnali_Center,29.267,82.183,2025120406,2025-12-04 06:00:00,2025,12,4,6,-5.54,62.89,3.54,4.44,21.42,44.08,86.56
Karnali_Center,29.267,82.183,2025120407,2025-12-04 07:00:00,2025,12,4,7,-1.18,42.91,4.99,4.56,14.04,249.95,75.83
Karnali_Center,29.267,82.183,2025120408,2025-12-04 08:00:00,2025,12,4,8,2.81,32.59,4.88,3.81,19.8,430.52,66.09
Karnali_Center,29.267,82.183,2025120409,2025-12-04 09:00:00,2025,12,4,9,7.75,21.02,2.87,2.63,16.54,593.08,58.29
Karnali_Center,29.267,82.183,2025120410,2025-12-04 10:00:00,2025,12,4,10,10.6,16.25,0.63,0.74,20.18,676.72,53.32
Karnali_Center,29.267,82.183,2025120411,2025-12-04 11:00:00,2025,12,4,11,11.66,16.91,2.02,1.46,45.63,673.28,51.99
Karnali_Center,29.267,82.183,2025120412,2025-12-04 12:00:00,2025,12,4,12,11.91,18.19,3.08,2.46,49.09,605.28,54.59
Karnali_Center,29.267,82.183,2025120413,2025-12-04 13:00:00,2025,12,4,13,11.49,20.32,3.43,2.87,45.16,488.23,60.59
Karnali_Center,29.267,82.183,2025120414,2025-12-04 14:00:00,2025,12,4,14,10.49,23.35,3.32,2.91,40.89,329.88,69.12
Karnali_Center,29.267,82.183,2025120415,2025-12-04 15:00:00,2025,12,4,15,8.29,36.81,2.21,2.42,30.0,160.75,79.35
Karnali_Center,29.267,82.183,2025120416,2025-12-04 16:00:00,2025,12,4,16,4.78,49.45,1.34,1.62,31.2,10.75,88.86
Karnali_Center,29.267,82.183,2025120417,2025-12-04 17:00:00,2025,12,4,17,4.23,44.57,0.5,0.59,25.37,0.0,90.0
Karnali_Center,29.267,82.183,2025120418,2025-12-04 18:00:00,2025,12,4,18,2.96,46.48,1.11,1.23,34.32,0.0,90.0
Karnali_Center,29.267,82.183,2025120419,2025-12-04 19:00:00,2025,12,4,19,1.44,49.44,1.61,1.78,48.23,0.0,90.0
Karnali_Center,29.267,82.183,2025120420,2025-12-04 20:00:00,2025,12,4,20,1.13,46.36,1.82,1.97,69.87,0.0,90.0
Karnali_Center,29.267,82.183,2025120421,2025-12-04 21:00:00,2025,12,4,21,0.74,43.91,1.94,2.07,58.69,0.0,90.0
Karnali_Center,29.267,82.183,2025120422,2025-12-04 22:00:00,2025,12,4,22,0.56,41.93,2.05,2.17,55.61,0.0,90.0
Karnali_Center,29.267,82.183,2025120423,2025-12-04 23:00:00,2025,12,4,23,0.35,40.34,2.09,2.21,47.53,0.0,90.0
Karnali_Center,29.267,82.183,2025120500,2025-12-05 00:00:00,2025,12,5,0,0.29,39.02,2.05,2.17,33.74,0.0,90.0
Karnali_Center,29.267,82.183,2025120501,2025-12-05 01:00:00,2025,12,5,1,0.23,36.76,2.02,2.16,4.57,0.0,90.0
Karnali_Center,29.267,82.183,2025120502,2025-12-05 02:00:00,2025,12,5,2,0.21,34.75,1.98,2.12,26.17,0.0,90.0
Karnali_Center,29.267,82.183,2025120503,2025-12-05 03:00:00,2025,12,5,3,-0.08,34.19,1.9,2.06,38.75,0.0,90.0
Karnali_Center,29.267,82.183,2025120504,2025-12-05 04:00:00,2025,12,5,4,-0.2,33.38,1.91,2.07,41.88,0.0,90.0
Karnali_Center,29.267,82.183,2025120505,2025-12-05 05:00:00,2025,12,5,5,-0.3,32.5,1.98,2.13,38.71,0.0,90.0
Karnali_Center,29.267,82.183,2025120506,2025-12-05 06:00:00,2025,12,5,6,-0.09,32.15,2.04,2.17,29.42,35.35,86.67
Karnali_Center,29.267,82.183,2025120507,2025-12-05 07:00:00,2025,12,5,7,2.4,51.28,1.74,2.08,17.22,231.77,75.99
Karnali_Center,29.267,82.183,2025120508,2025-12-05 08:00:00,2025,12,5,8,6.53,23.6,1.53,1.51,19.18,417.45,66.25
Karnali_Center,29.267,82.183,2025120509,2025-12-05 09:00:00,2025,12,5,9,8.9,17.74,1.15,1.05,12.3,590.97,58.45
Karnali_Center,29.267,82.183,2025120510,2025-12-05 10:00:00,2025,12,5,10,10.21,17.73,2.39,2.0,21.31,663.38,53.46
Karnali_Center,29.267,82.183,2025120511,2025-12-05 11:00:00,2025,12,5,11,10.79,18.75,3.25,2.74,42.42,660.03,52.12
Karnali_Center,29.267,82.183,2025120512,2025-12-05 12:00:00,2025,12,5,12,10.81,20.49,3.73,3.18,41.71,610.53,54.68
Karnali_Center,29.267,82.183,2025120513,2025-12-05 13:00:00,2025,12,5,13,10.31,22.84,3.75,3.23,38.5,489.08,60.65
Karnali_Center,29.267,82.183,2025120514,2025-12-05 14:00:00,2025,12,5,14,9.34,25.95,3.36,2.98,32.94,327.15,69.15
Karnali_Center,29.267,82.183,2025120515,2025-12-05 15:00:00,2025,12,5,15,7.56,35.39,2.39,2.47,21.77,156.98,79.36
Karnali_Center,29.267,82.183,2025120516,2025-12-05 16:00:00,2025,12,5,16,3.75,54.5,1.47,1.81,23.34,9.05,88.85
Karnali_Center,29.267,82.183,2025120517,2025-12-05 17:00:00,2025,12,5,17,2.59,51.02,1.14,1.35,18.97,0.0,90.0
Karnali_Center,29.267,82.183,2025120518,2025-12-05 18:00:00,2025,12,5,18,1.47,53.59,1.47,1.66,18.82,0.0,90.0
Karnali_Center,29.267,82.183,2025120519,2025-12-05 19:00:00,2025,12,5,19,0.66,53.03,1.9,2.09,24.05,0.0,90.0
Karnali_Center,29.267,82.183,2025120520,2025-12-05 20:00:00,2025,12,5,20,0.08,51.17,2.06,2.24,22.61,0.0,90.0
Karnali_Center,29.267,82.183,2025120521,2025-12-05 21:00:00,2025,12,5,21,-0.23,48.2,2.08,2.24,28.13,0.0,90.0
Karnali_Center,29.267,82.183,2025120522,2025-12-05 22:00:00,2025,12,5,22,-0.42,46.02,2.07,2.21,27.33,0.0,90.0
Karnali_Center,29.267,82.183,2025120523,2025-12-05 23:00:00,2025,12,5,23,-0.84,46.22,2.21,2.35,27.06,0.0,90.0
Karnali_Center,29.267,82.183,2025120600,2025-12-06 00:00:00,2025,12,6,0,-1.5,47.74,2.47,2.59,4.45,0.0,90.0
Karnali_Center,29.267,82.183,2025120601,2025-12-06 01:00:00,2025,12,6,1,-1.93,47.69,2.62,2.68,20.94,0.0,90.0
Karnali_Center,29.267,82.183,2025120602,2025-12-06 02:00:00,2025,12,6,2,-2.24,47.78,2.77,2.78,19.77,0.0,90.0
Karnali_Center,29.267,82.183,2025120603,2025-12-06 03:00:00,2025,12,6,3,-2.25,46.43,2.81,2.79,32.01,0.0,90.0
Karnali_Center,29.267,82.183,2025120604,2025-12-06 04:00:00,2025,12,6,4,-2.11,44.55,2.78,2.75,35.77,0.0,90.0
Karnali_Center,29.267,82.183,2025120605,2025-12-06 05:00:00,2025,12,6,5,-2.25,44.86,2.89,2.87,27.25,0.0,90.0
Karnali_Center,29.267,82.183,2025120606,2025-12-06 06:00:00,2025,12,6,6,-1.91,45.17,2.87,2.87,20.55,40.35,86.78
Karnali_Center,29.267,82.183,2025120607,2025-12-06 07:00:00,2025,12,6,7,1.63,56.71,2.3,2.74,11.0,244.43,76.14
Karnali_Center,29.267,82.183,2025120608,2025-12-06 08:00:00,2025,12,6,8,6.56,28.44,2.47,2.19,16.39,427.45,66.4
Karnali_Center,29.267,82.183,2025120609,2025-12-06 09:00:00,2025,12,6,9,10.26,19.81,0.71,0.78,12.36,589.8,58.6
Karnali_Center,29.267,82.183,2025120610,2025-12-06 10:00:00,2025,12,6,10,12.14,17.8,2.16,1.79,19.53,670.95,53.61
Karnali_Center,29.267,82.183,2025120611,2025-12-06 11:00:00,2025,12,6,11,12.76,18.65,2.98,2.47,44.43,663.53,52.23
Karnali_Center,29.267,82.183,2025120612,2025-12-06 12:00:00,2025,12,6,12,12.84,20.41,3.51,2.96,32.71,640.25,54.76
Karnali_Center,29.267,82.183,2025120613,2025-12-06 13:00:00,2025,12,6,13,12.35,22.6,3.59,3.08,31.55,509.92,60.7
Karnali_Center,29.267,82.183,2025120614,2025-12-06 14:00:00,2025,12,6,14,11.11,25.75,3.19,2.83,26.62,349.48,69.17
Karnali_Center,29.267,82.183,2025120615,2025-12-06 15:00:00,2025,12,6,15,8.76,39.55,1.87,2.08,15.78,168.25,79.35
Karnali_Center,29.267,82.183,2025120616,2025-12-06 16:00:00,2025,12,6,16,5.7,47.77,0.96,1.14,19.32,10.9,88.84
Karnali_Center,29.267,82.183,2025120617,2025-12-06 17:00:00,2025,12,6,17,3.82,46.88,0.99,1.11,15.68,0.0,90.0
Karnali_Center,29.267,82.183,2025120618,2025-12-06 18:00:00,2025,12,6,18,2.11,50.18,1.99,2.16,14.7,0.0,90.0
Karnali_Center,29.267,82.183,2025120619,2025-12-06 19:00:00,2025,12,6,19,1.22,50.03,2.31,2.47,20.93,0.0,90.0
Karnali_Center,29.267,82.183,2025120620,2025-12-06 20:00:00,2025,12,6,20,0.53,48.94,2.51,2.65,12.53,0.0,90.0
Karnali_Center,29.267,82.183,2025120621,2025-12-06 21:00:00,2025,12,6,21,0.31,48.23,2.56,2.7,55.42,0.0,90.0
Karnali_Center,29.267,82.183,2025120622,2025-12-06 22:00:00,2025,12,6,22,0.6,47.4,2.54,2.71,64.64,0.0,90.0
Karnali_Center,29.267,82.183,2025120623,2025-12-06 23:00:00,2025,12,6,23,1.18,47.52,2.46,2.69,17.37,0.0,90.0
Karnali_Center,29.267,82.183,2025120700,2025-12-07 00:00:00,2025,12,7,0,1.7,43.43,2.24,2.47,11.18,0.0,90.0
Karnali_Center,29.267,82.183,2025120701,2025-12-07 01:00:00,2025,12,7,1,1.92,40.27,2.09,2.29,64.59,0.0,90.0
Karnali_Center,29.267,82.183,2025120702,2025-12-07 02:00:00,2025,12,7,2,1.95,38.7,2.0,2.19,45.02,0.0,90.0
Karnali_Center,29.267,82.183,2025120703,2025-12-07 03:00:00,2025,12,7,3,1.24,37.59,2.16,2.35,59.72,0.0,90.0
Karnali_Center,29.267,82.183,2025120704,2025-12-07 04:00:00,2025,12,7,4,1.0,36.67,2.17,2.35,30.18,0.0,90.0
Karnali_Center,29.267,82.183,2025120705,2025-12-07 05:00:00,2025,12,7,5,0.81,35.58,2.16,2.34,17.19,0.0,90.0
Karnali_Center,29.267,82.183,2025120706,2025-12-07 06:00:00,2025,12,7,6,0.8,35.27,2.11,2.31,12.16,36.58,86.89
Karnali_Center,29.267,82.183,2025120707,2025-12-07 07:00:00,2025,12,7,7,3.39,53.41,1.85,2.29,5.67,237.43,76.29
Karnali_Center,29.267,82.183,2025120708,2025-12-07 08:00:00,2025,12,7,8,7.65,25.93,1.68,1.51,13.97,423.75,66.55
Karnali_Center,29.267,82.183,2025120709,2025-12-07 09:00:00,2025,12,7,9,10.79,17.32,1.29,1.24,10.51,585.3,58.75
Karnali_Center,29.267,82.183,2025120710,2025-12-07 10:00:00,2025,12,7,10,12.11,18.0,2.48,2.19,21.66,657.05,53.74
Karnali_Center,29.267,82.183,2025120711,2025-12-07 11:00:00,2025,12,7,11,12.68,19.53,3.22,2.79,33.45,690.08,52.34
Karnali_Center,29.267,82.183,2025120712,2025-12-07 12:00:00,2025,12,7,12,12.52,21.07,3.89,3.45,47.9,583.03,54.84
Karnali_Center,29.267,82.183,2025120713,2025-12-07 13:00:00,2025,12,7,13,11.94,23.04,3.89,3.53,41.18,479.77,60.74
Karnali_Center,29.267,82.183,2025120714,2025-12-07 14:00:00,2025,12,7,14,10.96,25.37,3.24,3.0,33.5,330.52,69.19
Karnali_Center,29.267,82.183,2025120715,2025-12-07 15:00:00,2025,12,7,15,9.22,34.75,2.11,2.31,20.04,159.52,79.35
Karnali_Center,29.267,82.183,2025120716,2025-12-07 16:00:00,2025,12,7,16,5.95,47.29,1.22,1.48,21.3,9.95,88.84
Karnali_Center,29.267,82.183,2025120717,2025-12-07 17:00:00,2025,12,7,17,4.8,42.93,0.93,1.04,14.42,0.0,90.0
Karnali_Center,29.267,82.183,2025120718,2025-12-07 18:00:00,2025,12,7,18,3.05,48.57,1.42,1.58,16.7,0.0,90.0
Karnali_Center,29.267,82.183,2025120719,2025-12-07 19:00:00,2025,12,7,19,2.39,48.38,1.74,1.91,16.15,0.0,90.0
Karnali_Center,29.267,82.183,2025120720,2025-12-07 20:00:00,2025,12,7,20,1.89,47.67,1.8,1.97,16.73,0.0,90.0
Karnali_Center,29.267,82.183,2025120721,2025-12-07 21:00:00,2025,12,7,21,1.27,47.77,1.92,2.1,19.5,0.0,90.0
Karnali_Center,29.267,82.183,2025120722,2025-12-07 22:00:00,2025,12,7,22,0.62,48.07,2.05,2.23,19.86,0.0,90.0
Karnali_Center,29.267,82.183,2025120723,2025-12-07 23:00:00,2025,12,7,23,0.32,47.27,2.03,2.2,15.52,0.0,90.0
Karnali_Center,29.267,82.183,2025120800,2025-12-08 00:00:00,2025,12,8,0,0.05,47.26,2.07,2.23,2.88,0.0,90.0
Karnali_Center,29.267,82.183,2025120801,2025-12-08 01:00:00,2025,12,8,1,-0.44,48.8,2.28,2.41,4.61,0.0,90.0
Karnali_Center,29.267,82.183,2025120802,2025-12-08 02:00:00,2025,12,8,2,-1.01,50.94,2.5,2.62,11.33,0.0,90.0
Karnali_Center,29.267,82.183,2025120803,2025-12-08 03:00:00,2025,12,8,3,-1.41,52.44,2.63,2.74,18.04,0.0,90.0
Karnali_Center,29.267,82.183,2025120804,2025-12-08 04:00:00,2025,12,8,4,-1.61,53.33,2.68,2.76,26.3,0.0,90.0
Karnali_Center,29.267,82.183,2025120805,2025-12-08 05:00:00,2025,12,8,5,-1.59,52.61,2.61,2.7,29.98,0.0,90.0
Karnali_Center,29.267,82.183,2025120806,2025-12-08 06:00:00,2025,12,8,6,-1.41,53.14,2.58,2.71,33.42,31.42,87.0
Karnali_Center,29.267,82.183,2025120807,2025-12-08 07:00:00,2025,12,8,7,2.13,57.31,2.2,2.66,37.47,199.25,76.44
Karnali_Center,29.267,82.183,2025120808,2025-12-08 08:00:00,2025,12,8,8,6.13,34.21,2.27,1.95,48.33,315.38,66.7
Karnali_Center,29.267,82.183,2025120809,2025-12-08 09:00:00,2025,12,8,9,9.5,27.19,1.01,1.15,49.2,448.95,58.89
Karnali_Center,29.267,82.183,2025120810,2025-12-08 10:00:00,2025,12,8,10,10.76,26.33,2.73,2.66,54.33,502.23,53.87
Karnali_Center,29.267,82.183,2025120811,2025-12-08 11:00:00,2025,12,8,11,11.25,26.51,3.59,3.44,63.51,512.15,52.45
Karnali_Center,29.267,82.183,2025120812,2025-12-08 12:00:00,2025,12,8,12,11.37,26.87,4.21,4.04,33.92,449.33,54.91
Karnali_Center,29.267,82.183,2025120813,2025-12-08 13:00:00,2025,12,8,13,11.01,27.94,4.3,4.11,56.24,354.55,60.78
Karnali_Center,29.267,82.183,2025120814,2025-12-08 14:00:00,2025,12,8,14,10.07,30.31,3.86,3.73,60.72,255.75,69.19
Karnali_Center,29.267,82.183,2025120815,2025-12-08 15:00:00,2025,12,8,15,8.31,37.71,2.73,2.97,49.65,128.57,79.33
Karnali_Center,29.267,82.183,2025120816,2025-12-08 16:00:00,2025,12,8,16,4.5,56.33,1.64,2.13,45.16,8.65,88.82
Karnali_Center,29.267,82.183,2025120817,2025-12-08 17:00:00,2025,12,8,17,3.32,52.44,1.14,1.41,37.38,0.0,90.0
Karnali_Center,29.267,82.183,2025120818,2025-12-08 18:00:00,2025,12,8,18,2.3,54.8,1.08,1.29,30.24,0.0,90.0
Karnali_Center,29.267,82.183,2025120819,2025-12-08 19:00:00,2025,12,8,19,1.43,56.29,1.47,1.67,23.55,0.0,90.0
Karnali_Center,29.267,82.183,2025120820,2025-12-08 20:00:00,2025,12,8,20,0.66,57.33,1.73,1.92,24.79,0.0,90.0
Karnali_Center,29.267,82.183,2025120821,2025-12-08 21:00:00,2025,12,8,21,-0.08,58.63,1.87,2.04,22.52,0.0,90.0
Karnali_Center,29.267,82.183,2025120822,2025-12-08 22:00:00,2025,12,8,22,-0.72,59.99,1.99,2.13,22.72,0.0,90.0
Karnali_Center,29.267,82.183,2025120823,2025-12-08 23:00:00,2025,12,8,23,-1.29,60.55,2.1,2.25,21.57,0.0,90.0
Karnali_Center,29.267,82.183,2025120900,2025-12-09 00:00:00,2025,12,9,0,-1.95,60.6,2.28,2.39,17.8,0.0,90.0
Karnali_Center,29.267,82.183,2025120901,2025-12-09 01:00:00,2025,12,9,1,-2.49,60.35,2.42,2.48,10.34,0.0,90.0
Karnali_Center,29.267,82.183,2025120902,2025-12-09 02:00:00,2025,12,9,2,-3.02,60.41,2.54,2.56,13.53,0.0,90.0
Karnali_Center,29.267,82.183,2025120903,2025-12-09 03:00:00,2025,12,9,3,-3.68,61.3,2.7,2.7,16.42,0.0,90.0
Karnali_Center,29.267,82.183,2025120904,2025-12-09 04:00:00,2025,12,9,4,-4.43,62.86,2.92,2.97,18.9,0.0,90.0
Karnali_Center,29.267,82.183,2025120905,2025-12-09 05:00:00,2025,12,9,5,-5.12,64.09,3.19,3.44,19.11,0.0,90.0
Karnali_Center,29.267,82.183,2025120906,2025-12-09 06:00:00,2025,12,9,6,-5.22,62.64,3.35,4.05,14.39,36.95,87.1
Karnali_Center,29.267,82.183,2025120907,2025-12-09 07:00:00,2025,12,9,7,-1.22,41.38,4.63,4.21,8.33,240.8,76.58
Karnali_Center,29.267,82.183,2025120908,2025-12-09 08:00:00,2025,12,9,8,2.65,30.62,4.65,3.6,13.33,431.67,66.84
Karnali_Center,29.267,82.183,2025120909,2025-12-09 09:00:00,2025,12,9,9,7.93,19.58,2.95,2.94,10.3,599.42,59.03
Karnali_Center,29.267,82.183,2025120910,2025-12-09 10:00:00,2025,12,9,10,10.64,15.94,1.05,1.53,24.12,667.65,53.99
Karnali_Center,29.267,82.183,2025120911,2025-12-09 11:00:00,2025,12,9,11,11.72,16.0,0.87,0.66,44.63,666.47,52.54
Karnali_Center,29.267,82.183,2025120912,2025-12-09 12:00:00,2025,12,9,12,12.19,16.56,2.01,1.51,44.21,604.28,54.97
Karnali_Center,29.267,82.183,2025120913,2025-12-09 13:00:00,2025,12,9,13,12.13,17.51,2.53,2.03,40.17,491.15,60.81
Karnali_Center,29.267,82.183,2025120914,2025-12-09 14:00:00,2025,12,9,14,11.46,18.73,2.6,2.22,35.05,330.92,69.2
Karnali_Center,29.267,82.183,2025120915,2025-12-09 15:00:00,2025,12,9,15,9.28,34.71,1.81,2.17,23.08,160.6,79.31
Karnali_Center,29.267,82.183,2025120916,2025-12-09 16:00:00,2025,12,9,16,5.37,44.99,1.35,1.67,23.75,10.75,88.81
Karnali_Center,29.267,82.183,2025120917,2025-12-09 17:00:00,2025,12,9,17,4.85,38.38,0.34,0.49,18.76,0.0,90.0
Karnali_Center,29.267,82.183,2025120918,2025-12-09 18:00:00,2025,12,9,18,3.62,40.11,1.04,1.02,25.13,0.0,90.0
Karnali_Center,29.267,82.183,2025120919,2025-12-09 19:00:00,2025,12,9,19,1.86,42.14,1.72,1.75,28.55,0.0,90.0
Karnali_Center,29.267,82.183,2025120920,2025-12-09 20:00:00,2025,12,9,20,1.42,38.71,1.96,1.97,26.66,0.0,90.0
Karnali_Center,29.267,82.183,2025120921,2025-12-09 21:00:00,2025,12,9,21,1.22,35.8,2.21,2.17,30.45,0.0,90.0
Karnali_Center,29.267,82.183,2025120922,2025-12-09 22:00:00,2025,12,9,22,0.62,35.74,2.45,2.4,32.65,0.0,90.0
Karnali_Center,29.267,82.183,2025120923,2025-12-09 23:00:00,2025,12,9,23,-0.1,36.35,2.65,2.63,32.48,0.0,90.0
Karnali_Center,29.267,82.183,2025121000,2025-12-10 00:00:00,2025,12,10,0,-1.12,38.5,2.89,2.87,30.01,0.0,90.0
Karnali_Center,29.267,82.183,2025121001,2025-12-10 01:00:00,2025,12,10,1,-2.09,40.83,3.06,3.07,2.75,0.0,90.0
Karnali_Center,29.267,82.183,2025121002,2025-12-10 02:00:00,2025,12,10,2,-3.1,44.44,3.25,3.34,23.34,0.0,90.0
Karnali_Center,29.267,82.183,2025121003,2025-12-10 03:00:00,2025,12,10,3,-3.92,47.36,3.42,3.62,30.43,0.0,90.0
Karnali_Center,29.267,82.183,2025121004,2025-12-10 04:00:00,2025,12,10,4,-4.46,49.03,3.56,3.88,35.84,0.0,90.0
Karnali_Center,29.267,82.183,2025121005,2025-12-10 05:00:00,2025,12,10,5,-4.77,49.51,3.65,4.09,24.87,0.0,90.0
Karnali_Center,29.267,82.183,2025121006,2025-12-10 06:00:00,2025,12,10,6,-4.57,50.09,3.64,4.24,18.33,31.42,87.19
Karnali_Center,29.267,82.183,2025121007,2025-12-10 07:00:00,2025,12,10,7,0.28,41.47,3.25,4.0,8.6,225.52,76.72
Karnali_Center,29.267,82.183,2025121008,2025-12-10 08:00:00,2025,12,10,8,5.18,23.52,3.87,3.1,15.07,404.08,66.98
Karnali_Center,29.267,82.183,2025121009,2025-12-10 09:00:00,2025,12,10,9,9.44,18.16,2.1,1.86,11.52,567.2,59.16
Karnali_Center,29.267,82.183,2025121010,2025-12-10 10:00:00,2025,12,10,10,12.24,14.82,1.21,0.97,25.07,629.67,54.1
Karnali_Center,29.267,82.183,2025121011,2025-12-10 11:00:00,2025,12,10,11,13.18,15.45,2.65,2.24,45.97,643.67,52.63
Karnali_Center,29.267,82.183,2025121012,2025-12-10 12:00:00,2025,12,10,12,13.34,16.78,3.22,2.76,43.59,581.9,55.02
Karnali_Center,29.267,82.183,2025121013,2025-12-10 13:00:00,2025,12,10,13,12.88,18.84,3.46,2.99,38.5,458.58,60.83
Karnali_Center,29.267,82.183,2025121014,2025-12-10 14:00:00,2025,12,10,14,11.69,22.31,3.3,2.93,31.8,297.98,69.19
Karnali_Center,29.267,82.183,2025121015,2025-12-10 15:00:00,2025,12,10,15,9.21,39.22,2.06,2.35,16.13,128.38,79.29
Karnali_Center,29.267,82.183,2025121016,2025-12-10 16:00:00,2025,12,10,16,5.72,47.8,1.23,1.47,21.08,8.0,88.79
Karnali_Center,29.267,82.183,2025121017,2025-12-10 17:00:00,2025,12,10,17,4.8,44.82,0.46,0.5,14.92,0.0,90.0
Karnali_Center,29.267,82.183,2025121018,2025-12-10 18:00:00,2025,12,10,18,2.68,50.34,1.45,1.59,13.8,0.0,90.0
Karnali_Center,29.267,82.183,2025121019,2025-12-10 19:00:00,2025,12,10,19,2.16,47.71,1.84,1.95,21.07,0.0,90.0
Karnali_Center,29.267,82.183,2025121020,2025-12-10 20:00:00,2025,12,10,20,1.64,44.65,1.94,2.07,18.85,0.0,90.0
Karnali_Center,29.267,82.183,2025121021,2025-12-10 21:00:00,2025,12,10,21,0.9,42.65,2.16,2.3,27.69,0.0,90.0
Karnali_Center,29.267,82.183,2025121022,2025-12-10 22:00:00,2025,12,10,22,0.27,42.21,2.34,2.49,35.19,0.0,90.0
Karnali_Center,29.267,82.183,2025121023,2025-12-10 23:00:00,2025,12,10,23,0.12,40.78,2.36,2.52,20.92,0.0,90.0
Karnali_Center,29.267,82.183,2025121100,2025-12-11 00:00:00,2025,12,11,0,0.0,40.56,2.44,2.59,15.32,0.0,90.0
Karnali_Center,29.267,82.183,2025121101,2025-12-11 01:00:00,2025,12,11,1,-0.03,41.4,2.51,2.67,4.48,0.0,90.0
Karnali_Center,29.267,82.183,2025121102,2025-12-11 02:00:00,2025,12,11,2,0.03,42.31,2.58,2.73,13.66,0.0,90.0
Karnali_Center,29.267,82.183,2025121103,2025-12-11 03:00:00,2025,12,11,3,0.16,41.53,2.57,2.71,11.79,0.0,90.0
Karnali_Center,29.267,82.183,2025121104,2025-12-11 04:00:00,2025,12,11,4,0.23,40.4,2.55,2.63,16.21,0.0,90.0
Karnali_Center,29.267,82.183,2025121105,2025-12-11 05:00:00,2025,12,11,5,0.12,40.56,2.59,2.62,14.35,0.0,90.0
Karnali_Center,29.267,82.183,2025121106,2025-12-11 06:00:00,2025,12,11,6,-0.22,41.89,2.74,2.75,9.87,30.73,87.29
Karnali_Center,29.267,82.183,2025121107,2025-12-11 07:00:00,2025,12,11,7,2.44,53.75,2.58,2.86,2.37,229.55,76.85
Karnali_Center,29.267,82.183,2025121108,2025-12-11 08:00:00,2025,12,11,8,6.99,28.71,3.03,2.58,10.22,419.08,67.11
Karnali_Center,29.267,82.183,2025121109,2025-12-11 09:00:00,2025,12,11,9,10.86,20.77,1.84,1.99,8.43,582.92,59.28
Karnali_Center,29.267,82.183,2025121110,2025-12-11 10:00:00,2025,12,11,10,13.29,18.98,1.79,1.58,22.98,649.83,54.21
Karnali_Center,29.267,82.183,2025121111,2025-12-11 11:00:00,2025,12,11,11,14.18,19.18,3.11,2.46,42.92,660.42,52.71
Karnali_Center,29.267,82.183,2025121112,2025-12-11 12:00:00,2025,12,11,12,14.15,20.71,3.83,3.15,42.91,600.38,55.07
Karnali_Center,29.267,82.183,2025121113,2025-12-11 13:00:00,2025,12,11,13,13.52,22.98,3.92,3.29,37.59,468.77,60.85
Karnali_Center,29.267,82.183,2025121114,2025-12-11 14:00:00,2025,12,11,14,12.3,26.5,3.56,3.08,30.8,313.48,69.18
Karnali_Center,29.267,82.183,2025121115,2025-12-11 15:00:00,2025,12,11,15,9.83,39.11,2.33,2.46,16.31,152.55,79.26
Karnali_Center,29.267,82.183,2025121116,2025-12-11 16:00:00,2025,12,11,16,6.18,53.21,1.26,1.51,20.59,9.93,88.77
Karnali_Center,29.267,82.183,2025121117,2025-12-11 17:00:00,2025,12,11,17,5.09,50.59,0.78,0.93,14.59,0.0,90.0
Karnali_Center,29.267,82.183,2025121118,2025-12-11 18:00:00,2025,12,11,18,3.67,54.89,1.45,1.63,17.11,0.0,90.0
Karnali_Center,29.267,82.183,2025121119,2025-12-11 19:00:00,2025,12,11,19,3.05,53.72,1.83,1.98,15.99,0.0,90.0
Karnali_Center,29.267,82.183,2025121120,2025-12-11 20:00:00,2025,12,11,20,2.95,49.97,1.86,2.01,15.43,0.0,90.0
Karnali_Center,29.267,82.183,2025121121,2025-12-11 21:00:00,2025,12,11,21,2.55,47.32,1.86,2.01,16.5,0.0,90.0
Karnali_Center,29.267,82.183,2025121122,2025-12-11 22:00:00,2025,12,11,22,2.35,44.15,1.88,2.02,18.17,0.0,90.0
Karnali_Center,29.267,82.183,2025121123,2025-12-11 23:00:00,2025,12,11,23,2.1,41.18,1.92,2.05,21.51,0.0,90.0
Karnali_Center,29.267,82.183,2025121200,2025-12-12 00:00:00,2025,12,12,0,1.85,38.1,2.04,2.13,6.53,0.0,90.0
Karnali_Center,29.267,82.183,2025121201,2025-12-12 01:00:00,2025,12,12,1,1.72,36.43,2.16,2.22,19.12,0.0,90.0
Karnali_Center,29.267,82.183,2025121202,2025-12-12 02:00:00,2025,12,12,2,1.3,36.16,2.29,2.33,16.7,0.0,90.0
Karnali_Center,29.267,82.183,2025121203,2025-12-12 03:00:00,2025,12,12,3,0.93,35.37,2.39,2.42,22.97,0.0,90.0
Karnali_Center,29.267,82.183,2025121204,2025-12-12 04:00:00,2025,12,12,4,0.38,35.34,2.51,2.53,22.37,0.0,90.0
Karnali_Center,29.267,82.183,2025121205,2025-12-12 05:00:00,2025,12,12,5,-0.19,35.96,2.62,2.63,20.54,0.0,90.0
Karnali_Center,29.267,82.183,2025121206,2025-12-12 06:00:00,2025,12,12,6,-0.64,38.14,2.7,2.76,16.06,30.88,87.38
Karnali_Center,29.267,82.183,2025121207,2025-12-12 07:00:00,2025,12,12,7,2.36,50.96,2.36,2.83,7.57,227.75,76.99
Karnali_Center,29.267,82.183,2025121208,2025-12-12 08:00:00,2025,12,12,8,6.73,25.44,2.71,2.31,15.65,412.58,67.24
Karnali_Center,29.267,82.183,2025121209,2025-12-12 09:00:00,2025,12,12,9,10.71,19.44,0.89,0.93,14.16,570.92,59.4
Karnali_Center,29.267,82.183,2025121210,2025-12-12 10:00:00,2025,12,12,10,12.46,19.95,1.74,1.23,25.02,653.55,54.31
Karnali_Center,29.267,82.183,2025121211,2025-12-12 11:00:00,2025,12,12,11,12.99,21.64,2.92,2.24,42.1,675.08,52.78
Karnali_Center,29.267,82.183,2025121212,2025-12-12 12:00:00,2025,12,12,12,12.95,24.08,3.62,2.87,48.11,622.03,55.11
Karnali_Center,29.267,82.183,2025121213,2025-12-12 13:00:00,2025,12,12,13,12.35,27.69,3.87,3.13,41.27,488.5,60.86
Karnali_Center,29.267,82.183,2025121214,2025-12-12 14:00:00,2025,12,12,14,11.09,32.81,3.59,2.97,34.83,326.95,69.17
Karnali_Center,29.267,82.183,2025121215,2025-12-12 15:00:00,2025,12,12,15,8.8,43.75,2.49,2.41,21.22,159.52,79.22
Karnali_Center,29.267,82.183,2025121216,2025-12-12 16:00:00,2025,12,12,16,5.25,61.95,1.23,1.47,20.56,10.93,88.75
Karnali_Center,29.267,82.183,2025121217,2025-12-12 17:00:00,2025,12,12,17,4.05,63.04,0.63,0.74,13.3,0.0,90.0
Karnali_Center,29.267,82.183,2025121218,2025-12-12 18:00:00,2025,12,12,18,2.65,67.29,1.42,1.62,16.91,0.0,90.0
Karnali_Center,29.267,82.183,2025121219,2025-12-12 19:00:00,2025,12,12,19,2.11,64.76,1.73,1.9,15.54,0.0,90.0
Karnali_Center,29.267,82.183,2025121220,2025-12-12 20:00:00,2025,12,12,20,1.73,60.23,1.74,1.89,18.98,0.0,90.0
Karnali_Center,29.267,82.183,2025121221,2025-12-12 21:00:00,2025,12,12,21,1.45,55.49,1.77,1.9,16.46,0.0,90.0
Karnali_Center,29.267,82.183,2025121222,2025-12-12 22:00:00,2025,12,12,22,1.01,51.28,1.82,1.92,18.25,0.0,90.0
Karnali_Center,29.267,82.183,2025121223,2025-12-12 23:00:00,2025,12,12,23,0.91,46.49,2.11,2.17,21.89,0.0,90.0
Karnali_Center,29.267,82.183,2025121300,2025-12-13 00:00:00,2025,12,13,0,0.49,43.51,2.32,2.37,3.9,0.0,90.0
Karnali_Center,29.267,82.183,2025121301,2025-12-13 01:00:00,2025,12,13,1,0.31,40.91,2.33,2.38,20.82,0.0,90.0
Karnali_Center,29.267,82.183,2025121302,2025-12-13 02:00:00,2025,12,13,2,0.0,40.32,2.4,2.45,3.83,0.0,90.0
Karnali_Center,29.267,82.183,2025121303,2025-12-13 03:00:00,2025,12,13,3,-0.26,39.65,2.4,2.46,21.99,0.0,90.0
Karnali_Center,29.267,82.183,2025121304,2025-12-13 04:00:00,2025,12,13,4,-0.64,39.14,2.47,2.53,24.93,0.0,90.0
Karnali_Center,29.267,82.183,2025121305,2025-12-13 05:00:00,2025,12,13,5,-1.17,40.1,2.65,2.69,21.36,0.0,90.0
Karnali_Center,29.267,82.183,2025121306,2025-12-13 06:00:00,2025,12,13,6,-1.41,42.01,2.76,2.82,15.88,30.25,87.46
Karnali_Center,29.267,82.183,2025121307,2025-12-13 07:00:00,2025,12,13,7,2.01,51.88,2.35,2.72,13.53,218.85,77.11
Karnali_Center,29.267,82.183,2025121308,2025-12-13 08:00:00,2025,12,13,8,6.33,25.98,2.37,1.94,14.36,413.35,67.36
Karnali_Center,29.267,82.183,2025121309,2025-12-13 09:00:00,2025,12,13,9,10.5,19.39,0.79,0.8,10.45,579.22,59.51
Karnali_Center,29.267,82.183,2025121310,2025-12-13 10:00:00,2025,12,13,10,12.27,19.92,1.88,1.28,21.59,656.03,54.4
Karnali_Center,29.267,82.183,2025121311,2025-12-13 11:00:00,2025,12,13,11,13.07,21.42,3.23,2.46,31.71,688.8,52.85
Karnali_Center,29.267,82.183,2025121312,2025-12-13 12:00:00,2025,12,13,12,13.12,24.24,3.91,3.06,46.77,599.8,55.14
Karnali_Center,29.267,82.183,2025121313,2025-12-13 13:00:00,2025,12,13,13,12.5,28.34,4.13,3.3,43.31,502.25,60.86
Karnali_Center,29.267,82.183,2025121314,2025-12-13 14:00:00,2025,12,13,14,10.93,35.41,3.96,3.25,36.23,332.42,69.14
Karnali_Center,29.267,82.183,2025121315,2025-12-13 15:00:00,2025,12,13,15,8.19,49.39,3.0,2.76,22.43,162.82,79.18
Karnali_Center,29.267,82.183,2025121316,2025-12-13 16:00:00,2025,12,13,16,4.34,70.17,1.4,1.68,23.97,11.35,88.73
Karnali_Center,29.267,82.183,2025121317,2025-12-13 17:00:00,2025,12,13,17,2.78,78.09,0.86,1.01,16.4,0.0,90.0
Karnali_Center,29.267,82.183,2025121318,2025-12-13 18:00:00,2025,12,13,18,1.55,82.75,1.93,2.25,31.75,0.0,90.0
Karnali_Center,29.267,82.183,2025121319,2025-12-13 19:00:00,2025,12,13,19,0.94,79.23,2.25,2.56,21.14,0.0,90.0
Karnali_Center,29.267,82.183,2025121320,2025-12-13 20:00:00,2025,12,13,20,0.7,70.74,2.23,2.46,11.63,0.0,90.0
Karnali_Center,29.267,82.183,2025121321,2025-12-13 21:00:00,2025,12,13,21,1.03,61.17,2.21,2.44,18.65,0.0,90.0
Karnali_Center,29.267,82.183,2025121322,2025-12-13 22:00:00,2025,12,13,22,1.78,55.61,2.18,2.42,33.96,0.0,90.0
Karnali_Center,29.267,82.183,2025121323,2025-12-13 23:00:00,2025,12,13,23,2.76,49.19,1.91,2.15,34.45,0.0,90.0
Karnali_Center,29.267,82.183,2025121400,2025-12-14 00:00:00,2025,12,14,0,3.32,44.43,1.53,1.76,36.96,0.0,90.0
Karnali_Center,29.267,82.183,2025121401,2025-12-14 01:00:00,2025,12,14,1,3.56,41.18,1.36,1.55,49.63,0.0,90.0
Karnali_Center,29.267,82.183,2025121402,2025-12-14 02:00:00,2025,12,14,2,3.34,40.32,1.4,1.58,87.98,0.0,90.0
Karnali_Center,29.267,82.183,2025121403,2025-12-14 03:00:00,2025,12,14,3,2.78,41.78,1.55,1.75,98.96,0.0,90.0
Karnali_Center,29.267,82.183,2025121404,2025-12-14 04:00:00,2025,12,14,4,2.56,41.19,1.62,1.78,96.77,0.0,90.0
Karnali_Center,29.267,82.183,2025121405,2025-12-14 05:00:00,2025,12,14,5,2.34,40.75,1.62,1.76,39.87,0.0,90.0
Karnali_Center,29.267,82.183,2025121406,2025-12-14 06:00:00,2025,12,14,6,2.24,40.11,1.76,1.87,29.95,26.2,87.55
Karnali_Center,29.267,82.183,2025121407,2025-12-14 07:00:00,2025,12,14,7,4.34,45.18,1.66,1.79,18.12,211.6,77.24
Karnali_Center,29.267,82.183,2025121408,2025-12-14 08:00:00,2025,12,14,8,8.49,32.18,1.16,1.09,20.54,396.48,67.48
Karnali_Center,29.267,82.183,2025121409,2025-12-14 09:00:00,2025,12,14,9,11.32,24.03,0.9,0.61,11.47,572.8,59.62
Karnali_Center,29.267,82.183,2025121410,2025-12-14 10:00:00,2025,12,14,10,12.69,24.39,2.6,2.12,22.67,651.2,54.49
Karnali_Center,29.267,82.183,2025121411,2025-12-14 11:00:00,2025,12,14,11,13.25,25.91,3.55,2.95,42.35,658.5,52.9
Karnali_Center,29.267,82.183,2025121412,2025-12-14 12:00:00,2025,12,14,12,13.21,28.92,4.14,3.48,52.03,581.15,55.17
Karnali_Center,29.267,82.183,2025121413,2025-12-14 13:00:00,2025,12,14,13,12.56,33.57,4.28,3.64,52.48,481.8,60.85
Karnali_Center,29.267,82.183,2025121414,2025-12-14 14:00:00,2025,12,14,14,11.33,40.01,3.98,3.4,41.32,326.27,69.11
Karnali_Center,29.267,82.183,2025121415,2025-12-14 15:00:00,2025,12,14,15,9.14,51.8,3.19,2.98,24.74,163.32,79.13
Karnali_Center,29.267,82.183,2025121416,2025-12-14 16:00:00,2025,12,14,16,4.95,74.4,1.95,2.42,21.65,11.9,88.7
Karnali_Center,29.267,82.183,2025121417,2025-12-14 17:00:00,2025,12,14,17,3.48,84.32,1.24,1.54,11.17,0.0,90.0
Karnali_Center,29.267,82.183,2025121418,2025-12-14 18:00:00,2025,12,14,18,2.85,89.59,1.11,1.34,16.23,0.0,90.0
Karnali_Center,29.267,82.183,2025121419,2025-12-14 19:00:00,2025,12,14,19,2.08,91.73,1.67,1.95,14.0,0.0,90.0
Karnali_Center,29.267,82.183,2025121420,2025-12-14 20:00:00,2025,12,14,20,1.66,87.48,1.91,2.16,15.87,0.0,90.0
Karnali_Center,29.267,82.183,2025121421,2025-12-14 21:00:00,2025,12,14,21,1.72,78.75,1.99,2.21,16.5,0.0,90.0
Karnali_Center,29.267,82.183,2025121422,2025-12-14 22:00:00,2025,12,14,22,1.78,70.23,2.08,2.26,14.87,0.0,90.0
Karnali_Center,29.267,82.183,2025121423,2025-12-14 23:00:00,2025,12,14,23,1.72,62.81,2.17,2.33,14.61,0.0,90.0
Karnali_Center,29.267,82.183,2025121500,2025-12-15 00:00:00,2025,12,15,0,1.55,56.78,2.29,2.42,18.13,0.0,90.0
Karnali_Center,29.267,82.183,2025121501,2025-12-15 01:00:00,2025,12,15,1,1.54,51.89,2.37,2.47,15.81,0.0,90.0
Karnali_Center,29.267,82.183,2025121502,2025-12-15 02:00:00,2025,12,15,2,1.71,47.89,2.3,2.39,13.84,0.0,90.0
Karnali_Center,29.267,82.183,2025121503,2025-12-15 03:00:00,2025,12,15,3,1.71,45.36,2.27,2.34,13.6,0.0,90.0
Karnali_Center,29.267,82.183,2025121504,2025-12-15 04:00:00,2025,12,15,4,1.33,43.71,2.34,2.4,14.01,0.0,90.0
Karnali_Center,29.267,82.183,2025121505,2025-12-15 05:00:00,2025,12,15,5,1.0,41.62,2.36,2.42,20.42,0.0,90.0
Karnali_Center,29.267,82.183,2025121506,2025-12-15 06:00:00,2025,12,15,6,0.93,42.22,2.36,2.42,15.68,26.62,87.62
Karnali_Center,29.267,82.183,2025121507,2025-12-15 07:00:00,2025,12,15,7,3.59,54.73,2.06,2.34,9.3,215.73,77.35
Karnali_Center,29.267,82.183,2025121508,2025-12-15 08:00:00,2025,12,15,8,7.93,29.9,2.35,2.06,16.45,395.0,67.59
Karnali_Center,29.267,82.183,2025121509,2025-12-15 09:00:00,2025,12,15,9,11.73,21.5,0.78,0.84,11.29,568.8,59.72
Karnali_Center,29.267,82.183,2025121510,2025-12-15 10:00:00,2025,12,15,10,13.88,19.97,1.93,1.68,22.21,651.17,54.57
Karnali_Center,29.267,82.183,2025121511,2025-12-15 11:00:00,2025,12,15,11,14.6,20.57,3.35,2.93,44.29,648.22,52.96
Karnali_Center,29.267,82.183,2025121512,2025-12-15 12:00:00,2025,12,15,12,14.54,22.45,4.04,3.58,45.68,568.62,55.19
Karnali_Center,29.267,82.183,2025121513,2025-12-15 13:00:00,2025,12,15,13,13.87,25.32,4.32,3.89,39.85,467.05,60.84
Karnali_Center,29.267,82.183,2025121514,2025-12-15 14:00:00,2025,12,15,14,12.43,30.37,4.08,3.72,33.6,323.83,69.08
Karnali_Center,29.267,82.183,2025121515,2025-12-15 15:00:00,2025,12,15,15,9.95,40.9,2.81,2.93,21.17,163.4,79.08
Karnali_Center,29.267,82.183,2025121516,2025-12-15 16:00:00,2025,12,15,16,5.76,63.11,1.46,1.87,21.14,11.8,88.67
Karnali_Center,29.267,82.183,2025121517,2025-12-15 17:00:00,2025,12,15,17,4.2,64.54,1.08,1.31,14.27,0.0,90.0
Karnali_Center,29.267,82.183,2025121518,2025-12-15 18:00:00,2025,12,15,18,3.17,67.18,1.54,1.74,15.56,0.0,90.0
Karnali_Center,29.267,82.183,2025121519,2025-12-15 19:00:00,2025,12,15,19,2.31,66.15,1.94,2.12,14.98,0.0,90.0
Karnali_Center,29.267,82.183,2025121520,2025-12-15 20:00:00,2025,12,15,20,1.89,61.57,2.1,2.28,14.81,0.0,90.0
Karnali_Center,29.267,82.183,2025121521,2025-12-15 21:00:00,2025,12,15,21,1.68,56.63,2.17,2.32,14.78,0.0,90.0
Karnali_Center,29.267,82.183,2025121522,2025-12-15 22:00:00,2025,12,15,22,1.49,52.46,2.18,2.29,14.08,0.0,90.0
Karnali_Center,29.267,82.183,2025121523,2025-12-15 23:00:00,2025,12,15,23,1.09,49.93,2.26,2.35,17.65,0.0,90.0
Karnali_Center,29.267,82.183,2025121600,2025-12-16 00:00:00,2025,12,16,0,0.57,48.01,2.4,2.48,16.89,0.0,90.0
Karnali_Center,29.267,82.183,2025121601,2025-12-16 01:00:00,2025,12,16,1,0.08,46.52,2.53,2.58,4.16,0.0,90.0
Karnali_Center,29.267,82.183,2025121602,2025-12-16 02:00:00,2025,12,16,2,-0.27,45.7,2.61,2.65,17.43,0.0,90.0
Karnali_Center,29.267,82.183,2025121603,2025-12-16 03:00:00,2025,12,16,3,-0.58,45.28,2.69,2.72,14.8,0.0,90.0
Karnali_Center,29.267,82.183,2025121604,2025-12-16 04:00:00,2025,12,16,4,-0.91,45.52,2.8,2.83,18.35,0.0,90.0
Karnali_Center,29.267,82.183,2025121605,2025-12-16 05:00:00,2025,12,16,5,-1.31,45.82,2.9,2.91,18.35,0.0,90.0
Karnali_Center,29.267,82.183,2025121606,2025-12-16 06:00:00,2025,12,16,6,-1.42,46.47,2.92,2.94,14.24,25.7,87.7
Karnali_Center,29.267,82.183,2025121607,2025-12-16 07:00:00,2025,12,16,7,2.21,54.14,2.52,2.87,7.97,214.85,77.47
Karnali_Center,29.267,82.183,2025121608,2025-12-16 08:00:00,2025,12,16,8,6.85,28.65,2.98,2.49,15.13,405.23,67.7
Karnali_Center,29.267,82.183,2025121609,2025-12-16 09:00:00,2025,12,16,9,10.94,19.96,1.41,1.44,11.83,575.28,59.81
Karnali_Center,29.267,82.183,2025121610,2025-12-16 10:00:00,2025,12,16,10,13.45,16.92,0.99,0.79,24.14,648.28,54.64
Karnali_Center,29.267,82.183,2025121611,2025-12-16 11:00:00,2025,12,16,11,14.43,16.98,2.39,2.06,43.28,656.47,53.0
Karnali_Center,29.267,82.183,2025121612,2025-12-16 12:00:00,2025,12,16,12,14.71,17.77,3.01,2.59,47.31,588.4,55.2
Karnali_Center,29.267,82.183,2025121613,2025-12-16 13:00:00,2025,12,16,13,14.43,19.28,3.3,2.87,40.83,479.73,60.82
Karnali_Center,29.267,82.183,2025121614,2025-12-16 14:00:00,2025,12,16,14,13.36,22.47,3.31,2.95,34.29,332.8,69.04
Karnali_Center,29.267,82.183,2025121615,2025-12-16 15:00:00,2025,12,16,15,10.81,37.18,2.21,2.52,21.41,168.68,79.02
Karnali_Center,29.267,82.183,2025121616,2025-12-16 16:00:00,2025,12,16,16,6.78,51.79,1.38,1.76,21.85,12.68,88.64
Karnali_Center,29.267,82.183,2025121617,2025-12-16 17:00:00,2025,12,16,17,5.71,48.76,0.79,1.0,15.8,0.0,90.0
Karnali_Center,29.267,82.183,2025121618,2025-12-16 18:00:00,2025,12,16,18,4.07,52.86,1.52,1.65,11.35,0.0,90.0
Karnali_Center,29.267,82.183,2025121619,2025-12-16 19:00:00,2025,12,16,19,3.23,51.9,2.01,2.09,17.36,0.0,90.0
Karnali_Center,29.267,82.183,2025121620,2025-12-16 20:00:00,2025,12,16,20,2.61,49.23,2.26,2.32,17.83,0.0,90.0
Karnali_Center,29.267,82.183,2025121621,2025-12-16 21:00:00,2025,12,16,21,2.17,46.1,2.42,2.44,16.21,0.0,90.0
Karnali_Center,29.267,82.183,2025121622,2025-12-16 22:00:00,2025,12,16,22,1.69,43.34,2.57,2.55,20.91,0.0,90.0
Karnali_Center,29.267,82.183,2025121623,2025-12-16 23:00:00,2025,12,16,23,0.99,42.2,2.79,2.77,21.41,0.0,90.0
Karnali_Center,29.267,82.183,2025121700,2025-12-17 00:00:00,2025,12,17,0,0.23,41.6,3.01,3.01,3.2,0.0,90.0
Karnali_Center,29.267,82.183,2025121701,2025-12-17 01:00:00,2025,12,17,1,-0.49,42.26,3.2,3.24,22.9,0.0,90.0
Karnali_Center,29.267,82.183,2025121702,2025-12-17 02:00:00,2025,12,17,2,-1.28,44.48,3.38,3.52,16.23,0.0,90.0
Karnali_Center,29.267,82.183,2025121703,2025-12-17 03:00:00,2025,12,17,3,-2.09,46.91,3.59,3.86,8.44,0.0,90.0
Karnali_Center,29.267,82.183,2025121704,2025-12-17 04:00:00,2025,12,17,4,-2.83,49.45,3.82,4.27,17.86,0.0,90.0
Karnali_Center,29.267,82.183,2025121705,2025-12-17 05:00:00,2025,12,17,5,-3.37,51.04,4.0,4.7,18.45,0.0,90.0
Karnali_Center,29.267,82.183,2025121706,2025-12-17 06:00:00,2025,12,17,6,-3.35,51.24,4.05,5.08,13.61,25.38,87.77
Karnali_Center,29.267,82.183,2025121707,2025-12-17 07:00:00,2025,12,17,7,1.31,38.55,4.68,5.08,11.54,210.52,77.58
Karnali_Center,29.267,82.183,2025121708,2025-12-17 08:00:00,2025,12,17,8,5.81,28.21,5.23,4.15,14.63,400.9,67.8
Karnali_Center,29.267,82.183,2025121709,2025-12-17 09:00:00,2025,12,17,9,10.65,23.29,3.39,3.02,4.97,580.6,59.9
Karnali_Center,29.267,82.183,2025121710,2025-12-17 10:00:00,2025,12,17,10,14.65,16.65,0.87,1.07,29.24,634.67,54.71
Karnali_Center,29.267,82.183,2025121711,2025-12-17 11:00:00,2025,12,17,11,16.27,15.62,1.58,1.09,42.58,655.35,53.03
Karnali_Center,29.267,82.183,2025121712,2025-12-17 12:00:00,2025,12,17,12,16.53,16.39,2.99,2.43,44.7,619.42,55.2
Karnali_Center,29.267,82.183,2025121713,2025-12-17 13:00:00,2025,12,17,13,15.93,18.43,3.57,3.0,40.66,488.52,60.8
Karnali_Center,29.267,82.183,2025121714,2025-12-17 14:00:00,2025,12,17,14,14.33,22.7,3.28,2.86,33.93,337.25,68.99
Karnali_Center,29.267,82.183,2025121715,2025-12-17 15:00:00,2025,12,17,15,11.21,38.79,1.97,2.2,22.17,168.52,78.96
Karnali_Center,29.267,82.183,2025121716,2025-12-17 16:00:00,2025,12,17,16,7.7,46.96,0.9,1.14,26.63,12.65,88.6
Karnali_Center,29.267,82.183,2025121717,2025-12-17 17:00:00,2025,12,17,17,5.56,48.08,1.33,1.46,22.93,0.0,90.0
Karnali_Center,29.267,82.183,2025121718,2025-12-17 18:00:00,2025,12,17,18,4.16,49.52,2.05,2.15,24.19,0.0,90.0
Karnali_Center,29.267,82.183,2025121719,2025-12-17 19:00:00,2025,12,17,19,3.69,45.81,2.25,2.33,18.64,0.0,90.0
Karnali_Center,29.267,82.183,2025121720,2025-12-17 20:00:00,2025,12,17,20,3.46,41.38,2.28,2.36,18.04,0.0,90.0
Karnali_Center,29.267,82.183,2025121721,2025-12-17 21:00:00,2025,12,17,21,3.31,38.98,2.28,2.35,14.41,0.0,90.0
Karnali_Center,29.267,82.183,2025121722,2025-12-17 22:00:00,2025,12,17,22,3.07,36.74,2.31,2.39,16.15,0.0,90.0
Karnali_Center,29.267,82.183,2025121723,2025-12-17 23:00:00,2025,12,17,23,2.77,35.18,2.43,2.49,19.16,0.0,90.0
Karnali_Center,29.267,82.183,2025121800,2025-12-18 00:00:00,2025,12,18,0,2.15,34.97,2.63,2.67,2.92,0.0,90.0
Karnali_Center,29.267,82.183,2025121801,2025-12-18 01:00:00,2025,12,18,1,1.46,35.72,2.84,2.88,23.84,0.0,90.0
Karnali_Center,29.267,82.183,2025121802,2025-12-18 02:00:00,2025,12,18,2,1.05,36.25,2.97,3.01,1.39,0.0,90.0
Karnali_Center,29.267,82.183,2025121803,2025-12-18 03:00:00,2025,12,18,3,1.0,35.49,2.96,3.01,25.63,0.0,90.0
Karnali_Center,29.267,82.183,2025121804,2025-12-18 04:00:00,2025,12,18,4,1.25,34.0,2.84,2.92,24.34,0.0,90.0
Karnali_Center,29.267,82.183,2025121805,2025-12-18 05:00:00,2025,12,18,5,1.62,32.29,2.68,2.79,26.84,0.0,90.0
Karnali_Center,29.267,82.183,2025121806,2025-12-18 06:00:00,2025,12,18,6,2.3,30.3,2.46,2.59,20.68,23.65,87.84
Karnali_Center,29.267,82.183,2025121807,2025-12-18 07:00:00,2025,12,18,7,4.96,40.21,2.05,2.32,8.81,211.57,77.69
Karnali_Center,29.267,82.183,2025121808,2025-12-18 08:00:00,2025,12,18,8,9.55,30.25,1.49,1.55,15.37,399.25,67.9
Karnali_Center,29.267,82.183,2025121809,2025-12-18 09:00:00,2025,12,18,9,12.64,17.58,0.58,0.52,10.13,572.05,59.98
Karnali_Center,29.267,82.183,2025121810,2025-12-18 10:00:00,2025,12,18,10,13.99,18.05,1.49,1.02,27.73,643.03,54.77
Karnali_Center,29.267,82.183,2025121811,2025-12-18 11:00:00,2025,12,18,11,14.71,18.94,2.13,1.53,35.59,684.25,53.06
Karnali_Center,29.267,82.183,2025121812,2025-12-18 12:00:00,2025,12,18,12,14.87,20.16,2.77,2.15,48.8,590.55,55.2
Karnali_Center,29.267,82.183,2025121813,2025-12-18 13:00:00,2025,12,18,13,14.37,22.15,2.99,2.41,56.53,498.75,60.77
Karnali_Center,29.267,82.183,2025121814,2025-12-18 14:00:00,2025,12,18,14,13.09,25.52,2.68,2.27,55.8,323.9,68.94
Karnali_Center,29.267,82.183,2025121815,2025-12-18 15:00:00,2025,12,18,15,10.54,37.83,1.49,1.69,49.13,161.9,78.89
Karnali_Center,29.267,82.183,2025121816,2025-12-18 16:00:00,2025,12,18,16,7.71,43.49,0.71,0.88,60.15,11.32,88.56
Karnali_Center,29.267,82.183,2025121817,2025-12-18 17:00:00,2025,12,18,17,5.68,47.25,1.41,1.57,61.56,0.0,90.0
Karnali_Center,29.267,82.183,2025121818,2025-12-18 18:00:00,2025,12,18,18,4.74,46.42,1.91,2.06,64.07,0.0,90.0
Karnali_Center,29.267,82.183,2025121819,2025-12-18 19:00:00,2025,12,18,19,4.28,43.63,2.08,2.22,33.78,0.0,90.0
Karnali_Center,29.267,82.183,2025121820,2025-12-18 20:00:00,2025,12,18,20,4.25,39.11,2.02,2.13,38.04,0.0,90.0
Karnali_Center,29.267,82.183,2025121821,2025-12-18 21:00:00,2025,12,18,21,3.79,35.18,1.96,2.06,42.22,0.0,90.0
Karnali_Center,29.267,82.183,2025121822,2025-12-18 22:00:00,2025,12,18,22,3.47,32.57,2.03,2.13,25.27,0.0,90.0
Karnali_Center,29.267,82.183,2025121823,2025-12-18 23:00:00,2025,12,18,23,3.31,30.08,2.14,2.22,10.89,0.0,90.0
Karnali_Center,29.267,82.183,2025121900,2025-12-19 00:00:00,2025,12,19,0,3.08,28.43,2.34,2.39,15.08,0.0,90.0
Karnali_Center,29.267,82.183,2025121901,2025-12-19 01:00:00,2025,12,19,1,3.06,26.63,2.42,2.44,3.27,0.0,90.0
Karnali_Center,29.267,82.183,2025121902,2025-12-19 02:00:00,2025,12,19,2,3.18,26.24,2.45,2.46,16.49,0.0,90.0
Karnali_Center,29.267,82.183,2025121903,2025-12-19 03:00:00,2025,12,19,3,3.45,27.51,2.48,2.48,17.63,0.0,90.0
Karnali_Center,29.267,82.183,2025121904,2025-12-19 04:00:00,2025,12,19,4,3.4,25.98,2.48,2.47,15.79,0.0,90.0
Karnali_Center,29.267,82.183,2025121905,2025-12-19 05:00:00,2025,12,19,5,3.13,24.08,2.5,2.46,15.95,0.0,90.0
Karnali_Center,29.267,82.183,2025121906,2025-12-19 06:00:00,2025,12,19,6,3.09,24.16,2.51,2.46,16.18,22.1,87.91
Karnali_Center,29.267,82.183,2025121907,2025-12-19 07:00:00,2025,12,19,7,5.46,37.69,2.28,2.43,12.44,198.93,77.79
Karnali_Center,29.267,82.183,2025121908,2025-12-19 08:00:00,2025,12,19,8,9.94,37.42,1.99,2.15,22.72,367.98,67.99
Karnali_Center,29.267,82.183,2025121909,2025-12-19 09:00:00,2025,12,19,9,14.11,15.06,1.17,1.24,23.23,529.0,60.06
Karnali_Center,29.267,82.183,2025121910,2025-12-19 10:00:00,2025,12,19,10,16.05,14.36,0.77,0.36,23.85,640.97,54.82
Karnali_Center,29.267,82.183,2025121911,2025-12-19 11:00:00,2025,12,19,11,16.69,15.04,2.11,1.66,38.19,644.67,53.08
Karnali_Center,29.267,82.183,2025121912,2025-12-19 12:00:00,2025,12,19,12,16.39,16.3,2.87,2.42,47.82,582.88,55.19
Karnali_Center,29.267,82.183,2025121913,2025-12-19 13:00:00,2025,12,19,13,15.32,18.78,3.06,2.67,43.95,484.73,60.73
Karnali_Center,29.267,82.183,2025121914,2025-12-19 14:00:00,2025,12,19,14,13.63,23.38,2.67,2.46,35.55,322.45,68.88
Karnali_Center,29.267,82.183,2025121915,2025-12-19 15:00:00,2025,12,19,15,10.63,41.44,1.48,1.9,19.55,159.9,78.82
Karnali_Center,29.267,82.183,2025121916,2025-12-19 16:00:00,2025,12,19,16,7.73,47.01,1.01,1.28,18.4,12.3,88.52
Karnali_Center,29.267,82.183,2025121917,2025-12-19 17:00:00,2025,12,19,17,6.38,47.03,1.56,1.79,9.89,0.0,90.0
Karnali_Center,29.267,82.183,2025121918,2025-12-19 18:00:00,2025,12,19,18,5.72,45.59,1.9,2.12,13.08,0.0,90.0
Karnali_Center,29.267,82.183,2025121919,2025-12-19 19:00:00,2025,12,19,19,5.72,42.08,1.97,2.17,13.09,0.0,90.0
Karnali_Center,29.267,82.183,2025121920,2025-12-19 20:00:00,2025,12,19,20,5.69,39.52,1.98,2.15,11.35,0.0,90.0
Karnali_Center,29.267,82.183,2025121921,2025-12-19 21:00:00,2025,12,19,21,5.37,36.79,2.04,2.17,15.44,0.0,90.0
Karnali_Center,29.267,82.183,2025121922,2025-12-19 22:00:00,2025,12,19,22,4.78,35.1,2.2,2.31,12.04,0.0,90.0
Karnali_Center,29.267,82.183,2025121923,2025-12-19 23:00:00,2025,12,19,23,4.21,34.7,2.38,2.47,11.01,0.0,90.0
Karnali_Center,29.267,82.183,2025122000,2025-12-20 00:00:00,2025,12,20,0,3.79,33.85,2.52,2.57,13.07,0.0,90.0
Karnali_Center,29.267,82.183,2025122001,2025-12-20 01:00:00,2025,12,20,1,3.33,33.77,2.64,2.66,1.41,0.0,90.0
Karnali_Center,29.267,82.183,2025122002,2025-12-20 02:00:00,2025,12,20,2,2.81,34.1,2.74,2.77,12.45,0.0,90.0
Karnali_Center,29.267,82.183,2025122003,2025-12-20 03:00:00,2025,12,20,3,2.25,34.84,2.86,2.88,15.35,0.0,90.0
Karnali_Center,29.267,82.183,2025122004,2025-12-20 04:00:00,2025,12,20,4,1.71,36.22,2.98,3.0,17.03,0.0,90.0
Karnali_Center,29.267,82.183,2025122005,2025-12-20 05:00:00,2025,12,20,5,1.4,36.72,3.01,3.04,16.9,0.0,90.0
Karnali_Center,29.267,82.183,2025122006,2025-12-20 06:00:00,2025,12,20,6,1.4,37.6,2.96,2.98,17.31,21.17,87.97
Karnali_Center,29.267,82.183,2025122007,2025-12-20 07:00:00,2025,12,20,7,4.39,49.63,2.64,2.94,12.95,197.18,77.88
Karnali_Center,29.267,82.183,2025122008,2025-12-20 08:00:00,2025,12,20,8,9.39,30.92,2.79,2.54,23.58,373.42,68.08
Karnali_Center,29.267,82.183,2025122009,2025-12-20 09:00:00,2025,12,20,9,13.13,20.93,1.51,1.5,24.34,533.75,60.13
Karnali_Center,29.267,82.183,2025122010,2025-12-20 10:00:00,2025,12,20,10,15.6,17.63,0.76,0.43,25.56,646.35,54.86
Karnali_Center,29.267,82.183,2025122011,2025-12-20 11:00:00,2025,12,20,11,16.64,17.03,2.17,1.74,42.44,657.42,53.1
Karnali_Center,29.267,82.183,2025122012,2025-12-20 12:00:00,2025,12,20,12,16.79,17.64,2.63,2.16,41.1,611.85,55.17
Karnali_Center,29.267,82.183,2025122013,2025-12-20 13:00:00,2025,12,20,13,16.38,18.83,2.67,2.23,37.93,491.9,60.68
Karnali_Center,29.267,82.183,2025122014,2025-12-20 14:00:00,2025,12,20,14,15.12,21.68,2.48,2.16,31.68,338.2,68.81
Karnali_Center,29.267,82.183,2025122015,2025-12-20 15:00:00,2025,12,20,15,12.36,36.45,1.44,1.71,19.0,168.48,78.74
Karnali_Center,29.267,82.183,2025122016,2025-12-20 16:00:00,2025,12,20,16,9.08,39.39,0.79,0.94,21.01,13.48,88.48
Karnali_Center,29.267,82.183,2025122017,2025-12-20 17:00:00,2025,12,20,17,6.52,42.31,1.83,1.96,15.63,0.0,90.0
Karnali_Center,29.267,82.183,2025122018,2025-12-20 18:00:00,2025,12,20,18,5.53,40.88,2.33,2.4,16.42,0.0,90.0
Karnali_Center,29.267,82.183,2025122019,2025-12-20 19:00:00,2025,12,20,19,4.72,38.68,2.57,2.61,19.28,0.0,90.0
Karnali_Center,29.267,82.183,2025122020,2025-12-20 20:00:00,2025,12,20,20,4.03,36.78,2.71,2.76,13.89,0.0,90.0
Karnali_Center,29.267,82.183,2025122021,2025-12-20 21:00:00,2025,12,20,21,3.4,35.77,2.81,2.89,13.73,0.0,90.0
Karnali_Center,29.267,82.183,2025122022,2025-12-20 22:00:00,2025,12,20,22,3.05,34.22,2.81,2.9,14.22,0.0,90.0
Karnali_Center,29.267,82.183,2025122023,2025-12-20 23:00:00,2025,12,20,23,2.87,32.81,2.78,2.88,18.3,0.0,90.0
Karnali_Center,29.267,82.183,2025122100,2025-12-21 00:00:00,2025,12,21,0,2.77,31.49,2.76,2.86,11.88,0.0,90.0
Karnali_Center,29.267,82.183,2025122101,2025-12-21 01:00:00,2025,12,21,1,2.69,30.42,2.77,2.87,2.14,0.0,90.0
Karnali_Center,29.267,82.183,2025122102,2025-12-21 02:00:00,2025,12,21,2,2.9,28.89,2.69,2.79,12.3,0.0,90.0
Karnali_Center,29.267,82.183,2025122103,2025-12-21 03:00:00,2025,12,21,3,3.43,26.93,2.47,2.58,10.72,0.0,90.0
Karnali_Center,29.267,82.183,2025122104,2025-12-21 04:00:00,2025,12,21,4,4.21,24.52,2.13,2.25,14.07,0.0,90.0
Karnali_Center,29.267,82.183,2025122105,2025-12-21 05:00:00,2025,12,21,5,4.27,24.58,1.73,1.88,13.06,0.0,90.0
Karnali_Center,29.267,82.183,2025122106,2025-12-21 06:00:00,2025,12,21,6,5.27,22.55,1.5,1.61,19.86,19.73,88.03
Karnali_Center,29.267,82.183,2025122107,2025-12-21 07:00:00,2025,12,21,7,7.3,32.63,1.23,1.41,21.52,187.48,77.98
Karnali_Center,29.267,82.183,2025122108,2025-12-21 08:00:00,2025,12,21,8,11.09,25.91,0.99,0.96,36.58,339.98,68.16
Karnali_Center,29.267,82.183,2025122109,2025-12-21 09:00:00,2025,12,21,9,14.02,17.91,0.99,0.84,43.46,486.33,60.19
Karnali_Center,29.267,82.183,2025122110,2025-12-21 10:00:00,2025,12,21,10,15.56,19.82,2.11,1.85,51.19,590.58,54.9
Karnali_Center,29.267,82.183,2025122111,2025-12-21 11:00:00,2025,12,21,11,16.21,21.18,2.92,2.61,72.79,583.88,53.1
Karnali_Center,29.267,82.183,2025122112,2025-12-21 12:00:00,2025,12,21,12,16.17,22.79,3.38,3.05,90.68,588.8,55.14
Karnali_Center,29.267,82.183,2025122113,2025-12-21 13:00:00,2025,12,21,13,15.61,24.85,3.49,3.2,91.38,488.33,60.63
Karnali_Center,29.267,82.183,2025122114,2025-12-21 14:00:00,2025,12,21,14,14.32,28.7,3.13,2.93,91.27,339.02,68.74
Karnali_Center,29.267,82.183,2025122115,2025-12-21 15:00:00,2025,12,21,15,11.6,46.88,1.76,2.26,89.54,154.57,78.65
Karnali_Center,29.267,82.183,2025122116,2025-12-21 16:00:00,2025,12,21,16,8.24,53.89,1.22,1.5,97.59,10.77,88.43
Karnali_Center,29.267,82.183,2025122117,2025-12-21 17:00:00,2025,12,21,17,6.8,54.49,1.23,1.39,98.88,0.0,90.0
Karnali_Center,29.267,82.183,2025122118,2025-12-21 18:00:00,2025,12,21,18,5.93,55.9,1.71,1.83,98.73,0.0,90.0
Karnali_Center,29.267,82.183,2025122119,2025-12-21 19:00:00,2025,12,21,19,5.42,55.87,1.89,2.03,99.33,0.0,90.0
Karnali_Center,29.267,82.183,2025122120,2025-12-21 20:00:00,2025,12,21,20,5.26,54.94,1.81,1.99,98.99,0.0,90.0
Karnali_Center,29.267,82.183,2025122121,2025-12-21 21:00:00,2025,12,21,21,4.71,54.12,1.88,2.08,99.08,0.0,90.0
Karnali_Center,29.267,82.183,2025122122,2025-12-21 22:00:00,2025,12,21,22,4.17,53.8,2.01,2.23,99.24,0.0,90.0
Karnali_Center,29.267,82.183,2025122123,2025-12-21 23:00:00,2025,12,21,23,3.71,52.21,2.15,2.36,97.78,0.0,90.0
Karnali_Center,29.267,82.183,2025122200,2025-12-22 00:00:00,2025,12,22,0,3.49,49.62,2.15,2.35,88.57,0.0,90.0
Karnali_Center,29.267,82.183,2025122201,2025-12-22 01:00:00,2025,12,22,1,3.63,47.81,2.07,2.28,80.44,0.0,90.0
Karnali_Center,29.267,82.183,2025122202,2025-12-22 02:00:00,2025,12,22,2,3.67,46.06,2.02,2.22,74.25,0.0,90.0
Karnali_Center,29.267,82.183,2025122203,2025-12-22 03:00:00,2025,12,22,3,3.65,44.51,2.0,2.19,72.46,0.0,90.0
Karnali_Center,29.267,82.183,2025122204,2025-12-22 04:00:00,2025,12,22,4,3.32,42.72,2.01,2.18,89.25,0.0,90.0
Karnali_Center,29.267,82.183,2025122205,2025-12-22 05:00:00,2025,12,22,5,3.02,41.37,2.06,2.22,83.62,0.0,90.0
Karnali_Center,29.267,82.183,2025122206,2025-12-22 06:00:00,2025,12,22,6,3.04,41.34,2.02,2.18,73.47,15.27,88.08
Karnali_Center,29.267,82.183,2025122207,2025-12-22 07:00:00,2025,12,22,7,5.3,52.05,1.76,2.06,61.37,176.9,78.06
Karnali_Center,29.267,82.183,2025122208,2025-12-22 08:00:00,2025,12,22,8,9.46,36.26,1.55,1.52,54.74,341.73,68.23
Karnali_Center,29.267,82.183,2025122209,2025-12-22 09:00:00,2025,12,22,9,12.59,27.31,1.47,1.3,46.5,492.83,60.24
Karnali_Center,29.267,82.183,2025122210,2025-12-22 10:00:00,2025,12,22,10,14.29,24.36,2.51,2.18,39.16,606.6,54.93
Karnali_Center,29.267,82.183,2025122211,2025-12-22 11:00:00,2025,12,22,11,15.0,24.06,3.42,3.0,44.42,635.15,53.1
Karnali_Center,29.267,82.183,2025122212,2025-12-22 12:00:00,2025,12,22,12,15.0,24.98,3.9,3.47,62.45,590.4,55.11
Karnali_Center,29.267,82.183,2025122213,2025-12-22 13:00:00,2025,12,22,13,14.5,26.27,3.9,3.53,51.94,481.38,60.57
Karnali_Center,29.267,82.183,2025122214,2025-12-22 14:00:00,2025,12,22,14,13.42,28.25,3.48,3.2,42.44,336.7,68.66
Karnali_Center,29.267,82.183,2025122215,2025-12-22 15:00:00,2025,12,22,15,11.23,38.25,2.21,2.5,27.56,175.75,78.56
Karnali_Center,29.267,82.183,2025122216,2025-12-22 16:00:00,2025,12,22,16,7.29,54.31,1.45,1.81,25.37,15.68,88.38
Karnali_Center,29.267,82.183,2025122217,2025-12-22 17:00:00,2025,12,22,17,5.67,52.55,1.43,1.66,16.97,0.0,90.0
Karnali_Center,29.267,82.183,2025122218,2025-12-22 18:00:00,2025,12,22,18,4.38,54.75,1.81,1.99,15.17,0.0,90.0
Karnali_Center,29.267,82.183,2025122219,2025-12-22 19:00:00,2025,12,22,19,3.37,55.09,2.08,2.27,16.42,0.0,90.0
Karnali_Center,29.267,82.183,2025122220,2025-12-22 20:00:00,2025,12,22,20,2.36,55.19,2.32,2.51,17.45,0.0,90.0
Karnali_Center,29.267,82.183,2025122221,2025-12-22 21:00:00,2025,12,22,21,1.45,55.13,2.5,2.7,16.74,0.0,90.0
Karnali_Center,29.267,82.183,2025122222,2025-12-22 22:00:00,2025,12,22,22,0.74,53.69,2.61,2.81,13.53,0.0,90.0
Karnali_Center,29.267,82.183,2025122223,2025-12-22 23:00:00,2025,12,22,23,0.27,51.25,2.66,2.87,19.73,0.0,90.0
Karnali_Center,29.267,82.183,2025122300,2025-12-23 00:00:00,2025,12,23,0,-0.01,48.51,2.66,2.87,4.77,0.0,90.0
Karnali_Center,29.267,82.183,2025122301,2025-12-23 01:00:00,2025,12,23,1,-0.13,45.33,2.6,2.81,15.72,0.0,90.0
Karnali_Center,29.267,82.183,2025122302,2025-12-23 02:00:00,2025,12,23,2,0.0,41.8,2.51,2.69,15.61,0.0,90.0
Karnali_Center,29.267,82.183,2025122303,2025-12-23 03:00:00,2025,12,23,3,0.34,38.37,2.35,2.51,11.91,0.0,90.0
Karnali_Center,29.267,82.183,2025122304,2025-12-23 04:00:00,2025,12,23,4,0.73,35.32,2.16,2.32,25.36,0.0,90.0
Karnali_Center,29.267,82.183,2025122305,2025-12-23 05:00:00,2025,12,23,5,1.21,32.23,1.95,2.07,14.14,0.0,90.0
Karnali_Center,29.267,82.183,2025122306,2025-12-23 06:00:00,2025,12,23,6,1.83,29.85,1.75,1.92,16.11,21.52,88.13
Karnali_Center,29.267,82.183,2025122307,2025-12-23 07:00:00,2025,12,23,7,4.63,38.36,1.59,1.79,10.04,206.57,78.15
Karnali_Center,29.267,82.183,2025122308,2025-12-23 08:00:00,2025,12,23,8,8.54,26.73,1.33,1.33,22.31,384.38,68.3
Karnali_Center,29.267,82.183,2025122309,2025-12-23 09:00:00,2025,12,23,9,10.78,15.04,1.49,1.47,26.47,539.95,60.29
Karnali_Center,29.267,82.183,2025122310,2025-12-23 10:00:00,2025,12,23,10,11.96,14.9,2.72,2.59,30.81,645.65,54.95
Karnali_Center,29.267,82.183,2025122311,2025-12-23 11:00:00,2025,12,23,11,12.46,15.2,3.58,3.37,34.42,699.55,53.09
Karnali_Center,29.267,82.183,2025122312,2025-12-23 12:00:00,2025,12,23,12,12.43,16.01,4.02,3.75,49.02,617.0,55.07
Karnali_Center,29.267,82.183,2025122313,2025-12-23 13:00:00,2025,12,23,13,11.91,16.98,3.96,3.71,40.77,517.2,60.5
Karnali_Center,29.267,82.183,2025122314,2025-12-23 14:00:00,2025,12,23,14,10.83,18.5,3.44,3.26,31.8,363.1,68.58
Karnali_Center,29.267,82.183,2025122315,2025-12-23 15:00:00,2025,12,23,15,8.77,28.08,2.13,2.42,17.14,194.5,78.47
Karnali_Center,29.267,82.183,2025122316,2025-12-23 16:00:00,2025,12,23,16,5.25,39.78,1.3,1.62,21.58,18.0,88.33
Karnali_Center,29.267,82.183,2025122317,2025-12-23 17:00:00,2025,12,23,17,3.84,36.05,1.1,1.33,13.86,0.0,90.0
Karnali_Center,29.267,82.183,2025122318,2025-12-23 18:00:00,2025,12,23,18,2.65,37.19,1.42,1.61,19.08,0.0,90.0
Karnali_Center,29.267,82.183,2025122319,2025-12-23 19:00:00,2025,12,23,19,1.92,36.06,1.76,1.9,20.29,0.0,90.0
Karnali_Center,29.267,82.183,2025122320,2025-12-23 20:00:00,2025,12,23,20,1.24,35.09,1.87,1.98,16.21,0.0,90.0
Karnali_Center,29.267,82.183,2025122321,2025-12-23 21:00:00,2025,12,23,21,0.56,34.67,2.03,2.13,24.34,0.0,90.0
Karnali_Center,29.267,82.183,2025122322,2025-12-23 22:00:00,2025,12,23,22,-0.09,34.45,2.15,2.23,26.85,0.0,90.0
Karnali_Center,29.267,82.183,2025122323,2025-12-23 23:00:00,2025,12,23,23,-0.62,34.59,2.25,2.33,31.2,0.0,90.0
Karnali_Center,29.267,82.183,2025122400,2025-12-24 00:00:00,2025,12,24,0,-0.94,34.49,2.33,2.43,2.11,0.0,90.0
Karnali_Center,29.267,82.183,2025122401,2025-12-24 01:00:00,2025,12,24,1,-1.17,33.49,2.37,2.47,2.62,0.0,90.0
Karnali_Center,29.267,82.183,2025122402,2025-12-24 02:00:00,2025,12,24,2,-1.26,32.68,2.39,2.47,33.24,0.0,90.0
Karnali_Center,29.267,82.183,2025122403,2025-12-24 03:00:00,2025,12,24,3,-1.37,32.12,2.41,2.5,34.55,0.0,90.0
Karnali_Center,29.267,82.183,2025122404,2025-12-24 04:00:00,2025,12,24,4,-1.33,31.38,2.39,2.48,34.47,0.0,90.0
Karnali_Center,29.267,82.183,2025122405,2025-12-24 05:00:00,2025,12,24,5,-1.08,29.92,2.3,2.4,36.98,0.0,90.0
Karnali_Center,29.267,82.183,2025122406,2025-12-24 06:00:00,2025,12,24,6,-0.61,29.19,2.16,2.27,34.83,19.48,88.18
Karnali_Center,29.267,82.183,2025122407,2025-12-24 07:00:00,2025,12,24,7,2.06,45.56,1.72,2.03,25.32,194.4,78.22
Karnali_Center,29.267,82.183,2025122408,2025-12-24 08:00:00,2025,12,24,8,6.17,22.95,1.58,1.42,31.21,372.8,68.36
Karnali_Center,29.267,82.183,2025122409,2025-12-24 09:00:00,2025,12,24,9,9.21,12.91,1.37,1.18,31.16,535.17,60.34
Karnali_Center,29.267,82.183,2025122410,2025-12-24 10:00:00,2025,12,24,10,10.47,12.95,2.49,2.13,30.83,647.12,54.97
Karnali_Center,29.267,82.183,2025122411,2025-12-24 11:00:00,2025,12,24,11,11.07,13.74,3.16,2.69,46.41,656.35,53.07
Karnali_Center,29.267,82.183,2025122412,2025-12-24 12:00:00,2025,12,24,12,11.18,15.02,3.49,2.94,48.42,610.83,55.02
Karnali_Center,29.267,82.183,2025122413,2025-12-24 13:00:00,2025,12,24,13,10.83,16.34,3.5,2.95,36.32,534.2,60.43
Karnali_Center,29.267,82.183,2025122414,2025-12-24 14:00:00,2025,12,24,14,9.8,18.55,3.25,2.81,33.3,362.25,68.49
Karnali_Center,29.267,82.183,2025122415,2025-12-24 15:00:00,2025,12,24,15,7.6,29.48,2.19,2.36,19.89,184.75,78.37
Karnali_Center,29.267,82.183,2025122416,2025-12-24 16:00:00,2025,12,24,16,4.04,41.7,1.25,1.51,22.97,16.77,88.27
Karnali_Center,29.267,82.183,2025122417,2025-12-24 17:00:00,2025,12,24,17,2.87,36.72,0.8,0.91,17.33,0.0,90.0
Karnali_Center,29.267,82.183,2025122418,2025-12-24 18:00:00,2025,12,24,18,1.16,40.47,1.57,1.71,17.34,0.0,90.0
Karnali_Center,29.267,82.183,2025122419,2025-12-24 19:00:00,2025,12,24,19,0.35,39.98,2.02,2.14,1.79,0.0,90.0
Karnali_Center,29.267,82.183,2025122420,2025-12-24 20:00:00,2025,12,24,20,-0.25,38.4,2.21,2.31,21.55,0.0,90.0
Karnali_Center,29.267,82.183,2025122421,2025-12-24 21:00:00,2025,12,24,21,-0.76,37.63,2.35,2.44,25.93,0.0,90.0
Karnali_Center,29.267,82.183,2025122422,2025-12-24 22:00:00,2025,12,24,22,-1.19,37.94,2.51,2.6,26.55,0.0,90.0
Karnali_Center,29.267,82.183,2025122423,2025-12-24 23:00:00,2025,12,24,23,-1.44,37.22,2.56,2.65,30.87,0.0,90.0
Karnali_Center,29.267,82.183,2025122500,2025-12-25 00:00:00,2025,12,25,0,-1.38,35.34,2.45,2.53,30.81,0.0,90.0
Karnali_Center,29.267,82.183,2025122501,2025-12-25 01:00:00,2025,12,25,1,-1.26,33.52,2.34,2.42,2.08,0.0,90.0
Karnali_Center,29.267,82.183,2025122502,2025-12-25 02:00:00,2025,12,25,2,-1.18,33.5,2.35,2.45,30.96,0.0,90.0
Karnali_Center,29.267,82.183,2025122503,2025-12-25 03:00:00,2025,12,25,3,-1.37,32.55,2.47,2.58,33.44,0.0,90.0
Karnali_Center,29.267,82.183,2025122504,2025-12-25 04:00:00,2025,12,25,4,-1.33,31.6,2.55,2.66,40.87,0.0,90.0
Karnali_Center,29.267,82.183,2025122505,2025-12-25 05:00:00,2025,12,25,5,-1.21,30.68,2.62,2.72,35.18,0.0,90.0
Karnali_Center,29.267,82.183,2025122506,2025-12-25 06:00:00,2025,12,25,6,-0.72,29.67,2.55,2.67,32.96,19.73,88.23
Karnali_Center,29.267,82.183,2025122507,2025-12-25 07:00:00,2025,12,25,7,2.24,43.9,2.06,2.37,24.78,195.9,78.29
Karnali_Center,29.267,82.183,2025122508,2025-12-25 08:00:00,2025,12,25,8,6.8,26.09,1.64,1.72,30.67,372.0,68.42
Karnali_Center,29.267,82.183,2025122509,2025-12-25 09:00:00,2025,12,25,9,9.95,14.38,0.8,0.72,30.28,536.4,60.37
Karnali_Center,29.267,82.183,2025122510,2025-12-25 10:00:00,2025,12,25,10,11.53,14.13,1.5,1.12,29.57,653.22,54.97
Karnali_Center,29.267,82.183,2025122511,2025-12-25 11:00:00,2025,12,25,11,12.48,14.53,2.14,1.7,45.71,634.1,53.05
Karnali_Center,29.267,82.183,2025122512,2025-12-25 12:00:00,2025,12,25,12,12.84,15.58,2.82,2.32,47.86,624.12,54.96
Karnali_Center,29.267,82.183,2025122513,2025-12-25 13:00:00,2025,12,25,13,12.39,17.64,3.4,2.88,42.29,510.6,60.35
Karnali_Center,29.267,82.183,2025122514,2025-12-25 14:00:00,2025,12,25,14,11.03,21.5,3.36,2.93,36.93,354.55,68.4
Karnali_Center,29.267,82.183,2025122515,2025-12-25 15:00:00,2025,12,25,15,8.35,35.6,2.06,2.35,23.4,185.48,78.27
Karnali_Center,29.267,82.183,2025122516,2025-12-25 16:00:00,2025,12,25,16,4.26,48.62,1.37,1.66,24.27,17.4,88.21
Karnali_Center,29.267,82.183,2025122517,2025-12-25 17:00:00,2025,12,25,17,2.68,46.0,1.51,1.72,18.4,0.0,90.0
Karnali_Center,29.267,82.183,2025122518,2025-12-25 18:00:00,2025,12,25,18,1.31,47.32,2.19,2.39,19.43,0.0,90.0
Karnali_Center,29.267,82.183,2025122519,2025-12-25 19:00:00,2025,12,25,19,0.81,44.25,2.35,2.54,2.53,0.0,90.0
Karnali_Center,29.267,82.183,2025122520,2025-12-25 20:00:00,2025,12,25,20,1.24,38.59,2.04,2.19,1.24,0.0,90.0
Karnali_Center,29.267,82.183,2025122521,2025-12-25 21:00:00,2025,12,25,21,0.84,36.7,2.19,2.35,18.27,0.0,90.0
Karnali_Center,29.267,82.183,2025122522,2025-12-25 22:00:00,2025,12,25,22,0.67,34.98,2.28,2.45,2.06,0.0,90.0
Karnali_Center,29.267,82.183,2025122523,2025-12-25 23:00:00,2025,12,25,23,0.69,34.02,2.34,2.52,12.67,0.0,90.0
Karnali_Center,29.267,82.183,2025122600,2025-12-26 00:00:00,2025,12,26,0,0.84,32.76,2.37,2.54,3.5,0.0,90.0
Karnali_Center,29.267,82.183,2025122601,2025-12-26 01:00:00,2025,12,26,1,0.86,30.57,2.39,2.54,16.04,0.0,90.0
Karnali_Center,29.267,82.183,2025122602,2025-12-26 02:00:00,2025,12,26,2,0.94,32.15,2.47,2.62,49.73,0.0,90.0
Karnali_Center,29.267,82.183,2025122603,2025-12-26 03:00:00,2025,12,26,3,0.84,31.83,2.48,2.61,47.3,0.0,90.0
Karnali_Center,29.267,82.183,2025122604,2025-12-26 04:00:00,2025,12,26,4,0.73,32.45,2.56,2.68,35.12,0.0,90.0
Karnali_Center,29.267,82.183,2025122605,2025-12-26 05:00:00,2025,12,26,5,-0.06,30.4,2.64,2.73,32.41,0.0,90.0
Karnali_Center,29.267,82.183,2025122606,2025-12-26 06:00:00,2025,12,26,6,0.28,30.95,2.55,2.64,45.48,15.57,88.27
Karnali_Center,29.267,82.183,2025122607,2025-12-26 07:00:00,2025,12,26,7,2.01,45.0,2.36,2.65,58.27,147.32,78.36
Karnali_Center,29.267,82.183,2025122608,2025-12-26 08:00:00,2025,12,26,8,5.82,35.69,2.04,2.32,72.68,257.1,68.47
Karnali_Center,29.267,82.183,2025122609,2025-12-26 09:00:00,2025,12,26,9,9.19,17.82,1.61,1.57,83.75,387.5,60.4
Karnali_Center,29.267,82.183,2025122610,2025-12-26 10:00:00,2025,12,26,10,11.4,14.25,0.69,0.53,95.46,514.97,54.97
Karnali_Center,29.267,82.183,2025122611,2025-12-26 11:00:00,2025,12,26,11,12.3,14.39,2.23,1.92,97.51,524.25,53.02
Karnali_Center,29.267,82.183,2025122612,2025-12-26 12:00:00,2025,12,26,12,12.44,14.88,2.93,2.57,97.47,488.77,54.9
Karnali_Center,29.267,82.183,2025122613,2025-12-26 13:00:00,2025,12,26,13,11.77,16.46,3.18,2.8,83.01,368.42,60.27
Karnali_Center,29.267,82.183,2025122614,2025-12-26 14:00:00,2025,12,26,14,10.48,19.47,2.85,2.57,69.95,255.18,68.3
Karnali_Center,29.267,82.183,2025122615,2025-12-26 15:00:00,2025,12,26,15,8.3,34.74,1.76,2.04,53.56,145.25,78.16
Karnali_Center,29.267,82.183,2025122616,2025-12-26 16:00:00,2025,12,26,16,5.42,40.82,0.94,1.14,35.42,15.1,88.15
Karnali_Center,29.267,82.183,2025122617,2025-12-26 17:00:00,2025,12,26,17,4.18,38.4,0.75,0.82,20.32,0.0,90.0
Karnali_Center,29.267,82.183,2025122618,2025-12-26 18:00:00,2025,12,26,18,2.32,42.56,1.43,1.58,14.63,0.0,90.0
Karnali_Center,29.267,82.183,2025122619,2025-12-26 19:00:00,2025,12,26,19,1.67,40.76,1.88,2.03,26.68,0.0,90.0
Karnali_Center,29.267,82.183,2025122620,2025-12-26 20:00:00,2025,12,26,20,1.02,39.37,2.1,2.25,21.7,0.0,90.0
Karnali_Center,29.267,82.183,2025122621,2025-12-26 21:00:00,2025,12,26,21,0.81,36.93,2.08,2.22,16.79,0.0,90.0
Karnali_Center,29.267,82.183,2025122622,2025-12-26 22:00:00,2025,12,26,22,1.02,35.48,2.01,2.18,15.53,0.0,90.0
Karnali_Center,29.267,82.183,2025122623,2025-12-26 23:00:00,2025,12,26,23,0.67,34.93,2.17,2.33,17.99,0.0,90.0
Karnali_Center,29.267,82.183,2025122700,2025-12-27 00:00:00,2025,12,27,0,0.11,32.99,2.32,2.48,17.22,0.0,90.0
Karnali_Center,29.267,82.183,2025122701,2025-12-27 01:00:00,2025,12,27,1,-0.08,31.57,2.36,2.5,3.55,0.0,90.0
Karnali_Center,29.267,82.183,2025122702,2025-12-27 02:00:00,2025,12,27,2,-0.25,31.05,2.43,2.56,20.28,0.0,90.0
Karnali_Center,29.267,82.183,2025122703,2025-12-27 03:00:00,2025,12,27,3,-0.43,31.12,2.48,2.6,24.68,0.0,90.0
Karnali_Center,29.267,82.183,2025122704,2025-12-27 04:00:00,2025,12,27,4,-0.53,30.99,2.5,2.59,28.37,0.0,90.0
Karnali_Center,29.267,82.183,2025122705,2025-12-27 05:00:00,2025,12,27,5,-0.59,30.96,2.48,2.56,23.06,0.0,90.0
Karnali_Center,29.267,82.183,2025122706,2025-12-27 06:00:00,2025,12,27,6,-0.49,31.71,2.44,2.53,25.66,16.38,88.31
Karnali_Center,29.267,82.183,2025122707,2025-12-27 07:00:00,2025,12,27,7,2.08,49.16,2.06,2.43,25.93,177.18,78.42
Karnali_Center,29.267,82.183,2025122708,2025-12-27 08:00:00,2025,12,27,8,6.61,24.21,1.93,1.75,37.6,331.17,68.52
Karnali_Center,29.267,82.183,2025122709,2025-12-27 09:00:00,2025,12,27,9,9.9,15.76,0.9,0.88,40.56,472.65,60.42
Karnali_Center,29.267,82.183,2025122710,2025-12-27 10:00:00,2025,12,27,10,11.44,15.76,2.31,2.05,44.08,568.75,54.97
Karnali_Center,29.267,82.183,2025122711,2025-12-27 11:00:00,2025,12,27,11,12.15,16.08,3.02,2.64,58.69,572.03,52.98
Karnali_Center,29.267,82.183,2025122712,2025-12-27 12:00:00,2025,12,27,12,12.32,17.02,3.36,2.93,64.76,525.42,54.83
Karnali_Center,29.267,82.183,2025122713,2025-12-27 13:00:00,2025,12,27,13,12.02,18.17,3.46,3.03,56.73,446.02,60.18
Karnali_Center,29.267,82.183,2025122714,2025-12-27 14:00:00,2025,12,27,14,10.99,20.59,3.24,2.89,48.68,317.08,68.19
Karnali_Center,29.267,82.183,2025122715,2025-12-27 15:00:00,2025,12,27,15,8.75,32.81,2.14,2.34,33.32,169.77,78.05
Karnali_Center,29.267,82.183,2025122716,2025-12-27 16:00:00,2025,12,27,16,5.06,46.11,1.29,1.58,28.01,16.65,88.08
Karnali_Center,29.267,82.183,2025122717,2025-12-27 17:00:00,2025,12,27,17,3.41,44.86,1.13,1.31,19.33,0.0,90.0
Karnali_Center,29.267,82.183,2025122718,2025-12-27 18:00:00,2025,12,27,18,2.35,45.36,1.68,1.84,18.36,0.0,90.0
Karnali_Center,29.267,82.183,2025122719,2025-12-27 19:00:00,2025,12,27,19,1.44,45.03,2.03,2.19,14.62,0.0,90.0
Karnali_Center,29.267,82.183,2025122720,2025-12-27 20:00:00,2025,12,27,20,0.85,43.26,2.17,2.33,20.17,0.0,90.0
Karnali_Center,29.267,82.183,2025122721,2025-12-27 21:00:00,2025,12,27,21,0.37,41.29,2.23,2.39,1.22,0.0,90.0
Karnali_Center,29.267,82.183,2025122722,2025-12-27 22:00:00,2025,12,27,22,-0.26,40.04,2.35,2.5,19.18,0.0,90.0
Karnali_Center,29.267,82.183,2025122723,2025-12-27 23:00:00,2025,12,27,23,-0.86,40.23,2.51,2.65,31.96,0.0,90.0
Karnali_Center,29.267,82.183,2025122800,2025-12-28 00:00:00,2025,12,28,0,-1.23,40.44,2.62,2.76,28.67,0.0,90.0
Karnali_Center,29.267,82.183,2025122801,2025-12-28 01:00:00,2025,12,28,1,-1.47,40.39,2.7,2.82,39.99,0.0,90.0
Karnali_Center,29.267,82.183,2025122802,2025-12-28 02:00:00,2025,12,28,2,-1.47,39.74,2.68,2.8,28.34,0.0,90.0
Karnali_Center,29.267,82.183,2025122803,2025-12-28 03:00:00,2025,12,28,3,-1.31,38.36,2.6,2.71,38.77,0.0,90.0
Karnali_Center,29.267,82.183,2025122804,2025-12-28 04:00:00,2025,12,28,4,-1.17,37.31,2.53,2.63,30.7,0.0,90.0
Karnali_Center,29.267,82.183,2025122805,2025-12-28 05:00:00,2025,12,28,5,-1.17,36.71,2.54,2.65,30.67,0.0,90.0
Karnali_Center,29.267,82.183,2025122806,2025-12-28 06:00:00,2025,12,28,6,-1.01,37.27,2.54,2.66,33.25,14.9,88.34
Karnali_Center,29.267,82.183,2025122807,2025-12-28 07:00:00,2025,12,28,7,1.98,51.72,2.11,2.58,29.57,173.77,78.48
Karnali_Center,29.267,82.183,2025122808,2025-12-28 08:00:00,2025,12,28,8,6.54,24.36,2.34,2.08,39.13,339.35,68.56
Karnali_Center,29.267,82.183,2025122809,2025-12-28 09:00:00,2025,12,28,9,10.06,17.87,0.36,0.4,42.66,489.9,60.44
Karnali_Center,29.267,82.183,2025122810,2025-12-28 10:00:00,2025,12,28,10,11.57,19.04,2.32,2.12,46.46,599.83,54.95
Karnali_Center,29.267,82.183,2025122811,2025-12-28 11:00:00,2025,12,28,11,12.2,19.79,3.18,2.84,56.04,621.62,52.93
Karnali_Center,29.267,82.183,2025122812,2025-12-28 12:00:00,2025,12,28,12,12.32,20.82,3.6,3.18,47.58,610.97,54.75
Karnali_Center,29.267,82.183,2025122813,2025-12-28 13:00:00,2025,12,28,13,11.96,21.96,3.74,3.3,41.49,505.1,60.08
Karnali_Center,29.267,82.183,2025122814,2025-12-28 14:00:00,2025,12,28,14,10.88,24.03,3.63,3.27,35.75,352.58,68.08
Karnali_Center,29.267,82.183,2025122815,2025-12-28 15:00:00,2025,12,28,15,8.57,34.69,2.5,2.77,22.85,185.95,77.93
Karnali_Center,29.267,82.183,2025122816,2025-12-28 16:00:00,2025,12,28,16,4.86,48.93,1.42,1.77,21.98,18.48,88.01
Karnali_Center,29.267,82.183,2025122817,2025-12-28 17:00:00,2025,12,28,17,3.96,43.91,0.6,0.71,15.57,0.0,90.0
Karnali_Center,29.267,82.183,2025122818,2025-12-28 18:00:00,2025,12,28,18,2.19,49.15,1.37,1.53,17.73,0.0,90.0
Karnali_Center,29.267,82.183,2025122819,2025-12-28 19:00:00,2025,12,28,19,1.16,50.49,1.9,2.07,16.62,0.0,90.0
Karnali_Center,29.267,82.183,2025122820,2025-12-28 20:00:00,2025,12,28,20,0.35,50.76,2.11,2.3,16.27,0.0,90.0
Karnali_Center,29.267,82.183,2025122821,2025-12-28 21:00:00,2025,12,28,21,-0.2,50.23,2.19,2.37,20.42,0.0,90.0
Karnali_Center,29.267,82.183,2025122822,2025-12-28 22:00:00,2025,12,28,22,-0.28,48.8,2.1,2.27,20.98,0.0,90.0
Karnali_Center,29.267,82.183,2025122823,2025-12-28 23:00:00,2025,12,28,23,-0.58,52.19,2.31,2.51,13.85,0.0,90.0
Karnali_Center,29.267,82.183,2025122900,2025-12-29 00:00:00,2025,12,29,0,-1.35,52.44,2.5,2.7,3.56,0.0,90.0
Karnali_Center,29.267,82.183,2025122901,2025-12-29 01:00:00,2025,12,29,1,-1.7,50.08,2.48,2.62,2.39,0.0,90.0
Karnali_Center,29.267,82.183,2025122902,2025-12-29 02:00:00,2025,12,29,2,-2.08,50.11,2.54,2.65,1.5,0.0,90.0
Karnali_Center,29.267,82.183,2025122903,2025-12-29 03:00:00,2025,12,29,3,-2.37,49.95,2.59,2.67,1.88,0.0,90.0
Karnali_Center,29.267,82.183,2025122904,2025-12-29 04:00:00,2025,12,29,4,-2.6,49.52,2.65,2.7,14.09,0.0,90.0
Karnali_Center,29.267,82.183,2025122905,2025-12-29 05:00:00,2025,12,29,5,-2.88,50.48,2.74,2.77,18.32,0.0,90.0
Karnali_Center,29.267,82.183,2025122906,2025-12-29 06:00:00,2025,12,29,6,-2.81,51.4,2.76,2.81,20.1,15.88,88.38
Karnali_Center,29.267,82.183,2025122907,2025-12-29 07:00:00,2025,12,29,7,0.99,52.66,2.35,2.71,15.83,182.15,78.53
Karnali_Center,29.267,82.183,2025122908,2025-12-29 08:00:00,2025,12,29,8,5.21,28.64,2.66,2.2,26.87,353.6,68.59
Karnali_Center,29.267,82.183,2025122909,2025-12-29 09:00:00,2025,12,29,9,8.82,21.15,0.1,0.18,30.42,503.9,60.45
Karnali_Center,29.267,82.183,2025122910,2025-12-29 10:00:00,2025,12,29,10,10.43,20.43,2.2,2.08,34.36,620.7,54.93
Karnali_Center,29.267,82.183,2025122911,2025-12-29 11:00:00,2025,12,29,11,11.17,20.81,3.19,2.87,39.17,662.72,52.87
Karnali_Center,29.267,82.183,2025122912,2025-12-29 12:00:00,2025,12,29,12,11.35,21.66,3.82,3.4,2.48,566.05,54.67
Karnali_Center,29.267,82.183,2025122913,2025-12-29 13:00:00,2025,12,29,13,10.93,23.49,4.17,3.72,53.57,450.7,59.98
Karnali_Center,29.267,82.183,2025122914,2025-12-29 14:00:00,2025,12,29,14,9.79,26.67,4.0,3.62,46.81,318.77,67.96
Karnali_Center,29.267,82.183,2025122915,2025-12-29 15:00:00,2025,12,29,15,7.76,33.1,2.95,3.01,32.3,175.27,77.81
Karnali_Center,29.267,82.183,2025122916,2025-12-29 16:00:00,2025,12,29,16,3.65,54.05,1.62,2.08,30.08,18.15,87.93
Karnali_Center,29.267,82.183,2025122917,2025-12-29 17:00:00,2025,12,29,17,2.31,51.83,0.99,1.24,21.77,0.0,90.0
Karnali_Center,29.267,82.183,2025122918,2025-12-29 18:00:00,2025,12,29,18,1.14,55.18,1.33,1.52,18.79,0.0,90.0
Karnali_Center,29.267,82.183,2025122919,2025-12-29 19:00:00,2025,12,29,19,0.15,57.24,1.8,2.0,2.35,0.0,90.0
Karnali_Center,29.267,82.183,2025122920,2025-12-29 20:00:00,2025,12,29,20,-0.39,57.05,1.91,2.12,1.78,0.0,90.0
Karnali_Center,29.267,82.183,2025122921,2025-12-29 21:00:00,2025,12,29,21,-0.79,56.34,1.97,2.18,17.93,0.0,90.0
Karnali_Center,29.267,82.183,2025122922,2025-12-29 22:00:00,2025,12,29,22,-1.27,55.67,2.08,2.28,11.21,0.0,90.0
Karnali_Center,29.267,82.183,2025122923,2025-12-29 23:00:00,2025,12,29,23,-1.61,54.87,2.17,2.36,2.35,0.0,90.0
Karnali_Center,29.267,82.183,2025123000,2025-12-30 00:00:00,2025,12,30,0,-1.86,53.81,2.23,2.39,11.29,0.0,90.0
Karnali_Center,29.267,82.183,2025123001,2025-12-30 01:00:00,2025,12,30,1,-2.19,53.49,2.34,2.49,1.69,0.0,90.0
Karnali_Center,29.267,82.183,2025123002,2025-12-30 02:00:00,2025,12,30,2,-2.62,53.77,2.46,2.56,8.83,0.0,90.0
Karnali_Center,29.267,82.183,2025123003,2025-12-30 03:00:00,2025,12,30,3,-3.04,53.97,2.55,2.61,11.8,0.0,90.0
Karnali_Center,29.267,82.183,2025123004,2025-12-30 04:00:00,2025,12,30,4,-3.47,54.45,2.65,2.66,3.48,0.0,90.0
Karnali_Center,29.267,82.183,2025123005,2025-12-30 05:00:00,2025,12,30,5,-3.84,57.76,2.77,2.8,14.16,0.0,90.0
Karnali_Center,29.267,82.183,2025123006,2025-12-30 06:00:00,2025,12,30,6,-4.22,60.76,2.91,2.98,16.39,16.4,88.41
Karnali_Center,29.267,82.183,2025123007,2025-12-30 07:00:00,2025,12,30,7,-0.25,49.38,3.07,3.05,14.15,186.35,78.58
Karnali_Center,29.267,82.183,2025123008,2025-12-30 08:00:00,2025,12,30,8,3.67,32.14,3.51,2.79,25.32,359.67,68.62
Karnali_Center,29.267,82.183,2025123009,2025-12-30 09:00:00,2025,12,30,9,7.93,22.31,1.5,1.52,28.18,521.2,60.45
Karnali_Center,29.267,82.183,2025123010,2025-12-30 10:00:00,2025,12,30,10,9.82,20.0,1.02,0.95,31.04,639.0,54.9
Karnali_Center,29.267,82.183,2025123011,2025-12-30 11:00:00,2025,12,30,11,10.85,19.53,2.74,2.37,43.97,662.58,52.81
Karnali_Center,29.267,82.183,2025123012,2025-12-30 12:00:00,2025,12,30,12,11.23,19.8,3.66,3.18,49.17,608.65,54.58
Karnali_Center,29.267,82.183,2025123013,2025-12-30 13:00:00,2025,12,30,13,11.0,20.87,3.94,3.47,46.77,514.42,59.86
Karnali_Center,29.267,82.183,2025123014,2025-12-30 14:00:00,2025,12,30,14,10.04,23.09,3.66,3.31,41.07,354.12,67.84
Karnali_Center,29.267,82.183,2025123015,2025-12-30 15:00:00,2025,12,30,15,8.0,31.54,2.55,2.71,27.51,190.88,77.68
Karnali_Center,29.267,82.183,2025123016,2025-12-30 16:00:00,2025,12,30,16,4.13,47.53,1.5,1.84,27.62,20.65,87.86
Karnali_Center,29.267,82.183,2025123017,2025-12-30 17:00:00,2025,12,30,17,3.47,41.46,0.59,0.74,21.41,0.0,90.0
Karnali_Center,29.267,82.183,2025123018,2025-12-30 18:00:00,2025,12,30,18,2.29,44.16,0.81,0.91,23.76,0.0,90.0
Karnali_Center,29.267,82.183,2025123019,2025-12-30 19:00:00,2025,12,30,19,0.83,48.17,1.36,1.52,27.42,0.0,90.0
Karnali_Center,29.267,82.183,2025123020,2025-12-30 20:00:00,2025,12,30,20,0.12,48.67,1.77,1.94,24.32,0.0,90.0
Karnali_Center,29.267,82.183,2025123021,2025-12-30 21:00:00,2025,12,30,21,-0.67,49.69,2.03,2.2,25.45,0.0,90.0
Karnali_Center,29.267,82.183,2025123022,2025-12-30 22:00:00,2025,12,30,22,-1.12,48.88,2.14,2.33,26.23,0.0,90.0
Karnali_Center,29.267,82.183,2025123023,2025-12-30 23:00:00,2025,12,30,23,-1.28,46.99,2.19,2.39,25.67,0.0,90.0
Karnali_Center,29.267,82.183,2025123100,2025-12-31 00:00:00,2025,12,31,0,-1.28,44.46,2.21,2.41,2.6,0.0,90.0
Karnali_Center,29.267,82.183,2025123101,2025-12-31 01:00:00,2025,12,31,1,-1.22,41.93,2.24,2.41,2.62,0.0,90.0
Karnali_Center,29.267,82.183,2025123102,2025-12-31 02:00:00,2025,12,31,2,-1.19,40.55,2.23,2.37,12.48,0.0,90.0
Karnali_Center,29.267,82.183,2025123103,2025-12-31 03:00:00,2025,12,31,3,-1.34,40.84,2.26,2.37,36.18,0.0,90.0
Karnali_Center,29.267,82.183,2025123104,2025-12-31 04:00:00,2025,12,31,4,-1.56,40.73,2.33,2.4,29.34,0.0,90.0
Karnali_Center,29.267,82.183,2025123105,2025-12-31 05:00:00,2025,12,31,5,-1.69,40.11,2.34,2.39,35.81,0.0,90.0
Karnali_Center,29.267,82.183,2025123106,2025-12-31 06:00:00,2025,12,31,6,-1.77,41.49,2.38,2.44,36.27,14.5,88.43
Karnali_Center,29.267,82.183,2025123107,2025-12-31 07:00:00,2025,12,31,7,1.16,49.59,2.15,2.5,27.56,176.3,78.62
Karnali_Center,29.267,82.183,2025123108,2025-12-31 08:00:00,2025,12,31,8,5.29,24.88,2.24,1.87,36.85,345.6,68.64
Karnali_Center,29.267,82.183,2025123109,2025-12-31 09:00:00,2025,12,31,9,8.55,21.24,0.5,0.42,39.94,497.88,60.45
Karnali_Center,29.267,82.183,2025123110,2025-12-31 10:00:00,2025,12,31,10,10.07,21.3,2.26,1.87,42.19,604.65,54.87
Karnali_Center,29.267,82.183,2025123111,2025-12-31 11:00:00,2025,12,31,11,10.7,21.82,3.37,2.84,45.93,647.6,52.74
Karnali_Center,29.267,82.183,2025123112,2025-12-31 12:00:00,2025,12,31,12,10.73,22.82,3.87,3.31,57.84,592.95,54.48
Karnali_Center,29.267,82.183,2025123113,2025-12-31 13:00:00,2025,12,31,13,10.23,24.23,3.99,3.46,56.71,475.3,59.75
Karnali_Center,29.267,82.183,2025123114,2025-12-31 14:00:00,2025,12,31,14,9.09,26.85,3.65,3.25,61.23,330.77,67.72
Karnali_Center,29.267,82.183,2025123115,2025-12-31 15:00:00,2025,12,31,15,7.13,33.4,2.66,2.63,61.98,175.73,77.55
Karnali_Center,29.267,82.183,2025123116,2025-12-31 16:00:00,2025,12,31,16,3.52,51.12,1.32,1.65,78.91,15.43,87.78
Karnali_Center,29.267,82.183,2025123117,2025-12-31 17:00:00,2025,12,31,17,2.71,46.91,0.28,0.35,86.88,0.0,90.0
Karnali_Center,29.267,82.183,2025123118,2025-12-31 18:00:00,2025,12,31,18,1.27,51.17,1.06,1.15,80.62,0.0,90.0
Karnali_Center,29.267,82.183,2025123119,2025-12-31 19:00:00,2025,12,31,19,0.21,53.04,1.62,1.75,66.14,0.0,90.0
Karnali_Center,29.267,82.183,2025123120,2025-12-31 20:00:00,2025,12,31,20,-0.38,52.48,1.77,1.92,53.51,0.0,90.0
Karnali_Center,29.267,82.183,2025123121,2025-12-31 21:00:00,2025,12,31,21,-0.98,51.89,1.87,2.0,43.48,0.0,90.0
Karnali_Center,29.267,82.183,2025123122,2025-12-31 22:00:00,2025,12,31,22,-1.51,51.88,1.99,2.12,38.47,0.0,90.0
Karnali_Center,29.267,82.183,2025123123,2025-12-31 23:00:00,2025,12,31,23,-2.07,53.0,2.17,2.33,34.71,0.0,90.0
